id,sales
3000888,4.801566055476599
3000889,0.04343862546461121
3000890,5.542296665930182
3000891,2372.5571019235626
3000892,0.05777404687031578
3000893,421.5642388042456
3000894,12.38279655891325
3000895,827.5170235784675
3000896,893.1082417008213
3000897,155.55140952756796
3000898,157.8515059097581
3000899,156.66273958965758
3000900,3134.598362044223
3000901,22.104687820276595
3000902,1.651150888314907
3000903,28.838491732395138
3000904,30.9886978329321
3000905,0.06795222049905145
3000906,211.05721127121234
3000907,16.367390723777284
3000908,31.614619341790686
3000909,12.951011793178614
3000910,108.6923983815711
3000911,5.607634936790872
3000912,318.9363632660992
3000913,206.0961817367742
3000914,4.015198644671304
3000915,11.049878401619866
3000916,333.6954969876726
3000917,65.15446858136568
3000918,4199.261578279149
3000919,168.16319559300442
3000920,25.201058024091232
3000921,1.086332475989879
3000922,0.006270361323726622
3000923,3.2159029860760264
3000924,1255.8375956071727
3000925,0.005679966483729641
3000926,92.55992072146717
3000927,2.794635065742323
3000928,665.646946326864
3000929,398.55639917883286
3000930,223.17420225071973
3000931,34.571957964247474
3000932,31.20012822552393
3000933,2497.1761559042275
3000934,2.9004867743680256
3000935,0.3151403392849167
3000936,8.878254304073632
3000937,13.321815076665466
3000938,0.11063451365357768
3000939,157.75927025028844
3000940,2.2571933854646193
3000941,79.56258760964106
3000942,6.973379288254786
3000943,19.46927884642758
3000944,0.28207436890576143
3000945,165.30111347946715
3000946,160.5301239391809
3000947,0.5310943160505819
3000948,2.5836224098829437
3000949,133.12627057737436
3000950,22.012142275723974
3000951,337.48251176073614
3000952,39.10214007178633
3000953,1.6763760058634052
3000954,6.361808621891488
3000955,0.222473771314618
3000956,5.611444984179211
3000957,4307.78199359106
3000958,0.021635195704193838
3000959,709.9350295368263
3000960,12.25673783919845
3000961,1796.9996478453954
3000962,686.7077998216502
3000963,494.0763848336104
3000964,221.86655571990875
3000965,76.75088617355581
3000966,7415.358271467079
3000967,21.11929126553888
3000968,0.593260645666378
3000969,26.036911386941366
3000970,20.21093236920856
3000971,0.1272284865893514
3000972,509.37297268471445
3000973,6.505797521539877
3000974,10.012291384609641
3000975,11.060293418295506
3000976,37.556182570298475
3000977,2.032083738521602
3000978,663.412082672474
3000979,425.20263136595054
3000980,2.153748291791579
3000981,14.747155389442957
3000982,410.02769169702106
3000983,105.61491763646704
3000984,1610.8679231414349
3000985,49.64437586807786
3000986,5.8128117295067065
3000987,4.28823408699639
3000988,0.01473653161122738
3000989,2.6860279898198454
3000990,1473.0055673533961
3000991,0.014024215102767369
3000992,184.0361045294048
3000993,7.433843478036147
3000994,757.3183660710623
3000995,462.54616676562864
3000996,190.51014703756275
3000997,48.11334902398969
3000998,32.34350150260438
3000999,2833.3430307471604
3001000,6.277658306825447
3001001,0.29397449795109015
3001002,13.87299834553118
3001003,22.02725261584941
3001004,0.07118238476827153
3001005,166.5839810660401
3001006,5.456950140827384
3001007,97.87530369517408
3001008,11.280503030535183
3001009,35.229838589209756
3001010,1.3375903791253108
3001011,140.31617591269762
3001012,173.53807039795223
3001013,1.1898013801009477
3001014,5.557248207879066
3001015,139.89334553190605
3001016,30.91559692962367
3001017,422.9072217319369
3001018,35.993007896639426
3001019,2.2754112824597796
3001020,3.384940104328585
3001021,0.010661425802212118
3001022,4.048777605850102
3001023,1383.5138973722364
3001024,0.010068454654783416
3001025,107.32216203597855
3001026,4.672648938223882
3001027,623.5638321007767
3001028,318.6638648921307
3001029,149.43095409825673
3001030,41.551083132864925
3001031,26.209240708912088
3001032,2586.799143156266
3001033,7.755590396925166
3001034,0.1412955051379013
3001035,12.163823483211837
3001036,14.54880418340957
3001037,0.04102873052074985
3001038,129.4310767881603
3001039,0.6992274921665792
3001040,78.32062852235104
3001041,4.452309062930993
3001042,40.789175789269166
3001043,0.6956442882262315
3001044,106.39936203232217
3001045,173.8931748396828
3001046,0.4112803617290464
3001047,3.7449985980975753
3001048,63.71987927548005
3001049,17.902114527988687
3001050,278.2000881445438
3001051,39.37367008626183
3001052,0.8432611047640964
3001053,2.734440784221927
3001054,0.010727605105573157
3001055,2.8197451144179047
3001056,1647.2733915116273
3001057,0.009672734811964153
3001058,161.67581010996815
3001059,6.920792670718681
3001060,856.4462492256104
3001061,471.7688817043947
3001062,244.95550993479355
3001063,27.896719808787854
3001064,33.901390789677656
3001065,2832.709646427325
3001066,3.3330281882690076
3001067,0.1658501322157405
3001068,8.909330232357823
3001069,20.629870154821436
3001070,0.10210320531874895
3001071,177.0601811083924
3001072,0.7610288138666014
3001073,99.08836905501717
3001074,6.406628053011838
3001075,22.758439470084248
3001076,1.7899674309259979
3001077,153.86378382954865
3001078,256.91757096731044
3001079,0.8184647663633147
3001080,3.9229744671805165
3001081,72.43170534148996
3001082,77.67574253008529
3001083,475.79006493542477
3001084,26.577783557529273
3001085,3.5253110550601545
3001086,2.973550301378274
3001087,0.5890745560293086
3001088,4.379205007454206
3001089,1707.251905299241
3001090,0.016655649160245114
3001091,146.47451692913336
3001092,3.5447172207414575
3001093,811.9997244445374
3001094,423.3298526942444
3001095,241.82060909578945
3001096,101.40269074290788
3001097,58.56478380423292
3001098,3040.161147226062
3001099,5.492526542661032
3001100,0.7969855656848921
3001101,12.264915681142735
3001102,20.337635035772255
3001103,0.1249286481321217
3001104,214.1426603817974
3001105,5.988423350483064
3001106,107.20812128047815
3001107,9.241821510979962
3001108,27.55265520907003
3001109,1.6048071702572857
3001110,132.98569974393183
3001111,183.96426635720246
3001112,0.7770940573166499
3001113,4.366701408301992
3001114,106.396342278858
3001115,43.92136711957942
3001116,738.8711522479401
3001117,35.66581428474395
3001118,4.005092559758938
3001119,3.537052324900446
3001120,0.14064919827731706
3001121,2.542148939757186
3001122,1242.987146086593
3001123,0.006365558603729594
3001124,143.11800996918618
3001125,3.343023446954836
3001126,681.741837760069
3001127,280.70298924907644
3001128,144.4701737752967
3001129,124.06946915785058
3001130,28.500476570002665
3001131,2135.522970493922
3001132,4.24406093153369
3001133,0.2026886061814774
3001134,11.560999474901948
3001135,17.745896503726666
3001136,0.15441823247300454
3001137,146.6211777112193
3001138,0.006190103001026464
3001139,78.71406090616377
3001140,6.991494157923804
3001141,28.566506868659168
3001142,0.9798235259518077
3001143,51.5038063188981
3001144,127.45211229557016
3001145,0.6822435578897225
3001146,1.9251457044941636
3001147,65.9016754937813
3001148,31.368074361361085
3001149,567.5241962322257
3001150,96.63117015417508
3001151,0.8808917103594681
3001152,6.268019359380402
3001153,0.3527733913078509
3001154,3.4485741889103836
3001155,2480.3479612110327
3001156,0.014865721065400943
3001157,301.5438919133012
3001158,4.842629129356319
3001159,1046.0691572938854
3001160,952.1598562325242
3001161,430.9614562111683
3001162,148.38568097534375
3001163,85.15192193302657
3001164,3998.803956645312
3001165,11.695518038803934
3001166,0.8416098961357633
3001167,23.192930555105377
3001168,27.784209847710983
3001169,0.05323828812306781
3001170,250.66601657516895
3001171,0.05262491066292241
3001172,110.84439776323994
3001173,8.960872166556923
3001174,34.12974392599608
3001175,3.3553639714284236
3001176,235.0060414928957
3001177,238.76293763637656
3001178,1.8820868752182784
3001179,6.371437334335479
3001180,292.5368459638169
3001181,52.30063206423682
3001182,1500.2074220173665
3001183,99.54485918327346
3001184,8.870847650199599
3001185,2.6337452215582546
3001186,0.4264750392025804
3001187,4.317394924729434
3001188,1838.067977414458
3001189,0.01604172533612293
3001190,481.1142399221793
3001191,6.305603978827276
3001192,515.9892151021359
3001193,605.0068021546956
3001194,178.8750839768291
3001195,144.03407114215236
3001196,41.047348506889385
3001197,2521.0363541484944
3001198,9.850314574130932
3001199,0.6150718814738003
3001200,16.837991456741015
3001201,22.033107760663192
3001202,0.03787614839397412
3001203,162.79713506941357
3001204,6.413843657177505
3001205,14.102194151533384
3001206,9.876946093329646
3001207,48.822567431384385
3001208,1.6158828302055437
3001209,73.32951279053006
3001210,143.13772458961674
3001211,2.5762837947940405
3001212,5.304969177815882
3001213,137.8175339639638
3001214,50.8961932811264
3001215,1655.6492359717881
3001216,72.80511404496649
3001217,9.846704799469164
3001218,4.725085119466986
3001219,0.3422212289196085
3001220,3.770208278777386
3001221,2247.7198924206673
3001222,0.01219017315495211
3001223,152.86545188766402
3001224,5.010121885441076
3001225,738.2390503929577
3001226,372.9217147670233
3001227,259.638759439807
3001228,39.22142582913714
3001229,32.37357447245484
3001230,2984.4813954042506
3001231,9.740866700382186
3001232,0.8287430032472857
3001233,12.201029500376997
3001234,17.718144292067578
3001235,0.15907805896225033
3001236,155.71361698943747
3001237,5.619498166220803
3001238,86.54720655905508
3001239,7.518211146346119
3001240,35.1677497404967
3001241,2.33453536339453
3001242,118.61209495543412
3001243,156.00715092647997
3001244,0.9684414048482223
3001245,3.9263383313988514
3001246,81.47496047039066
3001247,20.092807540029085
3001248,455.64581526569583
3001249,38.55153781613908
3001250,3.3697394935059988
3001251,5.495540748951687
3001252,0.03200430965287491
3001253,7.385395093926522
3001254,2651.7145604031384
3001255,0.032047709782519036
3001256,623.9525987065809
3001257,10.13084097893217
3001258,841.6214372392718
3001259,818.8667880619732
3001260,219.7938120943802
3001261,155.4241434394694
3001262,106.96949536143845
3001263,3614.16637552355
3001264,32.12741777676507
3001265,1.1505001193294735
3001266,21.2522950140077
3001267,42.79207340884119
3001268,0.06906330909700199
3001269,242.35290472486545
3001270,17.523393091061006
3001271,25.23519183176323
3001272,10.664955693696797
3001273,80.670310390364
3001274,9.619566144652937
3001275,411.1564369604481
3001276,273.1373761262229
3001277,7.257033621851894
3001278,7.086984875191574
3001279,428.9550121710012
3001280,117.04921071698624
3001281,3428.455875148843
3001282,164.4076068248287
3001283,32.22429442853101
3001284,6.322618809468589
3001285,0.18160629178460078
3001286,4.735026346131201
3001287,3426.0219571916978
3001288,0.007709516326842134
3001289,457.97828162489503
3001290,5.76551188371409
3001291,1088.5673177836763
3001292,765.4112010157882
3001293,526.4093752437317
3001294,66.88803975060367
3001295,62.04072075030165
3001296,5026.0839738971035
3001297,10.503203317757414
3001298,0.4294546472305654
3001299,16.861823527046084
3001300,17.40240647035551
3001301,0.009936549825505837
3001302,271.39525447178215
3001303,0.868416206072786
3001304,13.565827529979938
3001305,8.598992268684754
3001306,44.85291367742355
3001307,1.5632849092595955
3001308,287.1244751749625
3001309,338.2754962150167
3001310,2.7218803596222023
3001311,5.174664697088467
3001312,239.1438630102428
3001313,53.38455220814462
3001314,1030.9240050241647
3001315,97.26375384583272
3001316,9.199149384904409
3001317,7.470841304643864
3001318,0.2632792262076042
3001319,3.763374644245801
3001320,2600.1631194728366
3001321,0.012662596046350488
3001322,413.4200480287532
3001323,5.290357094350019
3001324,1024.554351700667
3001325,669.3466406204828
3001326,279.6557577070936
3001327,232.46919854585295
3001328,74.16102083493243
3001329,3669.6951159415944
3001330,12.641331570193712
3001331,0.4442037221002788
3001332,30.669006395755734
3001333,30.929631843603314
3001334,0.10895382203632775
3001335,260.98425884479275
3001336,2.317410227744407
3001337,10.514604622552072
3001338,12.514484525103297
3001339,79.51303045011753
3001340,1.5651970906954689
3001341,110.84628525795583
3001342,237.56449879380725
3001343,1.6759852800273403
3001344,4.893418646205713
3001345,145.17669399288948
3001346,129.05199626164088
3001347,1416.6148153624983
3001348,74.46739469287026
3001349,3.613592800737447
3001350,3.6334599313156386
3001351,0.12074274689937477
3001352,3.651130031812461
3001353,1739.6731042672284
3001354,0.010622612510114498
3001355,128.84610268055516
3001356,5.302594766651723
3001357,696.9835258906977
3001358,390.3336279623532
3001359,158.6675394598371
3001360,46.654495133011196
3001361,44.8358878479378
3001362,2557.921531308779
3001363,6.005555492755251
3001364,0.5223617168538893
3001365,21.418285063294466
3001366,21.045291238972887
3001367,0.012578011095517818
3001368,167.13275131694235
3001369,0.4979759212546871
3001370,80.4312032506827
3001371,5.945550977958167
3001372,67.45884397775735
3001373,2.387526036841914
3001374,112.84401698855689
3001375,154.49627739285282
3001376,0.8720498194998337
3001377,4.567841151114477
3001378,138.54951571710927
3001379,26.567367034645127
3001380,507.5381309122296
3001381,40.16254162079347
3001382,1.5693914149069679
3001383,1.7317188086814805
3001384,0.012581333723268731
3001385,3.1895227159005777
3001386,1377.778673494176
3001387,0.2166973708954656
3001388,275.6496238317054
3001389,6.96234362375097
3001390,556.1296091900381
3001391,490.9015824556794
3001392,135.46899976914654
3001393,43.456160466829246
3001394,56.830312426427845
3001395,2287.5047429350066
3001396,24.322976611032647
3001397,0.3821179731715266
3001398,12.458733183667551
3001399,17.32189912877457
3001400,0.18239636947755491
3001401,145.7111333817514
3001402,11.967128169331657
3001403,12.197730002540876
3001404,7.955644953734574
3001405,51.08731275999812
3001406,3.7084290366779875
3001407,752.8253472801233
3001408,159.12952815709397
3001409,2.9727786345156773
3001410,4.8832135159065855
3001411,319.43867798028043
3001412,28.80292018806584
3001413,1636.4911731068764
3001414,105.11409170063517
3001415,5.862963571010302
3001416,2.612656838024025
3001417,0.058624365341710824
3001418,5.413719941436392
3001419,3400.853136601922
3001420,0.03407542951208255
3001421,768.0865447208979
3001422,12.513720659821026
3001423,1184.0606201091807
3001424,1404.0660031222985
3001425,301.3694253137005
3001426,245.73010545752285
3001427,171.46792564932636
3001428,4406.390954848028
3001429,34.18939608942642
3001430,0.8520210734223548
3001431,19.40995731448893
3001432,34.870316901158645
3001433,0.036431571259404154
3001434,298.2775196509238
3001435,8.391835354806746
3001436,50.55999383168687
3001437,16.17378980728803
3001438,90.56652521947478
3001439,13.14620536664351
3001440,432.74850235385566
3001441,299.6658277562137
3001442,16.426685708607785
3001443,9.876712538129308
3001444,566.2955008281759
3001445,115.40159794602918
3001446,5767.724833251365
3001447,147.19864378749202
3001448,23.88048348979623
3001449,2.5363561500547016
3001450,0.15230827175652356
3001451,5.142287343115538
3001452,2281.648727188297
3001453,0.09222575424947646
3001454,454.24253971246725
3001455,6.2846520578441085
3001456,496.6467492997485
3001457,670.426444144384
3001458,184.84161341935604
3001459,134.62281912033808
3001460,109.07615951560282
3001461,2297.767986520069
3001462,20.634549576735598
3001463,0.8313667879807368
3001464,23.825466337595422
3001465,20.981026809628204
3001466,0.10085490301203365
3001467,125.36957523958289
3001468,0.0920173713749063
3001469,33.164932573483085
3001470,13.419334939151193
3001471,162.24089086478935
3001472,7.50101637732702
3001473,245.83285222507246
3001474,129.1633745572819
3001475,4.115268275043073
3001476,5.551191452333553
3001477,208.24866469920488
3001478,42.191059845736085
3001479,3120.8183246133035
3001480,19.53345567535773
3001481,4.56328885892144
3001482,3.488910647458871
3001483,0.011777014615794171
3001484,2.3358324286362295
3001485,874.2007938147553
3001486,0.011470568891640692
3001487,224.2175713235784
3001488,4.4705689088523535
3001489,316.6620222800308
3001490,263.1969688558173
3001491,92.94984840815077
3001492,30.991232312733896
3001493,28.197934458811158
3001494,1460.1921130890125
3001495,3.7373832457842666
3001496,0.4097702824279616
3001497,9.845886983908327
3001498,11.899245896322325
3001499,0.1816046346966122
3001500,84.25128262294251
3001501,0.08024650329358453
3001502,16.87634696482994
3001503,8.57654239509602
3001504,28.023988315758995
3001505,0.1429974038651708
3001506,244.88451967744658
3001507,117.17695049519668
3001508,1.804759053203453
3001509,1.1604899905375812
3001510,134.36121862719727
3001511,21.199798057636844
3001512,1060.03453067555
3001513,27.13318689947918
3001514,1.7419496753639203
3001515,5.738671397160803
3001516,0.25625228460209903
3001517,4.182175442695906
3001518,2981.0648822447483
3001519,0.18998764374186788
3001520,653.7260041664434
3001521,12.840578929242584
3001522,940.6244992357897
3001523,1019.1505391022024
3001524,309.9269450763727
3001525,248.24300535629015
3001526,115.9502212387475
3001527,3861.6586353182925
3001528,31.41560283123534
3001529,2.294504681569249
3001530,20.988887336433326
3001531,33.41696657617892
3001532,0.12099776227841762
3001533,237.97059801747452
3001534,5.221073636451885
3001535,47.25018195539771
3001536,15.284336868405996
3001537,135.42556162016032
3001538,4.155905315536638
3001539,287.5384565488367
3001540,255.50960450702976
3001541,10.026360716268853
3001542,9.289420792489443
3001543,392.3836733518536
3001544,82.19465581328228
3001545,4533.623904338648
3001546,19.626780084436195
3001547,18.252898828167744
3001548,4.867040687310037
3001549,0.017614585358337105
3001550,4.038984400476492
3001551,2817.4389931282667
3001552,0.0178942365183818
3001553,553.9211154921857
3001554,13.261684532366202
3001555,870.8253462122501
3001556,882.6681253943214
3001557,309.54962595628916
3001558,203.0388636470527
3001559,58.95823450151854
3001560,4213.8770614801515
3001561,12.794061372458382
3001562,0.47376281397477576
3001563,25.803029873635385
3001564,21.53719384687415
3001565,0.4563723653763208
3001566,230.0459236809616
3001567,0.016265121935072208
3001568,13.16867494790541
3001569,8.392198013364698
3001570,36.94327333306439
3001571,1.0113852230777685
3001572,179.3479141315988
3001573,288.87888293593403
3001574,4.003612326338594
3001575,3.5225465843017965
3001576,169.96960381604453
3001577,71.0706467620277
3001578,1715.2377510587055
3001579,17.052666306296878
3001580,3.186953063161404
3001581,4.316838358338467
3001582,0.31586754181093235
3001583,3.7237540670573877
3001584,2871.2187342549482
3001585,0.00993459175357562
3001586,606.9396396812041
3001587,8.654825448077169
3001588,811.5000878495426
3001589,716.6682761357163
3001590,237.1086813041353
3001591,165.5400861234719
3001592,57.14597858212186
3001593,3587.9022083593304
3001594,13.097050419528056
3001595,0.7101350363087623
3001596,19.867733590766424
3001597,19.402496549668832
3001598,0.010793230996726936
3001599,204.12847450169093
3001600,0.008949318151196739
3001601,13.401277080747361
3001602,8.229661012299038
3001603,67.38521151302696
3001604,1.1152361562144
3001605,108.2749538729316
3001606,205.12547421974162
3001607,2.9829957487090475
3001608,3.6308343141039368
3001609,152.15393869573847
3001610,60.568674316373055
3001611,1250.90271193821
3001612,23.393619141975236
3001613,4.601391573480828
3001614,8.907908983491229
3001615,0.3116762494532552
3001616,16.079748810263602
3001617,7449.987067710541
3001618,0.033305906545157145
3001619,1227.9255158059827
3001620,31.12004643630258
3001621,1891.2294998945772
3001622,2083.742548489738
3001623,347.98409328623404
3001624,464.78999467313736
3001625,309.2281265721364
3001626,7881.024630861529
3001627,84.03880959266085
3001628,2.587295848449323
3001629,56.29694100348083
3001630,54.28944724971172
3001631,0.07586758718315997
3001632,505.9770259191289
3001633,36.56308172451857
3001634,70.68759839802682
3001635,28.66965557985655
3001636,207.26253086630769
3001637,26.036419396309658
3001638,685.0860558770376
3001639,538.2950352106425
3001640,15.499509825058656
3001641,23.998507274233727
3001642,1065.8855593414864
3001643,229.2783798567911
3001644,10365.138903651543
3001645,22.27990920390091
3001646,75.0264659400352
3001647,2.5541256361667872
3001648,0.26051966800081483
3001649,3.066492589832964
3001650,1843.1178359939292
3001651,0.015472717558762897
3001652,171.83991285044058
3001653,4.395827692295873
3001654,627.4113064765648
3001655,387.6285448899676
3001656,133.01087832778913
3001657,108.50984370631728
3001658,45.92746162333771
3001659,2591.0059302952604
3001660,5.287359356681537
3001661,0.27847325147534324
3001662,13.130699169110134
3001663,13.99360502322347
3001664,0.07530844819236963
3001665,169.37950297774887
3001666,0.4460251944328647
3001667,65.99722614614576
3001668,6.592599585720909
3001669,36.981176368960014
3001670,0.6354163909261507
3001671,64.6726202591483
3001672,98.7090704267773
3001673,1.7822487941114
3001674,3.820339195772177
3001675,102.90642303816792
3001676,20.73280580926903
3001677,693.3796957833868
3001678,30.991434966735426
3001679,3.4434325514378283
3001680,6.763346048748913
3001681,0.07365537865510484
3001682,3.1956919411458844
3001683,2999.8984717954622
3001684,0.014856353051642839
3001685,502.8154949729244
3001686,7.414705155155773
3001687,1024.7660057170078
3001688,724.1234914708475
3001689,214.53973156476133
3001690,228.4682532315052
3001691,70.08380596324568
3001692,4473.0015972326055
3001693,10.057790051164773
3001694,0.38478441718246564
3001695,19.16911210904989
3001696,21.261801504318942
3001697,0.030072945255915515
3001698,241.6894830521504
3001699,0.6382819785953161
3001700,13.776995321354052
3001701,11.455509646578687
3001702,23.477514709034672
3001703,1.1108123722148808
3001704,304.7271481660392
3001705,237.33456374137103
3001706,3.405317300660679
3001707,5.1374997350450435
3001708,104.89278114489045
3001709,65.25840327063366
3001710,1435.7655913839483
3001711,22.571806044185195
3001712,4.522066496509992
3001713,1.0572541247100498
3001714,0.007345967061105654
3001715,2.374786884760733
3001716,961.1370402812377
3001717,0.007056802734636586
3001718,120.33471286743756
3001719,2.271525232870547
3001720,575.74899019406
3001721,212.95530256978807
3001722,99.47421724416832
3001723,164.04547698819843
3001724,16.501107631524057
3001725,1591.5396074103735
3001726,1.1305591059616058
3001727,0.22552652117925623
3001728,9.18611757756578
3001729,8.773174552450177
3001730,0.10943972877475926
3001731,86.6444877618464
3001732,0.007294496190232376
3001733,63.04898375617904
3001734,6.68724742131694
3001735,19.81354645013307
3001736,0.21975197154713358
3001737,63.188778437644146
3001738,79.63723012126069
3001739,0.3512778658392934
3001740,0.9313037583242475
3001741,47.61655514404554
3001742,9.992568946602908
3001743,313.38266195723946
3001744,87.95031598997771
3001745,1.3548694512618622
3001746,5.420080349870374
3001747,0.010506520537551689
3001748,2.9506758170946448
3001749,2050.4189927426924
3001750,0.010216448956428172
3001751,206.49836338791744
3001752,6.0357891539836395
3001753,844.7264787585092
3001754,521.3482348247463
3001755,167.2305473456147
3001756,129.33328947091886
3001757,43.14519393839803
3001758,2726.2364393934477
3001759,2.7820129621694494
3001760,0.40455947362770706
3001761,27.608504752351678
3001762,19.463385934167142
3001763,0.1258860774381042
3001764,201.31837838996938
3001765,0.0100237124211904
3001766,61.16296397660628
3001767,13.498043772820097
3001768,38.957567802059195
3001769,0.9865187190891047
3001770,254.40144870693445
3001771,186.19333352103158
3001772,1.4669757211012142
3001773,2.713977192948733
3001774,210.18432446555744
3001775,27.185898668485997
3001776,1444.3422780491048
3001777,84.88460600723275
3001778,0.4452617409765712
3001779,3.0203039005184475
3001780,0.2602786197978109
3001781,3.123163694184438
3001782,2238.919707484907
3001783,0.016489375302929658
3001784,637.1732696324634
3001785,8.696947788870041
3001786,810.1413146627019
3001787,725.1186927208137
3001788,220.21838243087674
3001789,104.08426417661857
3001790,59.68064208436495
3001791,3959.340587141828
3001792,6.712702667934502
3001793,2.418825005276534
3001794,23.548681789545938
3001795,36.33118924797994
3001796,0.0917538642096009
3001797,186.76501811223721
3001798,1.0583886633258413
3001799,13.164424748008797
3001800,8.940589037955982
3001801,32.181903392603715
3001802,2.3084994945721102
3001803,171.23418892931218
3001804,258.36723161825006
3001805,2.7590308932153795
3001806,5.092206120400934
3001807,151.20162046429436
3001808,25.831927156815325
3001809,770.065128183334
3001810,25.056073241172705
3001811,2.460036965324205
3001812,3.1677548737748147
3001813,0.003377305610636951
3001814,2.0918808325593385
3001815,1325.465730610196
3001816,0.0030892805107621633
3001817,105.21265046835522
3001818,1.6569820690864823
3001819,442.1376067130479
3001820,232.1202253204031
3001821,91.99835269978608
3001822,126.83293916988896
3001823,42.54736177170195
3001824,1853.1525188612213
3001825,4.306899533006481
3001826,0.3301418692926323
3001827,10.214058726191118
3001828,8.077230125956316
3001829,0.16432300679830358
3001830,86.9861193699847
3001831,0.003326037520603372
3001832,55.19159372345357
3001833,9.856014967644601
3001834,33.56552415440162
3001835,0.5077960055852838
3001836,162.67336668813957
3001837,87.37569100546114
3001838,0.7454360469763476
3001839,0.9056312247884523
3001840,38.53535140200869
3001841,17.46515480173985
3001842,478.7097948461353
3001843,21.071358896362295
3001844,0.5488998868627539
3001845,3.4679971233348676
3001846,0.00832409369520277
3001847,2.3167504670653027
3001848,3197.477143108875
3001849,0.008601191730706635
3001850,460.5573317888149
3001851,6.943844600629293
3001852,741.1295060939844
3001853,590.4213221227208
3001854,184.50660795279276
3001855,95.22540498354995
3001856,74.51147023621768
3001857,3373.7330924510998
3001858,4.656753130142752
3001859,0.32323764445526343
3001860,20.866941434267748
3001861,12.26803338688682
3001862,0.05055915018243765
3001863,178.91751527045744
3001864,0.007617218968852168
3001865,28.64486355243516
3001866,7.008319006139323
3001867,53.77997835748328
3001868,1.0804249367699112
3001869,198.46828268330881
3001870,192.47379337024375
3001871,2.673186305716985
3001872,2.2033921325136094
3001873,101.05168037066333
3001874,44.87947579654283
3001875,1401.1812111685433
3001876,15.349411786043651
3001877,0.6717374890383895
3001878,3.6869597511564183
3001879,0.04965016978253785
3001880,8.492948336169345
3001881,2869.927135365448
3001882,0.05009883897039746
3001883,566.7788197155742
3001884,7.248013574823463
3001885,973.4818023556743
3001886,952.723568156051
3001887,170.83789692435386
3001888,131.69451416642184
3001889,126.23857744839772
3001890,4036.2264994677994
3001891,50.05553181588499
3001892,1.524219637043115
3001893,34.25831221927742
3001894,35.28567294286762
3001895,0.0848760880647785
3001896,271.59209619661283
3001897,21.748754354319765
3001898,33.415420843804924
3001899,9.57987822920517
3001900,116.4068766919377
3001901,9.917037222830604
3001902,239.02464126758701
3001903,293.66966773607146
3001904,13.531803094278283
3001905,16.832415256276374
3001906,278.1725294715889
3001907,82.31402459256826
3001908,3995.923997285393
3001909,151.92981574346035
3001910,12.90677463292753
3001911,4.848747824943248
3001912,0.007397706843822608
3001913,7.0173488432704705
3001914,2257.956704260107
3001915,0.007970415826254284
3001916,468.437067892662
3001917,10.077312691805277
3001918,935.9832596759546
3001919,806.1068084070863
3001920,138.30999276286138
3001921,87.70475380705221
3001922,131.62197153606076
3001923,3627.136642688074
3001924,29.0098068912913
3001925,0.7329338057901902
3001926,40.99515034434316
3001927,27.211138178065298
3001928,0.012307274452225675
3001929,303.9119199985528
3001930,19.642032158626968
3001931,23.241048077142153
3001932,12.601374002812388
3001933,95.09993323028452
3001934,10.822118251336574
3001935,163.06014785995336
3001936,388.61364495720693
3001937,7.492332990498649
3001938,10.519640635902697
3001939,128.10907536652297
3001940,71.093843030528
3001941,3198.955001339637
3001942,52.20457156829822
3001943,13.318010826848433
3001944,6.8126410692783725
3001945,0.22871031167564113
3001946,4.190462148576695
3001947,3119.8939851998935
3001948,0.030440340236984234
3001949,643.1930469882188
3001950,5.581131124615561
3001951,1162.7190741567254
3001952,638.3681452821028
3001953,201.08623900969226
3001954,236.84482737138038
3001955,56.02504236839631
3001956,5096.484972774608
3001957,26.680177522864568
3001958,1.2838313392393668
3001959,24.16134789642644
3001960,20.006531949333326
3001961,0.12785571269917329
3001962,297.96826438120326
3001963,3.8437148089845987
3001964,19.73197055775965
3001965,10.61154465492654
3001966,51.676822253961255
3001967,4.284088696945704
3001968,146.8976021682572
3001969,281.71961375949803
3001970,5.893201245584813
3001971,7.077883152233057
3001972,184.70877327951447
3001973,51.79985083316517
3001974,1884.2188744383368
3001975,34.291280126358984
3001976,11.735158119209526
3001977,3.3615175154321593
3001978,0.14811834045336528
3001979,5.622778301488693
3001980,2159.7472181361377
3001981,0.026573871991465166
3001982,348.3210099706835
3001983,5.746229951525349
3001984,747.4127524346727
3001985,685.7693712598272
3001986,176.0624005687776
3001987,120.69263659130603
3001988,79.55838449514013
3001989,2936.5800143718043
3001990,23.903543794816287
3001991,1.0726352367124758
3001992,15.839080969378621
3001993,13.906251935994582
3001994,0.1941805613903874
3001995,198.81944545683
3001996,15.9636638800904
3001997,31.06141952172999
3001998,7.749894250308264
3001999,73.12699742086856
3002000,6.154823827823508
3002001,313.5554441351849
3002002,235.27909996870204
3002003,5.077230569350955
3002004,7.470039486697954
3002005,332.1469519921789
3002006,52.89389295809769
3002007,3112.418886904588
3002008,27.395936802056838
3002009,20.832069933329908
3002010,2.6762753869640137
3002011,0.03927841179403577
3002012,3.3724961567066
3002013,4614.201777063522
3002014,0.009343287818816692
3002015,444.26482271371214
3002016,7.663554744142895
3002017,1515.6180018638793
3002018,878.1605109709326
3002019,269.0220944471412
3002020,170.9791353680777
3002021,51.719236706545075
3002022,5572.673762466292
3002023,9.045039621235793
3002024,1.8542994833162194
3002025,25.219570038213284
3002026,26.76049445100037
3002027,0.1029612642766866
3002028,357.35556965036153
3002029,0.010291719168107814
3002030,13.654933854804005
3002031,12.186828078333571
3002032,31.152348523018293
3002033,1.8446250364025947
3002034,140.68198882889436
3002035,291.83789110274716
3002036,2.9010936075154587
3002037,7.633687323773813
3002038,153.77539082179965
3002039,56.282277171979246
3002040,1373.6118673983124
3002041,125.56117469729354
3002042,4.540439004033832
3002043,6.347654001534941
3002044,0.02788102427803518
3002045,9.084527987356134
3002046,2385.080339994277
3002047,0.023579561344470538
3002048,487.95556549932417
3002049,9.227265984664736
3002050,1007.4787469568748
3002051,758.8008733223124
3002052,221.97219455224518
3002053,128.81294996678082
3002054,114.35641303650694
3002055,3938.28644489679
3002056,29.15630115169623
3002057,1.0356042353586221
3002058,26.63219218103723
3002059,36.43089855427783
3002060,0.04786792532675406
3002061,257.3635729227713
3002062,16.373376910420344
3002063,23.623309348438248
3002064,12.748960137928387
3002065,70.12690888539372
3002066,11.220676522173461
3002067,223.13969337960003
3002068,333.5887328311537
3002069,14.451871770550154
3002070,8.394809595674257
3002071,196.64400276751064
3002072,72.82223642815164
3002073,3039.4856168843394
3002074,17.990139208031422
3002075,6.52288281460457
3002076,3.2333593100613096
3002077,0.0426267372582943
3002078,6.33677012482613
3002079,2241.279311693711
3002080,0.04368007546275569
3002081,455.9713487907832
3002082,8.137120245705509
3002083,733.8299323690181
3002084,810.196391000224
3002085,161.8110959500038
3002086,123.25236470228725
3002087,107.11050588467461
3002088,3064.025467365684
3002089,29.870384121638413
3002090,0.9955402403679067
3002091,27.238745067272372
3002092,32.85823106649972
3002093,0.056932409731734274
3002094,211.81309803155136
3002095,11.192558576372226
3002096,44.536022246706004
3002097,9.659558655525734
3002098,69.42990643511926
3002099,9.517321564610631
3002100,236.01285687913287
3002101,246.29687415950698
3002102,9.355763460122754
3002103,8.555726583584939
3002104,223.08682438735335
3002105,51.69036135843648
3002106,3430.1743927489547
3002107,23.16043728934493
3002108,12.288325548152113
3002109,4.912720210352272
3002110,0.05671121823360154
3002111,4.704070389436257
3002112,4408.394286981376
3002113,0.0037381624873441734
3002114,543.5269361829604
3002115,12.26695247803216
3002116,1069.505895033384
3002117,752.308268271324
3002118,278.6945765339713
3002119,197.7102946938838
3002120,55.70291368536466
3002121,4471.842345526314
3002122,11.094587079558512
3002123,0.19596565124272264
3002124,17.349981167254217
3002125,25.401206974484815
3002126,0.14130287273778075
3002127,243.22906050491042
3002128,0.0037665289232600113
3002129,14.726780618177479
3002130,6.740472513507245
3002131,58.42296676207645
3002132,2.404112193387582
3002133,202.10707300931173
3002134,272.9335069937545
3002135,2.8914409046188037
3002136,1.5797894108964021
3002137,235.20359217678933
3002138,109.0042103425626
3002139,1468.9429308166114
3002140,20.368783979558373
3002141,0.5894138516660343
3002142,13.861010956949011
3002143,0.023978807132633062
3002144,14.875092961105734
3002145,9217.420272946993
3002146,0.021107327413413736
3002147,1528.4338695048773
3002148,26.693514303223832
3002149,2286.316211088187
3002150,2457.3587207690825
3002151,514.3733654790617
3002152,558.7081328871675
3002153,383.2565433045054
3002154,10080.537562986747
3002155,95.78934255810529
3002156,3.4286123737172067
3002157,114.99873613241827
3002158,131.97426001534694
3002159,0.1089889014036429
3002160,641.9027786498021
3002161,31.11603415940172
3002162,35.70530040906883
3002163,58.15999213217122
3002164,301.5306047962143
3002165,23.701225055712566
3002166,795.6216813880059
3002167,555.5352945402873
3002168,34.678488105527386
3002169,34.02439270205538
3002170,1109.4384238605924
3002171,320.30162458389077
3002172,13783.612388247555
3002173,509.4196871612443
3002174,83.6433607071255
3002175,13.887320537842895
3002176,0.023165348334420695
3002177,13.772629628464495
3002178,8716.72744307222
3002179,0.031411034477295964
3002180,1190.6689144777315
3002181,24.70272335014044
3002182,2384.745593350012
3002183,2135.204942273581
3002184,653.7977314665637
3002185,347.35426418640554
3002186,294.2520287961006
3002187,10756.561281213115
3002188,116.8438724352198
3002189,1.4251513386493426
3002190,70.7245158132681
3002191,82.09245276036805
3002192,0.6577684223222191
3002193,617.5915841976017
3002194,27.543393892915795
3002195,42.527278874882384
3002196,13.83099461019094
3002197,227.20526393859666
3002198,18.633159516706563
3002199,975.7726182197165
3002200,752.7198288449628
3002201,21.97329247264598
3002202,27.939565230894065
3002203,1145.6123199257095
3002204,251.20258587727534
3002205,9324.848743297023
3002206,696.0697655521492
3002207,72.87835870116147
3002208,10.593219920730194
3002209,0.010651346268614435
3002210,18.29615368117288
3002211,4750.642689096233
3002212,0.14983429794041314
3002213,827.520238050839
3002214,12.601439558549293
3002215,1869.426244069849
3002216,1320.6645299982506
3002217,676.9533663732888
3002218,115.51547356561544
3002219,211.69355900835058
3002220,8013.948421571662
3002221,37.5676122293873
3002222,2.4423196829650866
3002223,46.03034220701336
3002224,29.58734511348218
3002225,0.45677671462933234
3002226,524.8836541316183
3002227,26.668931645233062
3002228,34.27896170820773
3002229,14.774344784790847
3002230,113.35439111280215
3002231,10.385463431786953
3002232,899.2849185579535
3002233,656.3655195252231
3002234,19.065609371735434
3002235,39.12941636223261
3002236,605.2217067658108
3002237,122.66186642196838
3002238,3563.707435499054
3002239,367.71094838748354
3002240,39.46679114562418
3002241,13.93770441637862
3002242,0.016728754794022627
3002243,20.992824436108297
3002244,7683.242255434371
3002245,0.024922568450940586
3002246,1104.5372759590452
3002247,19.383819483415806
3002248,2092.4889879670313
3002249,2024.08910984804
3002250,582.116475426274
3002251,309.70684926582754
3002252,237.66076359394924
3002253,10002.56447972034
3002254,41.991129044149645
3002255,1.1778374066390844
3002256,82.29458591745096
3002257,68.71680943353888
3002258,0.7008026352992183
3002259,545.1489162366369
3002260,27.321605972423512
3002261,37.100880198997174
3002262,25.74975029639868
3002263,208.5689648723454
3002264,14.156863137909848
3002265,767.1542086643747
3002266,663.1117762715924
3002267,20.01704671223321
3002268,25.958186556708803
3002269,930.1945525671573
3002270,212.0470362851249
3002271,7717.50404444971
3002272,526.2017245383422
3002273,62.13846998422778
3002274,9.44687646666707
3002275,0.0029726572815991074
3002276,17.997909436826433
3002277,3665.962260254914
3002278,0.0047064078144960966
3002279,692.7627743271036
3002280,16.571708663876805
3002281,1666.7852489841398
3002282,1034.3646256312054
3002283,536.8019568295113
3002284,94.01121561743518
3002285,149.24202393515864
3002286,6565.636085798084
3002287,32.433182394110744
3002288,0.2922871793120706
3002289,31.513713735568995
3002290,30.78498595838946
3002291,0.12008296987759805
3002292,484.51737732812103
3002293,25.754169593392557
3002294,19.7036069971737
3002295,7.855458182897955
3002296,103.82841979816777
3002297,5.30126326198728
3002298,656.3984568817862
3002299,745.2950742243668
3002300,14.331834961506635
3002301,22.46062027477401
3002302,630.6120778469508
3002303,79.52889577157201
3002304,2414.7825759502266
3002305,415.83469639902955
3002306,18.702372241020203
3002307,10.263626833900902
3002308,0.04869339761227602
3002309,14.193909970427258
3002310,6282.2366853361655
3002311,0.05050618156381834
3002312,1201.7666374604687
3002313,24.37115675992827
3002314,1888.2020239173514
3002315,2186.326331021647
3002316,421.77663549241765
3002317,451.73581712718544
3002318,314.28505948161444
3002319,7969.4690836435175
3002320,73.49982280883202
3002321,1.198491001390029
3002322,50.787460772336644
3002323,57.2408186125238
3002324,0.4296194960423759
3002325,450.22389110410097
3002326,13.093356255186489
3002327,39.1398663952331
3002328,14.467888357024806
3002329,224.23402025730886
3002330,18.17313210618631
3002331,701.6655199166165
3002332,539.8205199963396
3002333,17.536913649055393
3002334,30.998989230321406
3002335,888.5123479566179
3002336,226.04255055625745
3002337,10364.501046474059
3002338,321.52307478143797
3002339,75.4694711115223
3002340,5.296614374292737
3002341,0.24648141300301868
3002342,7.308539599871413
3002343,1883.3504709466436
3002344,0.03392409241955844
3002345,347.2619755284858
3002346,21.306804634739105
3002347,822.9633501109987
3002348,574.1285923730583
3002349,236.49259114608228
3002350,82.42003365994165
3002351,78.72838050987507
3002352,3078.758181287534
3002353,24.336863584605418
3002354,0.8839248990198707
3002355,28.411940222810266
3002356,24.306124713301458
3002357,0.07060018203784706
3002358,204.7424574822425
3002359,9.873324268562065
3002360,16.416408979780385
3002361,14.307588605285149
3002362,59.23622408286432
3002363,8.056077910890973
3002364,231.49515552386256
3002365,256.15427770107885
3002366,2.638838559527602
3002367,6.479377494733468
3002368,227.11906741105207
3002369,57.421220142918536
3002370,2184.320986048888
3002371,26.21113763354805
3002372,9.425139461214016
3002373,9.115737935240183
3002374,0.029938676753092835
3002375,14.249559225943402
3002376,3938.2746495328915
3002377,0.03872022151478132
3002378,564.0805166682237
3002379,30.03000246354329
3002380,1513.973474880477
3002381,1067.395591795694
3002382,443.699369171303
3002383,99.05932538890087
3002384,143.50582686780294
3002385,6248.297821365546
3002386,71.4187436076636
3002387,1.2770009185150715
3002388,54.40231423080145
3002389,40.98583780697634
3002390,0.11424515013631478
3002391,368.2556869346819
3002392,12.382691452037601
3002393,16.532782642132933
3002394,10.473247286877523
3002395,135.33403932654645
3002396,9.558292881854479
3002397,554.2166763364198
3002398,500.90644389281596
3002399,11.75853093022212
3002400,21.97789881127025
3002401,382.46731566391026
3002402,83.32976700706841
3002403,2685.4961819051055
3002404,455.33542527086513
3002405,16.829245609722744
3002406,6.7002758728184055
3002407,0.032286254879769834
3002408,5.9445544068433245
3002409,4595.847296435095
3002410,0.03265769721762153
3002411,939.9179412869239
3002412,9.66030154849461
3002413,1558.6786135628583
3002414,1819.8764679087808
3002415,270.5032800388669
3002416,368.228085069485
3002417,256.02252144635975
3002418,5656.394669145938
3002419,52.17813825454634
3002420,1.4408784736513425
3002421,33.792481254559014
3002422,46.913038546600134
3002423,0.1603998927017997
3002424,341.2195042816964
3002425,1.949505032400251
3002426,60.0877451598694
3002427,10.764628259931543
3002428,151.07698883925292
3002429,11.020944543424967
3002430,627.1837195090189
3002431,337.8971794382572
3002432,20.162134314157747
3002433,10.072886711337558
3002434,734.0786563699016
3002435,139.0291759567556
3002436,8575.04909587679
3002437,21.23984725701765
3002438,45.3207139402266
3002439,8.56170037559511
3002440,0.011619321714235735
3002441,8.492623920500343
3002442,4361.857514172595
3002443,0.022225416197819127
3002444,878.1748411600173
3002445,12.564922499490594
3002446,1705.1750517915116
3002447,1274.9237565489789
3002448,357.5787008371953
3002449,232.58436542707423
3002450,309.5709794084354
3002451,6033.305567511611
3002452,40.800620442369684
3002453,2.625691026485781
3002454,49.26857290037033
3002455,48.13263341406954
3002456,0.2430227465705126
3002457,342.12586582222065
3002458,6.535680986551971
3002459,61.75807322767168
3002460,11.525752881079827
3002461,249.34421700051593
3002462,9.725780288348673
3002463,455.08708536849764
3002464,362.26838779127974
3002465,13.130178273481286
3002466,26.322948938672756
3002467,466.40738172578085
3002468,135.65607043901275
3002469,7417.075125298793
3002470,26.721706886739266
3002471,6.948227762642681
3002472,6.932960039003835
3002473,0.006419455648696336
3002474,4.660688524094194
3002475,2048.2861304161593
3002476,0.0
3002477,472.8304243607974
3002478,6.503726814115499
3002479,957.4085123263553
3002480,550.0053571418221
3002481,226.21508958426517
3002482,89.08690836293957
3002483,103.59171948057248
3002484,3073.7393488000253
3002485,12.903061245775817
3002486,1.2779906872820546
3002487,25.414258800615535
3002488,24.518510316685717
3002489,0.0637557749627441
3002490,213.8223791805966
3002491,5.427108735925489
3002492,21.934547327627563
3002493,12.442960459150502
3002494,69.43465156672305
3002495,3.6076250109134977
3002496,254.41222126313673
3002497,233.6236697538693
3002498,4.319640510409576
3002499,5.309662885729324
3002500,162.87596253753415
3002501,82.41701124252528
3002502,2945.186207403798
3002503,28.6716301631758
3002504,3.3588349087563683
3002505,5.399257416371516
3002506,0.0040244459620511815
3002507,3.330479482506136
3002508,2575.7120013156705
3002509,0.0037362350968981653
3002510,206.452611531381
3002511,3.2940409328404754
3002512,879.235828551741
3002513,264.1557180141161
3002514,185.8623554185848
3002515,48.5734370061634
3002516,26.054213849339085
3002517,2842.4718767134823
3002518,9.05062704251526
3002519,0.5864553815977123
3002520,16.36506900311479
3002521,13.97666676640879
3002522,0.11066413826547161
3002523,178.57123821659707
3002524,0.0035447349045928146
3002525,59.12072338263531
3002526,7.129877794190458
3002527,36.67189516405522
3002528,0.7957836193818052
3002529,49.53942579611507
3002530,166.07880445193675
3002531,0.06354229246231831
3002532,1.3887675541050735
3002533,47.45653644960724
3002534,78.30846577390466
3002535,707.9962832728297
3002536,82.56707168054089
3002537,1.516883255063735
3002538,5.5641054286808735
3002539,0.03696925321763681
3002540,6.786924363789638
3002541,3066.439132100013
3002542,0.023776827507468894
3002543,533.7050169712841
3002544,10.068612496328958
3002545,1175.852964311872
3002546,941.4879519797537
3002547,338.0121051296325
3002548,168.93265491929816
3002549,131.4570792638735
3002550,4580.425821044958
3002551,30.137966787970242
3002552,0.9088001675438628
3002553,25.17608704690141
3002554,42.32703806020768
3002555,0.025153399159468674
3002556,277.75118190790687
3002557,18.05606193087267
3002558,25.576246250974517
3002559,14.237450012002048
3002560,82.8838409525559
3002561,6.634903139767985
3002562,425.7757314125104
3002563,337.01612237302135
3002564,8.578897600705817
3002565,14.562878730125217
3002566,462.5463591364198
3002567,92.13249790362012
3002568,3735.0625608462906
3002569,163.87826855778684
3002570,35.303163517372596
3002571,4.705378260841358
3002572,0.06971618524988507
3002573,7.19849486989418
3002574,4105.0345372321535
3002575,0.17732034719255182
3002576,683.2997217554502
3002577,15.28336761365236
3002578,1185.949043462373
3002579,1473.4452720897843
3002580,215.7235706603542
3002581,294.8266015397576
3002582,217.77022926855068
3002583,4232.723264627108
3002584,45.58574746491188
3002585,2.6619544669324884
3002586,34.29612602101051
3002587,49.97089816694453
3002588,0.7437448958294114
3002589,289.05207492217085
3002590,13.829828546673156
3002591,51.43862959301076
3002592,15.547208824500206
3002593,161.6067687413598
3002594,15.273321672082707
3002595,481.37061684254667
3002596,299.02311927138607
3002597,7.053238188215564
3002598,14.193379599796037
3002599,670.5513713153139
3002600,145.320003284211
3002601,7340.9404044086095
3002602,22.038255191887966
3002603,48.747354002361405
3002604,4.387093829679953
3002605,0.5805600487978001
3002606,10.561550386170198
3002607,4382.249962079463
3002608,0.03898027180966164
3002609,820.8872610049988
3002610,17.66985366011036
3002611,1299.1678140625706
3002612,1472.627912543332
3002613,282.62036504990397
3002614,308.4940543924923
3002615,166.65273333786104
3002616,5070.806082435748
3002617,38.939957567415426
3002618,3.175371994639975
3002619,37.997848798098126
3002620,66.1403315473531
3002621,0.03797001607189097
3002622,351.7052219102315
3002623,26.61658122550226
3002624,48.15691932954189
3002625,23.63195717997312
3002626,134.24543968032964
3002627,17.866456198127892
3002628,407.31695586225396
3002629,333.2317311424256
3002630,16.70137996283882
3002631,19.113316567155444
3002632,545.5035785298735
3002633,159.38994878693467
3002634,6745.2437726097105
3002635,28.383747654719713
3002636,35.05526649874077
3002637,10.399338862185157
3002638,0.23770705410918458
3002639,7.873288530449909
3002640,3021.3371519302486
3002641,0.01793513651718488
3002642,433.5279059225313
3002643,11.776672924848274
3002644,1374.9286443842839
3002645,778.6517790871018
3002646,467.40065608860795
3002647,170.5326575241046
3002648,93.22880959406065
3002649,5966.199136531075
3002650,7.47372013052925
3002651,0.9368511887098611
3002652,41.68681804820432
3002653,43.278057944494286
3002654,0.02041974288662636
3002655,362.0069625563738
3002656,5.845272015621305
3002657,11.300329133546184
3002658,10.278669976876131
3002659,51.62676717977109
3002660,4.1898363221693184
3002661,313.43550802756886
3002662,416.1812789973579
3002663,5.724256669299696
3002664,6.381427040867594
3002665,325.710736611952
3002666,91.66700430841033
3002667,1662.6710658450907
3002668,167.64049534066095
3002669,14.847022232739418
3002670,4.357126594331747
3002671,0.30376951261332996
3002672,4.054639227910884
3002673,2103.735218717941
3002674,0.32842568291831553
3002675,361.15511482678437
3002676,14.288271360416017
3002677,679.0513419533511
3002678,691.0045037622632
3002679,131.8341033695149
3002680,135.7812656792804
3002681,138.3836235347251
3002682,2568.720080881922
3002683,20.638760117047106
3002684,1.6262734660898628
3002685,24.030396915326723
3002686,28.204251845746995
3002687,0.4479014941760485
3002688,185.12752725322486
3002689,12.995889873808213
3002690,18.995153034879966
3002691,5.688273381433373
3002692,113.18666450614276
3002693,6.075879505128106
3002694,272.32985066033837
3002695,172.08351218797867
3002696,3.6493575632595423
3002697,8.14917636552102
3002698,292.20199385844205
3002699,72.82857887060729
3002700,2238.568569214811
3002701,33.611519276666996
3002702,22.44711583417144
3002703,1.1498431009729337
3002704,0.1486552725597127
3002705,2.3237833409134807
3002706,1311.376690789447
3002707,0.1347006058617266
3002708,79.28676832080902
3002709,3.418500380435739
3002710,658.5383025320574
3002711,234.07885929471547
3002712,194.4620784632678
3002713,25.84216588307722
3002714,28.339856682586074
3002715,2342.0505331649974
3002716,3.839756498135956
3002717,0.2734297214804295
3002718,7.080471581973726
3002719,6.576519752997239
3002720,0.1377205371538375
3002721,132.43981227139878
3002722,2.6867917711569045
3002723,10.15421373585875
3002724,1.4029674357950117
3002725,11.731229197174896
3002726,0.3324830138830897
3002727,235.5537226694011
3002728,144.61624924659898
3002729,0.5812610433857818
3002730,2.448379177303417
3002731,114.89974740782972
3002732,23.8046300317101
3002733,207.11904425914062
3002734,4.743326052675129
3002735,1.1593151131650248
3002736,6.118364119367766
3002737,0.22909605870844751
3002738,4.399541517092039
3002739,4127.949326776932
3002740,0.20050167170378405
3002741,776.6749669942664
3002742,12.373582319047973
3002743,1572.8631494614415
3002744,576.2912980830253
3002745,434.2407300851727
3002746,193.08472668087484
3002747,66.23978489692618
3002748,6747.832136334263
3002749,23.07362368239019
3002750,0.6039637020807822
3002751,23.253420200247074
3002752,17.509567075926388
3002753,0.23673240484800204
3002754,434.0049824256627
3002755,6.8098009352043185
3002756,2.837454922476851
3002757,7.979127358827498
3002758,35.448062149651
3002759,1.7155768459467848
3002760,815.5680448214993
3002761,328.0699138173387
3002762,2.163334688760942
3002763,13.68883703725202
3002764,332.60257213575005
3002765,108.75415626402796
3002766,1291.798574550777
3002767,21.753109320166264
3002768,5.284464791889102
3002769,4.533867771324664
3002770,0.16913487174565134
3002771,0.9054791342803817
3002772,1419.8567577455703
3002773,0.15510632106479938
3002774,157.16985886498597
3002775,10.067854575426631
3002776,728.0164679113999
3002777,362.2376028220622
3002778,185.93047832062823
3002779,63.15065753051482
3002780,34.200842789819546
3002781,2609.1640164121677
3002782,6.535933529157927
3002783,0.33424279084806
3002784,11.305193590821988
3002785,18.783745740188515
3002786,0.17717413358867004
3002787,153.81596424561357
3002788,5.243453394761325
3002789,15.676975589773141
3002790,8.520316873406678
3002791,35.304424437276516
3002792,1.392342802737792
3002793,208.0274498744083
3002794,156.77167151407397
3002795,1.2503984709114724
3002796,6.094806857587637
3002797,153.46105280693416
3002798,32.8573202113698
3002799,345.6597671039054
3002800,6.823156942354669
3002801,2.0110587667512996
3002802,3.3262462968330078
3002803,0.14246827451831967
3002804,2.4908149092336327
3002805,1290.1760786831833
3002806,0.13022209861148465
3002807,99.46655886343768
3002808,6.356395785956162
3002809,638.7187362978635
3002810,218.3555410461176
3002811,115.83942124189808
3002812,34.77913971889525
3002813,26.2859774118435
3002814,2443.202004242353
3002815,6.689812030043782
3002816,0.1810264410345514
3002817,11.580579247142435
3002818,7.139178722135219
3002819,0.13690471691542336
3002820,120.08517575453864
3002821,0.9150993377779567
3002822,9.514684957202219
3002823,2.058627704959251
3002824,29.717651645066216
3002825,0.6792202746224185
3002826,184.64621412688888
3002827,157.07279956914968
3002828,0.3757158064156786
3002829,3.8114394944593086
3002830,83.01839354636616
3002831,18.68717647229282
3002832,179.48019815841087
3002833,6.249053649319105
3002834,0.9066484479662564
3002835,2.6956255014640536
3002836,0.1564267028420545
3002837,2.3328031643914797
3002838,1508.0493003626766
3002839,0.14409392065514598
3002840,156.74350016013332
3002841,8.270183983054444
3002842,834.5988075935041
3002843,349.83878366903804
3002844,220.76317534581128
3002845,27.920866691480484
3002846,36.2704909838121
3002847,2755.1355419489723
3002848,4.093173334727608
3002849,0.26390780903834027
3002850,7.711358264645089
3002851,18.154690944076123
3002852,0.16359946876502118
3002853,184.04202299836606
3002854,0.7361958904158387
3002855,18.644706802208727
3002856,2.749223486281155
3002857,15.121315067124659
3002858,1.8754789404267413
3002859,311.2377342615897
3002860,218.85414324417374
3002861,0.8819494341459837
3002862,4.392287342722947
3002863,72.10510614917662
3002864,96.46297982567515
3002865,356.5762142906531
3002866,9.044078786361347
3002867,3.706013782907624
3002868,2.6215754975283705
3002869,0.5164882429113969
3002870,3.446113225582213
3002871,1674.0931015072958
3002872,0.16698757764476158
3002873,171.36360662138878
3002874,3.5360350812700196
3002875,855.2269971660711
3002876,341.07448249540585
3002877,254.03519525289522
3002878,93.46352053630987
3002879,66.16337553080719
3002880,2899.288718969972
3002881,5.787288418771986
3002882,1.717552568932538
3002883,10.790392690193764
3002884,15.435643092247169
3002885,0.20171839569178382
3002886,206.94775800100828
3002887,6.200774461551376
3002888,21.204709474958516
3002889,3.4764170764048723
3002890,22.75915673603973
3002891,1.4639395296800306
3002892,175.40621660538466
3002893,177.97842867337104
3002894,0.7388357512463367
3002895,4.385246822496541
3002896,122.0047910426581
3002897,42.781631394964
3002898,593.8501393049287
3002899,15.653884302470503
3002900,3.9644555973488727
3002901,2.98536478675175
3002902,0.1869831928213741
3002903,0.769863825199279
3002904,1185.0224236241502
3002905,0.1268924567485126
3002906,115.69592916447921
3002907,3.8874312705615472
3002908,662.5142190641407
3002909,194.36963526304388
3002910,117.93150889953817
3002911,107.66032023051379
3002912,25.151705744662795
3002913,1691.7859588880394
3002914,3.705801440301918
3002915,0.2171944601990586
3002916,9.180858391671514
3002917,10.256894602591895
3002918,0.15133291495126036
3002919,124.07752747136675
3002920,0.13331753681362757
3002921,10.57784304280012
3002922,1.9853747493275218
3002923,20.490488611932058
3002924,0.9197191475294946
3002925,53.756377938392035
3002926,99.81101178040184
3002927,0.6650930575477778
3002928,1.8804995616524738
3002929,55.60250761785457
3002930,27.082751640811786
3002931,388.8803822098618
3002932,10.028895203190613
3002933,0.7287241324173791
3002934,6.1394041457373305
3002935,0.3515861910097684
3002936,2.5890166433493222
3002937,2568.395678167941
3002938,0.1699447284509939
3002939,265.50833119524935
3002940,5.274062291643439
3002941,897.7017616630088
3002942,565.988082956748
3002943,392.3768890676725
3002944,154.14716757047074
3002945,74.71302698749925
3002946,3719.5852518425104
3002947,13.433833691508994
3002948,0.9218407750481741
3002949,19.59457663637958
3002950,22.51696043127304
3002951,0.18900285129800634
3002952,229.57047794480965
3002953,0.3111054723045363
3002954,20.415188170013938
3002955,5.4826320503818895
3002956,32.93088954920688
3002957,3.2393505738918145
3002958,310.3158645203269
3002959,214.56641259546024
3002960,1.5676252562036488
3002961,6.616243007694071
3002962,285.25493223831995
3002963,53.08307032228049
3002964,1077.9626515078817
3002965,32.41578025892991
3002966,9.418230673824095
3002967,2.3610358050219706
3002968,0.729794557925259
3002969,3.4038746255706323
3002970,1740.5439174189396
3002971,0.15613342153408577
3002972,461.2792193140135
3002973,7.364601179825726
3002974,482.49644261669147
3002975,472.7867054855356
3002976,157.95343530499161
3002977,129.16517213521817
3002978,37.81682325872145
3002979,2368.942460588977
3002980,9.343810887108939
3002981,0.6226040013091286
3002982,16.57644510177143
3002983,14.889747568904607
3002984,0.19919968510191932
3002985,154.52889620361705
3002986,5.635882057795181
3002987,3.0288312636760213
3002988,7.607019897267665
3002989,49.60285156290104
3002990,1.481392445769562
3002991,168.27410769640687
3002992,121.25187880688554
3002993,2.4339830539813225
3002994,5.730132161204118
3002995,128.3650144058628
3002996,48.27969793221318
3002997,1242.741458211885
3002998,72.96361339376374
3002999,8.577947701636925
3003000,4.491094499922964
3003001,0.40564525169988
3003002,2.6848053554231606
3003003,2038.9790863912358
3003004,0.1399870077753587
3003005,135.10433451002362
3003006,5.563270150884858
3003007,723.7779171254037
3003008,269.1524473183317
3003009,208.11870276054643
3003010,45.72224583057727
3003011,34.57528848867526
3003012,2677.636978865541
3003013,10.594549659250147
3003014,0.8493394566768111
3003015,9.36172829295705
3003016,10.532472469815845
3003017,0.15291092886663907
3003018,132.19124728524056
3003019,5.291197187217358
3003020,13.908078238052006
3003021,3.3065901194244427
3003022,33.00328661817254
3003023,2.3430226794824223
3003024,138.3529368328853
3003025,149.52505472947445
3003026,0.9704810185203671
3003027,4.178121138724734
3003028,155.0814127079388
3003029,20.76857696824759
3003030,391.98824542415036
3003031,12.159260018413653
3003032,3.4542742601626024
3003033,4.847423316601181
3003034,0.2286154693722892
3003035,7.019790211613622
3003036,2397.181453248957
3003037,0.2518503678410095
3003038,536.6879760004159
3003039,9.640356232539846
3003040,696.1023185193638
3003041,641.6435774242503
3003042,168.85945975344848
3003043,126.79484705433664
3003044,85.16864323741021
3003045,3133.4481821042973
3003046,30.03756284230544
3003047,0.9564245447683571
3003048,16.783729010751557
3003049,26.555929854425592
3003050,0.289385443047858
3003051,203.97751959280114
3003052,15.404112408860417
3003053,14.349228622601341
3003054,3.799244039809117
3003055,92.13256356699652
3003056,7.764503135547477
3003057,386.7061987378033
3003058,202.65242682556314
3003059,6.440611539684407
3003060,5.977399032213397
3003061,339.4124400763445
3003062,90.75655301421416
3003063,1873.6010137276162
3003064,26.794433163448822
3003065,24.986267975165127
3003066,5.991498476313471
3003067,0.18083932456799523
3003068,4.210790626362522
3003069,3781.9206984674506
3003070,0.17580098237178857
3003071,406.0497902205917
3003072,5.865577630908049
3003073,1165.5103959499602
3003074,612.3924007189199
3003075,484.5575352389694
3003076,72.62554454036808
3003077,69.59275600209045
3003078,5069.055202315728
3003079,10.298709675849508
3003080,0.4581586574932333
3003081,14.527909513638749
3003082,14.89370521406219
3003083,0.21171540587054277
3003084,279.65908239148575
3003085,0.8493000893958774
3003086,4.805502118027778
3003087,4.352985302066319
3003088,44.232829062335334
3003089,1.3857833924103815
3003090,609.6199010960763
3003091,313.53913216684623
3003092,2.566009675804128
3003093,5.017012688885706
3003094,249.03376547273632
3003095,54.30142795704399
3003096,809.4279933424029
3003097,72.92161282953857
3003098,8.834387573119542
3003099,7.643040086737608
3003100,0.29644439485305757
3003101,2.3831210642326126
3003102,2256.2099308223433
3003103,0.16490184285639342
3003104,346.2837339442311
3003105,6.036878945550264
3003106,947.6613053367689
3003107,445.47427592407587
3003108,220.12601381574476
3003109,186.6905222856627
3003110,66.12149475841775
3003111,3133.8851713631157
3003112,11.122567017888542
3003113,0.4558376185994935
3003114,26.35134308546079
3003115,25.688925951681785
3003116,0.21669694744017104
3003117,240.39503712951975
3003118,2.302128749503309
3003119,2.2776138319654717
3003120,7.215485217585406
3003121,82.68065843663648
3003122,1.4496757319727964
3003123,110.31065994981013
3003124,205.05856823016342
3003125,1.8886285709668675
3003126,4.939395715395921
3003127,128.70444770880795
3003128,129.51958627005052
3003129,909.6501267458398
3003130,7.765977088098689
3003131,3.343722793263489
3003132,3.65280434001288
3003133,0.1831478836711061
3003134,1.8126358941660288
3003135,1764.1572422317095
3003136,0.15243704471359484
3003137,114.3439082559781
3003138,6.4469831048644375
3003139,663.0408577391025
3003140,295.63889379310103
3003141,137.21367648183147
3003142,42.74370625265174
3003143,48.08396845567108
3003144,2462.8402234035825
3003145,6.082186596162672
3003146,0.5813674136342197
3003147,20.84202579525862
3003148,16.3943390162239
3003149,0.16615339231669798
3003150,143.31963833580537
3003151,0.5860515598179353
3003152,12.65311465149585
3003153,3.2364442314319692
3003154,67.44449576040674
3003155,2.0331289651797837
3003156,122.49454978620658
3003157,132.154320406217
3003158,0.892690468345544
3003159,4.950516219558499
3003160,121.75542794148659
3003161,25.783610129601648
3003162,381.31158360098834
3003163,12.075323312692037
3003164,1.392268203128862
3003165,1.5724726220229541
3003166,0.15496719488864202
3003167,2.4465124285438375
3003168,1243.082317525922
3003169,0.17116004329791623
3003170,242.97489435679782
3003171,8.306763964016548
3003172,469.20480596590204
3003173,429.7253133861654
3003174,110.58588576581954
3003175,41.33921926840583
3003176,63.72212290632222
3003177,1906.9860881352677
3003178,21.382642536057777
3003179,0.361088830449403
3003180,10.085822438715883
3003181,12.469675918219219
3003182,0.2063731705806967
3003183,116.88313403259437
3003184,8.609486477106483
3003185,2.3242674580978337
3003186,3.1498297021848805
3003187,55.0502181874351
3003188,3.52186988955009
3003189,699.5155638571134
3003190,132.38074547903418
3003191,2.9164898201181635
3003192,4.59769601049294
3003193,268.54783596641363
3003194,25.739363205211937
3003195,1000.3151366517292
3003196,13.750231719066027
3003197,4.94236256381566
3003198,2.3578346544818927
3003199,0.1827930298505785
3003200,3.489213374086729
3003201,2875.7142836067374
3003202,0.22334505380264716
3003203,657.4584207974542
3003204,14.457836356875957
3003205,981.4146208214795
3003206,1075.587476624505
3003207,234.10950066953876
3003208,192.4285764195355
3003209,157.63014483465173
3003210,3465.522905313879
3003211,36.06693764380957
3003212,0.7553800648114408
3003213,18.12050086883309
3003214,28.12621571013529
3003215,0.2735961496882168
3003216,227.41463338696812
3003217,8.035297479265322
3003218,33.43367840888191
3003219,9.616118846128561
3003220,77.24083191586571
3003221,12.704731732558624
3003222,338.40930050904
3003223,236.36465836768386
3003224,14.436619919137927
3003225,8.329570886196986
3003226,465.36394970487294
3003227,99.511203041388
3003228,3153.9106930550024
3003229,23.782202147940993
3003230,20.232878203287054
3003231,2.489322138580538
3003232,0.17240150943010463
3003233,2.6041938775058227
3003234,2023.8488358374598
3003235,0.19361570667465658
3003236,395.433686587873
3003237,6.391470807905962
3003238,430.60558584496727
3003239,552.8074904429861
3003240,144.09390046044066
3003241,124.12838138119807
3003242,100.18187786298223
3003243,1814.4363322513825
3003244,18.835239921747284
3003245,0.8221732806751921
3003246,17.139314841411956
3003247,13.80008899578011
3003248,0.2217917734396825
3003249,106.93761624080348
3003250,0.22678220413529238
3003251,19.22147891509765
3003252,4.381905904467883
3003253,174.67742371337386
3003254,6.607615031515532
3003255,187.89903884755057
3003256,112.6035623475372
3003257,3.901464911359492
3003258,7.074156460093254
3003259,168.57348253791764
3003260,35.41354847504606
3003261,1553.7410841766139
3003262,2.754525854307798
3003263,3.5481966778434186
3003264,2.3984574200372304
3003265,0.12888755054269035
3003266,0.30506751978351176
3003267,552.6187211960532
3003268,0.12981677482750356
3003269,165.5324636563689
3003270,3.709358108190673
3003271,244.61026140470864
3003272,174.3659397711104
3003273,49.75821698026049
3003274,19.913328066321952
3003275,22.57468187524407
3003276,1041.1856676877578
3003277,3.141136248430539
3003278,0.40948372405734895
3003279,7.33390255117795
3003280,5.598171036558099
3003281,0.21670957487360984
3003282,56.63920458775721
3003283,0.1529519438486409
3003284,4.565485223565978
3003285,0.828325057602192
3003286,21.64454882264036
3003287,0.1877990367146007
3003288,173.38809624744087
3003289,84.94768778231679
3003290,1.595508079178354
3003291,1.0520737480936482
3003292,84.71432840061024
3003293,11.56549820224717
3003294,337.98705254345936
3003295,1.9526086053267069
3003296,1.518989069216904
3003297,4.810903384452593
3003298,0.20253549013465139
3003299,2.9666635367555836
3003300,2288.713420854694
3003301,0.15522842671966908
3003302,479.5835792643965
3003303,13.682413517435137
3003304,653.8360868151028
3003305,749.860302204636
3003306,218.2746020736154
3003307,178.60799646431803
3003308,105.15824953625699
3003309,2984.1052277777653
3003310,23.36372364553327
3003311,1.6801024272213423
3003312,16.727453152260267
3003313,27.10920202140818
3003314,0.2139288657142027
3003315,170.2384656115123
3003316,4.2044489391413045
3003317,28.40377329925987
3003318,7.068577980395524
3003319,130.77983776179138
3003320,3.5106119236505267
3003321,217.2629565975337
3003322,176.6294163973755
3003323,8.455823362335812
3003324,6.990691375949162
3003325,287.2791174491764
3003326,64.29517148144805
3003327,2063.5270433927294
3003328,2.221869429063035
3003329,10.603004214895975
3003330,4.710475848989977
3003331,0.155247247598055
3003332,2.96539981661135
3003333,2804.5579225058987
3003334,0.15561491646186082
3003335,470.8307845930944
3003336,9.762181921031262
3003337,908.1659091680535
3003338,631.2342784715715
3003339,274.7885564194756
3003340,182.43843219356688
3003341,55.882289518885955
3003342,3881.1387364690254
3003343,12.931108482234997
3003344,0.49735916524481194
3003345,27.1148372717459
3003346,15.668575951329524
3003347,0.4529810878165661
3003348,223.90908416221814
3003349,0.18093590905634843
3003350,4.541171194343793
3003351,4.061353872892702
3003352,38.40087277888265
3003353,0.9707521051352804
3003354,282.0494736961985
3003355,220.453484400658
3003356,3.356338303545853
3003357,3.4416861276078823
3003358,170.12078024174423
3003359,63.167099295787345
3003360,1329.8057254827538
3003361,2.2661049408554064
3003362,2.761083007564197
3003363,4.682843216988535
3003364,0.2652824839086965
3003365,2.7641125165565295
3003366,2584.483065985763
3003367,0.13955842246471176
3003368,537.3518487508235
3003369,9.522012065554112
3003370,762.2078488449654
3003371,519.2301238417052
3003372,222.49010341710712
3003373,158.5811967908385
3003374,56.79790846930234
3003375,3320.91359972966
3003376,12.040859859452766
3003377,0.7655398522141459
3003378,20.409915729490397
3003379,16.36694720748011
3003380,0.16051631936779107
3003381,196.28144935430032
3003382,0.16525646935801783
3003383,4.878179832291674
3003384,3.8090545077788067
3003385,79.17448491502638
3003386,1.1021922316114678
3003387,137.71791891281953
3003388,175.10219126015502
3003389,2.870370812632511
3003390,3.456536819131312
3003391,150.9766096475157
3003392,50.85311367689732
3003393,932.1179709074303
3003394,2.759202747621545
3003395,4.242335004306885
3003396,8.145706374430581
3003397,0.5273374424198451
3003398,14.37787988998595
3003399,6829.104245793756
3003400,0.3268049072963649
3003401,1038.5676775184293
3003402,52.73615398988239
3003403,1518.3419822796247
3003404,1719.1000186883714
3003405,308.06910753860046
3003406,388.20160194573964
3003407,291.1505605650879
3003408,6912.972517713272
3003409,64.71130134048423
3003410,2.19214071078936
3003411,48.88971382061305
3003412,46.75845635045357
3003413,0.3341299554765224
3003414,415.4953200038258
3003415,30.679028759333733
3003416,40.65291429326204
3003417,22.516124587159915
3003418,228.2547299077397
3003419,25.18460402902614
3003420,594.051429849021
3003421,418.2549824732696
3003422,15.12588151488925
3003423,23.11365213570837
3003424,939.3836868343942
3003425,219.23840638333766
3003426,6057.053063445303
3003427,2.959952883126259
3003428,64.34574595887372
3003429,2.8036769935401624
3003430,0.21195004784634816
3003431,0.6204496588300423
3003432,1610.0037201529174
3003433,0.15105212145979224
3003434,166.14641893667783
3003435,4.443926844244435
3003436,625.8096830976054
3003437,245.04059138174898
3003438,111.25757236777181
3003439,108.51750458010156
3003440,45.704074182227224
3003441,2388.73128242069
3003442,4.82097619142376
3003443,0.33172001417694263
3003444,11.608574951180506
3003445,8.677544767555128
3003446,0.18221185891926509
3003447,185.809769148821
3003448,0.4135948095422187
3003449,8.49577694084221
3003450,2.288973637933068
3003451,34.99333846372505
3003452,0.6624552529768774
3003453,162.9755222875206
3003454,95.9910131945413
3003455,1.5267276466443538
3003456,3.757039181023323
3003457,109.66378747744669
3003458,23.34399839921191
3003459,535.381166830227
3003460,4.126507080686123
3003461,3.352195615350559
3003462,6.9806610888313525
3003463,0.16914721934002286
3003464,1.322223428698023
3003465,2943.494422904268
3003466,0.16907618798782695
3003467,490.758217398813
3003468,8.821116021143697
3003469,1081.6828869121214
3003470,522.4030690282501
3003471,193.97423952967668
3003472,230.5899758692708
3003473,76.9737250470302
3003474,3769.381202128394
3003475,10.835177554968274
3003476,0.4590747966314736
3003477,17.915427385800008
3003478,16.85292861299624
3003479,0.20546564003555645
3003480,241.11302482415968
3003481,0.6816662590554902
3003482,5.421235555473742
3003483,7.792533912209618
3003484,19.767270097202303
3003485,1.1402283273950065
3003486,577.8767086002669
3003487,212.13270946717836
3003488,3.158846701823829
3003489,5.020672816892864
3003490,129.31336515471708
3003491,55.68613218117832
3003492,1063.7820721026048
3003493,2.756627077164584
3003494,4.030367858163441
3003495,1.2609038496832454
3003496,0.1300650341731094
3003497,0.742631403603384
3003498,932.1089460815424
3003499,0.12040921806984917
3003500,128.04341649613357
3003501,2.5982472561712724
3003502,599.42853777031
3003503,138.6645847969858
3003504,81.47793222603924
3003505,184.6551104097467
3003506,16.647319711977893
3003507,1720.8206008249103
3003508,1.146527622315319
3003509,0.2679381410498306
3003510,6.98519041900588
3003511,3.815175306025072
3003512,0.14397419228177147
3003513,76.96446492402136
3003514,0.13924840419637316
3003515,7.248483482928374
3003516,1.0718902443056635
3003517,16.84734621612046
3003518,0.2339218052824833
3003519,121.3389492137
3003520,68.40877746165646
3003521,0.4004005880391061
3003522,0.9170888934665016
3003523,42.35383682428764
3003524,9.4754037522742
3003525,181.99068574298957
3003526,11.289152240212792
3003527,1.3196738161495507
3003528,5.251280479036625
3003529,0.152039714290553
3003530,2.431710417294636
3003531,1732.1604740557113
3003532,0.14219613601102343
3003533,192.33524590499636
3003534,6.172341949651029
3003535,779.5585574709919
3003536,318.98634483525876
3003537,157.46067352797587
3003538,111.93029084195292
3003539,44.3410280785483
3003540,2493.148141335321
3003541,2.5744842791247025
3003542,0.45504263606914735
3003543,23.269611912427596
3003544,13.472361554712892
3003545,0.18247823242963596
3003546,171.71557396314424
3003547,0.15304301754883215
3003548,7.702402406327358
3003549,9.369777227831516
3003550,26.327717627577982
3003551,1.03205360145339
3003552,322.34520611591057
3003553,166.65732551165334
3003554,1.4671320190437485
3003555,2.879963727884053
3003556,183.11898495715036
3003557,20.697529950312184
3003558,1023.5669299153096
3003559,9.210770284178574
3003560,0.4359305878754987
3003561,3.0034919480904487
3003562,0.27782268064889615
3003563,2.5784483056703382
3003564,2407.879515239417
3003565,0.19725786101229872
3003566,616.5159154853067
3003567,9.147199256349182
3003568,817.0309876452924
3003569,559.5255062637646
3003570,203.8860731155382
3003571,88.99871533883733
3003572,61.14090764811461
3003573,3914.066502112994
3003574,6.877404332631756
3003575,2.657599431252772
3003576,20.22929376016286
3003577,31.363533549056907
3003578,0.2352826554583302
3003579,179.93665200080224
3003580,1.0276058868967874
3003581,5.006682190283557
3003582,3.2880051154161056
3003583,31.208837038602923
3003584,2.407955136762085
3003585,239.24944245733363
3003586,231.80967654173583
3003587,2.6978915930060214
3003588,5.27269263736631
3003589,137.57443281245298
3003590,27.220050053063567
3003591,567.3103128784312
3003592,4.1073116637935065
3003593,1.8180839143682603
3003594,3.2972805213527794
3003595,0.1337570071209055
3003596,0.44404746749481544
3003597,1362.7246031427298
3003598,0.12406964503510066
3003599,90.91280435669536
3003600,2.049897871000715
3003601,394.30779481898054
3003602,154.34922753699746
3003603,80.20617071480913
3003604,98.11522456215238
3003605,40.19988768310057
3003606,1818.3581128304952
3003607,4.597854105999101
3003608,0.3332311858070279
3003609,9.39063614326568
3003610,4.437928273910334
3003611,0.17693522937638587
3003612,81.93846542063122
3003613,0.14375813643265042
3003614,7.070170968436355
3003615,0.9813794462767567
3003616,26.968513787891762
3003617,0.5555962553655999
3003618,296.02093492674004
3003619,62.8242022724869
3003620,0.7749174527361437
3003621,0.8556828591536886
3003622,53.862464251285786
3003623,15.980240280343084
3003624,357.9740700419377
3003625,1.7154072665537785
3003626,0.5486204186148583
3003627,3.617176666664611
3003628,0.13584476135467494
3003629,1.6386211630283793
3003630,2849.5205028321284
3003631,0.13620625518531193
3003632,470.1683426872728
3003633,8.368635222907363
3003634,721.1339305088833
3003635,472.9273335566851
3003636,155.18460358527437
3003637,146.92469701538394
3003638,61.09765370153042
3003639,3166.4765019528486
3003640,5.884715102530112
3003641,0.3686578100547264
3003642,19.268690614358327
3003643,8.695345348583738
3003644,0.15143383428232485
3003645,164.05384969300377
3003646,0.16065617857240197
3003647,21.451038135484694
3003648,2.814155953274304
3003649,45.537807773071705
3003650,1.0759557588184303
3003651,370.5385892761235
3003652,165.69701999543148
3003653,2.346472092545322
3003654,2.380057085587207
3003655,111.5725144070328
3003656,39.3416979368861
3003657,1079.0929624829505
3003658,2.045192470494779
3003659,0.5927384082997633
3003660,3.1992250277914422
3003661,0.1922783716872865
3003662,7.488635953213321
3003663,2453.51228743746
3003664,0.19957879333486309
3003665,511.77714622935684
3003666,6.2247802707651685
3003667,848.9231111012015
3003668,790.7715435960889
3003669,168.78630829201657
3003670,119.89446157996355
3003671,114.8288524343438
3003672,3419.450508579283
3003673,49.2232923988113
3003674,1.3183325479589394
3003675,30.990405964620077
3003676,30.73276164224702
3003677,0.2571502593239833
3003678,225.2567477315094
3003679,18.2284695625744
3003680,21.076257260626257
3003681,2.2115769500940785
3003682,125.62632286895138
3003683,9.60579040597911
3003684,221.3216860218788
3003685,248.172812377983
3003686,12.324454455905672
3003687,13.861729449320762
3003688,237.75776275671112
3003689,81.81478700409922
3003690,2412.4704780303528
3003691,20.852058638586602
3003692,10.252666059600903
3003693,4.612100035067071
3003694,0.15573086130911407
3003695,6.86373091086525
3003696,1891.9780642298988
3003697,0.1558699019690819
3003698,378.9889517126594
3003699,11.873639808429163
3003700,739.8411151172702
3003701,608.859660630528
3003702,118.76218996090576
3003703,69.18980643398689
3003704,98.73860239183256
3003705,3007.231132457451
3003706,23.653247072447133
3003707,0.7534192587632815
3003708,30.62366936765001
3003709,23.458697331111768
3003710,0.1801887831354744
3003711,256.18290240427206
3003712,16.835534139946613
3003713,15.708163601730462
3003714,8.82718536615896
3003715,96.00387254018618
3003716,10.101922996370199
3003717,142.893041711821
3003718,275.1221609453626
3003719,6.5317343448530805
3003720,8.75539430541016
3003721,106.76773753320941
3003722,72.6299145985332
3003723,1807.89602620402
3003724,11.949289230232889
3003725,12.985298502155858
3003726,7.056184425692076
3003727,0.20179050021404277
3003728,3.521359974211092
3003729,3206.1412279831497
3003730,0.18601063092116993
3003731,622.1167764019156
3003732,6.498047545441883
3003733,1398.389162466972
3003734,577.7106823529972
3003735,170.57756898131188
3003736,289.95427718058835
3003737,54.070593102136115
3003738,4932.583937601873
3003739,28.230969143146915
3003740,1.355735641472295
3003741,23.756773924587048
3003742,15.553189222814144
3003743,0.2362099752682786
3003744,290.1818263871333
3003745,3.8342829145169715
3003746,12.052889067055938
3003747,6.153248624539014
3003748,62.33117089005807
3003749,4.010965688783148
3003750,232.9566718044147
3003751,273.46264534684644
3003752,6.155000857130793
3003753,7.620096729638849
3003754,214.71126753521716
3003755,48.18920140383609
3003756,1407.298025672813
3003757,12.152135011624779
3003758,11.582913603904275
3003759,3.201720051714726
3003760,0.18602370929207543
3003761,5.145046248861816
3003762,1828.459501800134
3003763,0.18732733535563084
3003764,287.4661853205928
3003765,6.213265227145991
3003766,585.9021050554985
3003767,568.419229581286
3003768,159.03794223032145
3003769,99.6157986521153
3003770,62.31813947184407
3003771,2583.7711999570315
3003772,18.88603460590401
3003773,0.9704988647008905
3003774,10.498039130859025
3003775,8.68699485258087
3003776,0.22617258036662993
3003777,160.78421415092737
3003778,12.741921218249948
3003779,15.07143582643017
3003780,1.967791364034048
3003781,69.40927689233104
3003782,5.720653590998929
3003783,272.40235314143183
3003784,181.88546775671807
3003785,4.722778961748751
3003786,6.853906587003497
3003787,270.4975014767211
3003788,38.16956676184303
3003789,1680.4917698201068
3003790,3.7256836646629603
3003791,16.285383648828535
3003792,2.7189420119358867
3003793,0.18906166747409614
3003794,2.7448658965655537
3003795,4338.71046186083
3003796,0.15622711461367284
3003797,373.1378137562306
3003798,8.503548229719785
3003799,1517.2893941906125
3003800,517.5450045189855
3003801,215.7316755279834
3003802,141.923726340859
3003803,55.15397458290801
3003804,5170.8620308505815
3003805,8.549816052811321
3003806,1.6093804430708023
3003807,23.888583429593528
3003808,18.862280205202957
3003809,0.18423798735748112
3003810,348.39073479299304
3003811,0.17186494958186027
3003812,1.3673246417999383
3003813,7.681393610566317
3003814,30.804114895062355
3003815,1.7425585568931417
3003816,167.35955456082843
3003817,248.70665714757118
3003818,2.5531571258459382
3003819,9.116359464686383
3003820,156.06470570840418
3003821,47.95996255712212
3003822,967.0008517664783
3003823,12.043943854245542
3003824,3.877242953326683
3003825,5.543462889238307
3003826,0.17969113829362765
3003827,7.736722442555497
3003828,1704.612414884416
3003829,0.1576261644693667
3003830,398.9798137560139
3003831,9.497111112587463
3003832,845.0607492599494
3003833,598.3213285262406
3003834,186.4091564501732
3003835,104.16740493850608
3003836,132.36591712093136
3003837,3012.813057834828
3003838,26.009692402058963
3003839,0.9184557491645929
3003840,22.3778940399657
3003841,23.40459861580558
3003842,0.17466888616103077
3003843,187.30418009651004
3003844,12.805112101798983
3003845,12.462913391488158
3003846,6.895128324555598
3003847,79.67124705896383
3003848,9.494759370224243
3003849,185.97571637672567
3003850,258.9250849186345
3003851,12.086937127803058
3003852,6.7340806085370915
3003853,154.5307027308733
3003854,54.44150794385539
3003855,1676.1537692865033
3003856,2.152574910876683
3003857,4.542054262197263
3003858,2.8842984977240675
3003859,0.21074659047639036
3003860,3.5425418852215027
3003861,1850.3501869003665
3003862,0.18874885512462547
3003863,365.0260223455247
3003864,8.378583930445966
3003865,592.0198283048348
3003866,681.6574810339439
3003867,149.13277234854175
3003868,114.27315499572805
3003869,93.77438124760631
3003870,2531.984734916282
3003871,26.271852755807217
3003872,0.8725498573721212
3003873,23.439794673582732
3003874,22.059641524721684
3003875,0.21519778656542726
3003876,161.8686073476545
3003877,10.444857547579005
3003878,33.35807999424164
3003879,3.699140895229501
3003880,65.41374102531283
3003881,9.057402791332716
3003882,225.28987374624467
3003883,168.0744452415816
3003884,8.151584547670984
3003885,7.711104273563812
3003886,199.47247343848298
3003887,49.65447642709314
3003888,2060.5294690057267
3003889,3.8589074432281047
3003890,10.50106929379926
3003891,4.405244651934816
3003892,0.16887965993606854
3003893,3.7479302835746604
3003894,4128.07728194565
3003895,0.13281295759259068
3003896,491.4469554971377
3003897,13.702618390688123
3003898,1049.6033287046141
3003899,573.0448507989084
3003900,236.16470390531907
3003901,161.09725139987597
3003902,66.65511381476178
3003903,4106.595595300128
3003904,9.927819838982478
3003905,0.2202143655243636
3003906,15.386307920372403
3003907,18.64613456859446
3003908,0.1479692274404175
3003909,204.49385631093327
3003910,0.15097779553685473
3003911,6.930470705621937
3003912,1.7580453526906483
3003913,72.60709436974552
3003914,2.2261931255269434
3003915,267.84352399919015
3003916,252.22301245126476
3003917,2.731291233109783
3003918,1.785818053205249
3003919,204.44198629720162
3003920,111.80828136088363
3003921,1038.174018951334
3003922,3.2392886797478964
3003923,0.508021130441448
3003924,11.814031435417853
3003925,0.2858790915108493
3003926,12.277061965721376
3003927,7378.804565160047
3003928,0.2591290539204373
3003929,1283.5324189005223
3003930,25.285075503418753
3003931,1899.4369746255882
3003932,2004.282370943238
3003933,416.099949237645
3003934,425.00402713381726
3003935,355.17817387300204
3003936,7994.161139271012
3003937,75.79579949316302
3003938,3.52432705683129
3003939,96.97596982495467
3003940,99.16376383688721
3003941,0.31687923421960673
3003942,506.3440007190768
3003943,27.897931738714373
3003944,21.810941438535156
3003945,47.415396509134986
3003946,351.676749029077
3003947,21.015790957080366
3003948,695.8261371473455
3003949,425.6565623738749
3003950,31.00392716083984
3003951,33.033880150637785
3003952,878.3360149367103
3003953,304.85293465772514
3003954,7341.3242867399285
3003955,455.77264558610545
3003956,63.944246795904036
3003957,12.156567501577277
3003958,0.2694921122363109
3003959,11.795763962200027
3003960,7001.339942336169
3003961,0.23920989720237193
3003962,982.832894511215
3003963,27.23587781093453
3003964,1991.7168938266655
3003965,1789.5681772634384
3003966,547.0804406116223
3003967,288.52774695039597
3003968,272.1903819674075
3003969,8980.976840778414
3003970,101.60380246039935
3003971,1.1879275396966162
3003972,57.02559620697403
3003973,72.29582220421658
3003974,0.6737166253426718
3003975,517.492531180397
3003976,25.418327170624508
3003977,29.286291375226362
3003978,7.835181963948064
3003979,231.42999841652963
3003980,18.3523961026307
3003981,913.0795084623263
3003982,560.9334037990126
3003983,21.127474771257468
3003984,23.72213803106181
3003985,952.5770605357548
3003986,211.0738726253532
3003987,5446.785612719514
3003988,515.0041259105273
3003989,58.29645375160446
3003990,10.100026900806427
3003991,0.21175940885697456
3003992,17.60181334633188
3003993,4222.984419222367
3003994,0.1821373945232775
3003995,700.0621867114172
3003996,13.74900603864733
3003997,1685.7211106813172
3003998,1144.1619271817735
3003999,590.769227585127
3004000,100.84981020158027
3004001,198.01818818514334
3004002,6867.115584949135
3004003,34.53192535819836
3004004,2.2142570814282614
3004005,43.499902972890695
3004006,21.80032721513085
3004007,0.455780228944457
3004008,457.95245150748076
3004009,25.31514201172085
3004010,18.913507830879524
3004011,11.604946783414526
3004012,126.7555739280747
3004013,9.396448738713655
3004014,773.5437744299759
3004015,521.6861698424575
3004016,17.809684501644607
3004017,32.189365106259444
3004018,559.2010580683285
3004019,106.66238873042245
3004020,2121.021871466447
3004021,374.23348801172733
3004022,34.392248425352264
3004023,12.500485538889896
3004024,0.23696883347066802
3004025,19.20561867157483
3004026,6558.36623301447
3004027,0.2090515848311831
3004028,934.707948052842
3004029,20.77873004527931
3004030,1751.8714298633852
3004031,1687.0243754785963
3004032,516.5575695947246
3004033,262.60005360124535
3004034,198.12590433162345
3004035,8696.739209579413
3004036,42.074940368743924
3004037,1.2173999246732867
3004038,70.06716681150671
3004039,62.120261791195965
3004040,0.62136819104028
3004041,505.5057781853755
3004042,25.80465864351601
3004043,28.477444506138408
3004044,27.833875083903575
3004045,217.84685917657228
3004046,13.168325927649564
3004047,731.3562902821467
3004048,567.657818463585
3004049,17.662047071464592
3004050,25.085485161709922
3004051,861.4343945336805
3004052,197.3125796256723
3004053,4594.94751382507
3004054,528.4015272743239
3004055,53.729500549284595
3004056,9.34022669567491
3004057,0.18106232779423453
3004058,16.89423327181858
3004059,3513.9038652856157
3004060,0.15598433410955242
3004061,650.0207837114975
3004062,15.30672955076706
3004063,1495.5776072818032
3004064,915.9672671861147
3004065,480.44630400933147
3004066,82.89148421380742
3004067,150.85474291406965
3004068,6091.971423898542
3004069,34.974715336655336
3004070,0.3395205029900478
3004071,28.630088809969788
3004072,22.7800459869972
3004073,0.21485068752362646
3004074,420.70900487044025
3004075,20.122061765972976
3004076,9.051219177913417
3004077,5.504182874805882
3004078,109.04728033675414
3004079,5.137019820982298
3004080,621.6200105720535
3004081,547.7544809630741
3004082,14.20316004144308
3004083,17.655977458083274
3004084,592.195700664998
3004085,76.56259003390782
3004086,1461.8598253769205
3004087,436.24519037214117
3004088,16.619345729733542
3004089,9.77539984726048
3004090,0.2442932396277413
3004091,11.055187757533718
3004092,5307.582994597808
3004093,0.2178726373691334
3004094,987.5449714247991
3004095,24.54853607927585
3004096,1506.0865794743065
3004097,1801.2617613756638
3004098,336.88884086518163
3004099,359.9928406262493
3004100,284.25228560745865
3004101,6573.685688427033
3004102,65.18712950358926
3004103,1.1222101476234936
3004104,51.57300149239025
3004105,50.77462977014863
3004106,0.40379068151422487
3004107,366.49304604526964
3004108,16.299635839506728
3004109,27.08509864382471
3004110,9.499807125510726
3004111,246.62794506128503
3004112,14.898927810713335
3004113,647.7317010797049
3004114,407.6722428230373
3004115,15.708276854692501
3004116,26.577180406933817
3004117,753.8900780168148
3004118,182.42422838908556
3004119,5896.313537724824
3004120,298.0454408261667
3004121,61.14047650154228
3004122,4.883503706539586
3004123,0.250566100973423
3004124,7.34458415852796
3004125,1493.4707306360801
3004126,0.23128626783996512
3004127,311.9740262630069
3004128,21.774477462130086
3004129,722.712259667036
3004130,486.0611877349915
3004131,201.14049694782037
3004132,65.38372099422321
3004133,74.48571207791653
3004134,2622.0241434030772
3004135,24.237650820015634
3004136,0.866890973963331
3004137,27.304915641675453
3004138,19.60472358576799
3004139,0.2507686013288136
3004140,175.7335898720336
3004141,9.665858060623385
3004142,7.780969107322072
3004143,9.556630019124102
3004144,66.4147415831297
3004145,7.536901746025207
3004146,229.28730770880492
3004147,201.87720874871064
3004148,2.642875062701373
3004149,6.838721881845624
3004150,185.85587706400648
3004151,55.50481364604845
3004152,1300.4391147846136
3004153,2.814200269943377
3004154,7.356985924755788
3004155,7.9327103079944346
3004156,0.225887294663181
3004157,12.464297508490905
3004158,3642.512978501232
3004159,0.19806770128503196
3004160,500.06659521939105
3004161,32.841399394885265
3004162,1342.6218108185185
3004163,944.4924599111187
3004164,384.7823303441194
3004165,82.68816529512749
3004166,175.50063665026215
3004167,5607.288816684078
3004168,68.24346940683263
3004169,1.1340514321805886
3004170,48.716339779177154
3004171,31.72055614421235
3004172,0.24046689521597292
3004173,300.2890693031083
3004174,12.317580262296637
3004175,7.67614705261324
3004176,3.675039668833147
3004177,143.2529453080351
3004178,8.883424721428577
3004179,458.34697410292955
3004180,422.9855084577718
3004181,10.672908726349359
3004182,17.596902810518102
3004183,332.04275708995783
3004184,78.30842132115906
3004185,1874.2829124967975
3004186,370.66874190810734
3004187,13.853260719977875
3004188,6.182528476045729
3004189,0.21738104487808402
3004190,4.784361797722357
3004191,3424.8261417427075
3004192,0.1882262576142622
3004193,682.6825702777736
3004194,8.67810497764079
3004195,1063.2776918722334
3004196,1299.0797122817241
3004197,200.68172601917726
3004198,256.3645177029094
3004199,199.1941558966816
3004200,4162.487317921789
3004201,40.79363175579377
3004202,1.2817662976092907
3004203,22.302659088277753
3004204,36.01928190642162
3004205,0.2925309538926385
3004206,242.47837808930475
3004207,1.9180839019972036
3004208,44.90345241935257
3004209,4.29185539206662
3004210,141.88595139347072
3004211,9.329814923790964
3004212,479.33822441366016
3004213,207.0981465613198
3004214,17.442457862639333
3004215,11.652384686612274
3004216,529.7262407098281
3004217,109.24895067454709
3004218,4232.365494534277
3004219,3.538919702953851
3004220,32.450154587570665
3004221,8.803502419354436
3004222,0.21663867387096203
3004223,5.581061535023635
3004224,3674.570192771617
3004225,0.2113732580733443
3004226,730.6931506229236
3004227,12.757553191475072
3004228,1335.5252920519622
3004229,1038.7698380797442
3004230,306.33413875663257
3004231,180.8498012502649
3004232,313.3028001947181
3004233,5155.073423070086
3004234,38.71796375516444
3004235,2.60719980713198
3004236,44.1082736984266
3004237,39.95097284798673
3004238,0.23286830437728087
3004239,289.92730515308244
3004240,6.324837172243917
3004241,52.1507922821861
3004242,7.717684992655045
3004243,268.57547404781025
3004244,9.684158116008849
3004245,411.68116592396836
3004246,283.2334328200056
3004247,13.650204792067948
3004248,23.321608510627616
3004249,383.53665146322834
3004250,108.43693197211077
3004251,4077.6101345852644
3004252,6.649120844519216
3004253,6.84819114571763
3004254,5.859234779985264
3004255,0.1575978644277787
3004256,2.4952931780151397
3004257,1594.832202769007
3004258,0.0
3004259,387.3273003847461
3004260,6.518683254918476
3004261,683.1842277450438
3004262,392.11285567445105
3004263,184.8810006191417
3004264,66.15313532480836
3004265,91.11200555476844
3004266,2396.806979208239
3004267,12.193527272878738
3004268,0.94008788133788
3004269,20.887107690360033
3004270,18.12361472294495
3004271,0.14041148297939063
3004272,158.98972686145797
3004273,4.429479701970962
3004274,8.764564683253262
3004275,5.847189540326876
3004276,68.4554869392631
3004277,3.1362883601226432
3004278,206.12413255653172
3004279,178.37265417149302
3004280,3.8375666974537737
3004281,4.723682129646751
3004282,134.4910749609199
3004283,47.249464722127264
3004284,1496.5609672425849
3004285,3.343642394540564
3004286,3.0116672065768797
3004287,4.9524547523776645
3004288,0.1608230174829685
3004289,0.6738436797338485
3004290,2170.7737639386514
3004291,0.12536761664914342
3004292,175.3270934808195
3004293,3.69603632878027
3004294,783.3946203622114
3004295,186.47417752603738
3004296,160.72852923364732
3004297,52.07660725032574
3004298,26.287082501616133
3004299,2495.3108844838985
3004300,8.468013776021996
3004301,0.47382199002313186
3004302,15.312740504966593
3004303,8.093513756783052
3004304,0.13267204032532387
3004305,160.97635503166674
3004306,0.14107382349700054
3004307,6.162876382162238
3004308,2.745029053443691
3004309,25.317425907443234
3004310,0.7494948981641932
3004311,59.7558820569847
3004312,132.01479774904007
3004313,0.15849463457959448
3004314,1.3509341197708529
3004315,50.68668742429027
3004316,67.55003958661273
3004317,474.4820949698659
3004318,8.384057245730487
3004319,1.317178602601302
3004320,5.069508320398891
3004321,0.19179089756352416
3004322,5.189264244805285
3004323,2553.776781279178
3004324,0.21475407416644807
3004325,445.0212334389325
3004326,10.922479487981565
3004327,918.4039602749531
3004328,758.8497370938308
3004329,257.7159599452048
3004330,130.11202516729944
3004331,105.089364152754
3004332,3823.974804762017
3004333,30.96297148779779
3004334,0.8940791079252643
3004335,20.668421276851035
3004336,36.922109612351306
3004337,0.2950427844479869
3004338,231.13308533383358
3004339,16.040730224498578
3004340,16.02938885910128
3004341,14.267311159325029
3004342,83.03208785047336
3004343,5.745778700830682
3004344,350.53762859600266
3004345,260.7228139163835
3004346,7.6436387976546705
3004347,12.797828674873454
3004348,405.25329884444164
3004349,81.70270001684332
3004350,1972.1924290277736
3004351,31.366770942582733
3004352,25.91230140221266
3004353,4.1968527702315725
3004354,0.1839690024026708
3004355,4.661715259996643
3004356,3208.0117445998735
3004357,0.1865834554154976
3004358,569.2764860749687
3004359,15.61445697327375
3004360,911.0794166300911
3004361,1087.8407392694805
3004362,150.44423835772795
3004363,232.96047071113142
3004364,172.77462783325709
3004365,3246.3450085145623
3004366,34.62434359328725
3004367,1.9511883020103318
3004368,30.792627723652206
3004369,27.12785714185529
3004370,0.5854757965742454
3004371,197.09383433781326
3004372,11.0246467544786
3004373,34.09161323183147
3004374,8.268311031923128
3004375,137.04784169132478
3004376,13.04717541454418
3004377,391.6186674377789
3004378,196.54331398569815
3004379,5.964748931443618
3004380,12.080043816535737
3004381,542.7505187133117
3004382,114.06132876144768
3004383,4342.570834668526
3004384,2.6671876289664516
3004385,31.66947026537526
3004386,3.4714334911571125
3004387,0.4977258864133376
3004388,7.292985790455173
3004389,3662.1854590633816
3004390,0.22286475711101236
3004391,700.6033825278258
3004392,19.611193939976506
3004393,979.7321239046365
3004394,1164.3377673363
3004395,222.97245356501756
3004396,245.77307188311434
3004397,121.66077590491973
3004398,4072.5066631090244
3004399,31.751624832939502
3004400,2.6324195884120276
3004401,32.143156774148025
3004402,37.60159968094609
3004403,0.2986532053871197
3004404,261.60231126006664
3004405,24.03476707077715
3004406,29.087291514368882
3004407,20.828047998295645
3004408,150.06190996529352
3004409,17.35110650420606
3004410,370.2822446780412
3004411,271.0371643570165
3004412,14.396365739729251
3004413,17.36320228304809
3004414,462.6728390621812
3004415,136.85993110278065
3004416,3674.075784973001
3004417,4.513993535388975
3004418,28.219910093025582
3004419,10.08699714120098
3004420,0.22674481413840222
3004421,6.604257708862189
3004422,2862.4222777781097
3004423,0.1938938752169178
3004424,409.84421372582545
3004425,11.374014187882835
3004426,1334.8635439472396
3004427,641.2685190833321
3004428,437.6647660524251
3004429,155.0350390556291
3004430,88.36731516607506
3004431,5585.612980584846
3004432,9.455839146067474
3004433,0.9604627811085953
3004434,40.61163125180613
3004435,36.46416363274834
3004436,0.2628829055103232
3004437,344.6045645015815
3004438,6.6307902328086294
3004439,4.522986583108138
3004440,8.877626022651295
3004441,47.43825332410669
3004442,4.348178528670225
3004443,491.66262949050724
3004444,367.02804104668274
3004445,5.757088075355345
3004446,6.103367171822751
3004447,330.38091817303416
3004448,92.59507651144764
3004449,1272.078522147341
3004450,166.2219877829884
3004451,12.773065240472306
3004452,4.048177541532042
3004453,0.2852644213862867
3004454,3.486282115279354
3004455,1703.8150495750576
3004456,0.3078359964263743
3004457,296.013294161394
3004458,12.610227420787531
3004459,588.1224938670556
3004460,614.3821043806608
3004461,134.6447533921256
3004462,132.75904920102985
3004463,107.24370273257053
3004464,2200.4920938140863
3004465,18.87478598962702
3004466,1.2965270491583707
3004467,25.441015821463463
3004468,20.810593264038367
3004469,0.3183959987694479
3004470,142.11381456833547
3004471,11.515360427186003
3004472,20.367014991191642
3004473,5.670960153010532
3004474,129.91886325853108
3004475,6.109386369463565
3004476,512.4310077076245
3004477,121.6903265230874
3004478,3.4806746611838766
3004479,7.539937455995467
3004480,371.03999211534483
3004481,53.31539104495574
3004482,2024.6770394688012
3004483,66.27229833538549
3004484,32.85774845502509
3004485,1.1270793575203593
3004486,0.15282241410398317
3004487,1.3640230545202905
3004488,1348.8502257072773
3004489,0.1388171220593655
3004490,85.13191864264274
3004491,3.7275829375005647
3004492,631.304700870736
3004493,230.35687171400448
3004494,265.34155467809535
3004495,34.82743513238154
3004496,29.022438094741453
3004497,2274.345697596464
3004498,3.8764950605581405
3004499,0.33712971736423003
3004500,7.283859509540413
3004501,8.392672267183025
3004502,0.133475122285485
3004503,133.76185426282
3004504,2.443907300362723
3004505,14.91695776781961
3004506,1.5410517731760411
3004507,20.911218892740674
3004508,0.30069668780256315
3004509,133.40339984907706
3004510,150.4390871724436
3004511,0.5523310309990123
3004512,2.630972004363486
3004513,147.01711221102676
3004514,21.896122199992117
3004515,215.51564306634884
3004516,9.413614560841932
3004517,0.7643010136693587
3004518,6.313073894702237
3004519,0.22456197832732167
3004520,4.3419730543353525
3004521,5095.277061386368
3004522,0.21247084248972128
3004523,717.9336385741311
3004524,15.5874027523958
3004525,1682.009378677475
3004526,610.5930641437941
3004527,583.1523173990594
3004528,242.18550151769074
3004529,92.81718975946475
3004530,6776.59138928433
3004531,21.9304131990836
3004532,0.5647948764531039
3004533,24.24341133943943
3004534,18.144643962353772
3004535,0.2527613744131495
3004536,415.13858951973856
3004537,7.021334816248954
3004538,3.054316080257292
3004539,7.861658602807825
3004540,64.97329980356095
3004541,1.8347748759782279
3004542,596.2592995273436
3004543,321.4642755354482
3004544,2.1420145862118876
3004545,13.998092238106722
3004546,533.1675868827662
3004547,94.41804052568573
3004548,1395.9418245060458
3004549,19.51400321743796
3004550,4.712193312246403
3004551,4.438455764010446
3004552,0.17107265455022447
3004553,1.7740636632747269
3004554,1398.9047096053382
3004555,0.15715429946904377
3004556,153.06499435071285
3004557,12.79728725922784
3004558,716.7304786058874
3004559,308.96067442396156
3004560,228.18450862423688
3004561,46.72634460012475
3004562,43.794599417293846
3004563,2541.0965214671846
3004564,7.368086509691819
3004565,0.36252342958834055
3004566,12.035695881658906
3004567,16.08370307351507
3004568,0.17550674974696212
3004569,131.6403087622012
3004570,4.845105390134104
3004571,20.67511359230067
3004572,5.2044322403513075
3004573,58.467824555103455
3004574,1.2058338217567048
3004575,113.82463207333849
3004576,147.06549772171823
3004577,1.0773191793797094
3004578,5.050307477197722
3004579,165.36428020930938
3004580,27.245033792950075
3004581,298.67889029681703
3004582,11.152151202324216
3004583,1.9646026770926746
3004584,3.8319368466184085
3004585,0.15303326305941908
3004586,2.5861479265906997
3004587,1584.8756808698727
3004588,0.1394399773132644
3004589,102.85227131326211
3004590,6.444418612775212
3004591,651.706124297449
3004592,230.24442562870183
3004593,159.30517242808173
3004594,36.437033621210084
3004595,31.798118498449202
3004596,2571.5492566836742
3004597,11.196729825436964
3004598,0.2149888327097642
3004599,11.512273572748889
3004600,9.34008468953032
3004601,0.14624121863126927
3004602,123.04412195672701
3004603,0.9797486906561981
3004604,15.62512029763597
3004605,1.888232206435965
3004606,60.73167752895479
3004607,0.7542195638549425
3004608,126.00889981116212
3004609,148.17520324677483
3004610,0.4244552874593179
3004611,4.366264636132927
3004612,97.68854978076669
3004613,19.056437074512523
3004614,187.76530132977496
3004615,7.175537822344057
3004616,1.244232179596983
3004617,2.408813783748733
3004618,0.1475514849539779
3004619,2.2854234363110026
3004620,1581.8880253195575
3004621,0.13613431607659882
3004622,145.29194741429362
3004623,9.836795692537246
3004624,793.4928503521137
3004625,315.95646844476664
3004626,293.04082781975706
3004627,29.160787765905763
3004628,46.58303088948971
3004629,2750.381521983257
3004630,4.7592516246527765
3004631,0.22695169213942426
3004632,6.692811362918289
3004633,18.05507203692164
3004634,0.14422689962546686
3004635,149.26273863743955
3004636,0.766670921015805
3004637,22.016754865901035
3004638,2.3552334476754266
3004639,28.349756025834406
3004640,1.673157843020852
3004641,198.30665820595178
3004642,225.27067155780924
3004643,0.8041883231310654
3004644,3.888457525161497
3004645,72.96542354446652
3004646,80.89442958239157
3004647,318.598982911625
3004648,3.7108324331472526
3004649,3.4516364722271677
3004650,2.871177705299391
3004651,0.46744347908378264
3004652,2.3857251330968428
3004653,1587.3071297050988
3004654,0.18143470215999408
3004655,139.68925854865088
3004656,3.304520353744019
3004657,793.0101400407226
3004658,288.2706600324205
3004659,291.9692338900526
3004660,83.59999900309622
3004661,69.31644845573875
3004662,2554.9700099006945
3004663,5.945646142628896
3004664,0.9178658494419887
3004665,11.770240255070902
3004666,16.277752882410184
3004667,0.18408911471976738
3004668,193.3453292132326
3004669,6.672892149608034
3004670,30.957336254566712
3004671,3.0449478518302877
3004672,36.723063274627556
3004673,1.6255452577119003
3004674,118.29413253000263
3004675,149.86392388807272
3004676,0.687685465020738
3004677,4.108646642796342
3004678,132.22081928117126
3004679,41.666186239038545
3004680,553.6955264998899
3004681,15.719899668051315
3004682,2.9516609201925217
3004683,3.5836744711094535
3004684,0.17789588319199592
3004685,0.8511706574317527
3004686,1387.432826928777
3004687,0.13804004859002963
3004688,114.26259225462091
3004689,4.304066417752955
3004690,629.9902442985339
3004691,199.30085619794298
3004692,144.16581260348542
3004693,92.26032543772448
3004694,37.627833354520824
3004695,1804.8841065280817
3004696,3.602388205759235
3004697,0.23734125363924788
3004698,9.974292023579364
3004699,10.587855097882537
3004700,0.15030245532413178
3004701,131.43799961923932
3004702,0.255372928553851
3004703,15.441109924208453
3004704,2.1888933057379356
3004705,42.3942858123113
3004706,0.9244509464929106
3004707,43.01864926889778
3004708,96.2077295608126
3004709,0.6654971824655992
3004710,1.8234488512048246
3004711,68.37060913282703
3004712,24.599553088757
3004713,410.56693690784687
3004714,14.253561718649443
3004715,0.5883850644032437
3004716,6.848513463079438
3004717,0.3770835117849417
3004718,2.7195247236133526
3004719,2608.8052927861295
3004720,0.19418102615052604
3004721,271.7112330126812
3004722,6.606669587167498
3004723,923.668372076265
3004724,571.2149475058587
3004725,564.6739629961097
3004726,153.19301801507586
3004727,90.3734493627206
3004728,3787.9745661331544
3004729,14.629374592801124
3004730,0.9668509503441943
3004731,21.302538762911375
3004732,20.905624533689206
3004733,0.21026710868789175
3004734,236.2305919906917
3004735,0.35602560046214204
3004736,32.926227817816766
3004737,4.704061386401486
3004738,66.8070289754318
3004739,3.5986925958744655
3004740,205.09282615927597
3004741,209.07303524574664
3004742,1.5004458965572967
3004743,6.658167779544216
3004744,342.27507457927544
3004745,58.40597055897661
3004746,1151.350902900201
3004747,28.35005080386343
3004748,9.65286636135583
3004749,2.650741541455349
3004750,0.4240741237677912
3004751,3.154457101888752
3004752,1549.0217439560035
3004753,0.14420515604514839
3004754,412.15609064311036
3004755,8.24893794534888
3004756,459.4935945817314
3004757,427.3843950693046
3004758,178.05136971165467
3004759,114.79706152373105
3004760,46.46988815901994
3004761,2132.737760868175
3004762,8.188275102878036
3004763,0.532321460932019
3004764,16.253882969531308
3004765,13.461827406249139
3004766,0.16461099260068948
3004767,129.85041182268603
3004768,5.117549624037232
3004769,3.214496010292942
3004770,4.453792676328197
3004771,74.32102424990352
3004772,1.4167844672462426
3004773,68.36203804301064
3004774,111.59652740457054
3004775,2.4197126499648682
3004776,4.6429145095456965
3004777,165.92243619448672
3004778,44.750162039658825
3004779,1147.1010342387963
3004780,43.47631137366643
3004781,6.694657565807211
3004782,4.777272934797548
3004783,0.40280667474820975
3004784,2.0555000083827695
3004785,2468.65637545373
3004786,0.16504442660246188
3004787,142.27813950048187
3004788,6.06957369763001
3004789,765.224782431316
3004790,288.59369745408776
3004791,263.52248899495777
3004792,46.762228718602984
3004793,41.59161472227712
3004794,3071.312595715112
3004795,15.399055973505893
3004796,0.9011455565065835
3004797,11.474879203882416
3004798,12.445950784554404
3004799,0.1830079016850588
3004800,153.0210468892607
3004801,5.880847582804952
3004802,19.772501547278292
3004803,3.5669504937847654
3004804,60.15286122840815
3004805,2.530099313606087
3004806,122.31687689997445
3004807,170.26871340571023
3004808,1.077899349328022
3004809,4.2809370196168155
3004810,117.81516849574717
3004811,19.87625888143029
3004812,397.11657906467224
3004813,5.7583476948740735
3004814,2.7894695633446047
3004815,5.823216175391276
3004816,0.3018690949689413
3004817,7.183867666133756
3004818,2560.18842006645
3004819,0.32691033079750464
3004820,619.8288815470498
3004821,12.117876759288695
3004822,786.8696787171541
3004823,814.998185999665
3004824,252.99008582383433
3004825,164.6576695610261
3004826,120.48504048663166
3004827,3600.5359816935465
3004828,32.23762220406143
3004829,1.1993339405928563
3004830,21.820674683966153
3004831,27.364923513457004
3004832,0.32695240336633613
3004833,223.9990082907032
3004834,18.58825694617025
3004835,15.856588683029651
3004836,7.7623429466208576
3004837,138.8787462633825
3004838,10.24796371242298
3004839,965.1154400579504
3004840,244.07074691140446
3004841,7.34411052072714
3004842,7.763197367666571
3004843,598.1935397670794
3004844,99.24457761946908
3004845,2079.3900841139343
3004846,53.93748319274859
3004847,40.2233463656125
3004848,5.774270595371118
3004849,0.22699647814867213
3004850,4.220593900642305
3004851,3904.619206142661
3004852,0.21710257022796367
3004853,420.34166114850757
3004854,7.714679668005562
3004855,1212.9974909182774
3004856,634.16737286612
3004857,908.4454912223517
3004858,95.54266803542258
3004859,94.16882019610433
3004860,5465.72603927268
3004861,12.974590061972307
3004862,0.5022995738907525
3004863,19.470901990699907
3004864,14.280090987003224
3004865,0.24852086051492844
3004866,278.1265056081198
3004867,1.2401522080497058
3004868,6.420711326520775
3004869,3.602377265341659
3004870,72.54803702622938
3004871,1.4974479126212439
3004872,280.980391188119
3004873,294.0106938809744
3004874,2.947253126476054
3004875,5.25480874201098
3004876,513.4922925513191
3004877,67.19389814719564
3004878,854.9347193926083
3004879,67.11313884290665
3004880,9.032844858642408
3004881,8.209281542832695
3004882,0.315253682501343
3004883,2.416797030494206
3004884,2770.931028945513
3004885,0.1805562700363923
3004886,354.2404953353946
3004887,5.99912979222834
3004888,1110.3566400067025
3004889,466.53774559399466
3004890,298.47970960710296
3004891,185.64962693487388
3004892,81.16659389922937
3004893,3513.902225589241
3004894,11.672929455113021
3004895,0.41928412373799934
3004896,29.670323219742905
3004897,24.943536312280866
3004898,0.21296088995024884
3004899,230.6235865661158
3004900,2.635668876953054
3004901,2.8017849968212185
3004902,7.576171952545505
3004903,111.85868031065465
3004904,1.6247056396026502
3004905,93.16080086343342
3004906,216.1552094928157
3004907,1.9549674703362032
3004908,6.317424341212451
3004909,163.93466071931644
3004910,138.63830457075062
3004911,1041.5211872847235
3004912,11.334287019056948
3004913,3.077834602156852
3004914,3.520127902669238
3004915,0.17301432390711227
3004916,1.5981109273576302
3004917,1718.6123765726938
3004918,0.15718222321980407
3004919,157.06649287469926
3004920,6.474465409852121
3004921,609.0345249340601
3004922,276.9748362586293
3004923,132.6112296567308
3004924,55.06822580183409
3004925,56.783601606833145
3004926,2239.950045139702
3004927,6.245275525144965
3004928,0.5626911677466014
3004929,21.54390182739725
3004930,15.638032299548774
3004931,0.16861066938888689
3004932,159.25636228727424
3004933,0.6282263717477189
3004934,20.031188029521402
3004935,3.593406131433974
3004936,108.78489164262116
3004937,2.374089642651515
3004938,95.17108021736908
3004939,131.01496219800399
3004940,0.8620748062442576
3004941,4.291619087072828
3004942,190.83608166802523
3004943,28.026845365169738
3004944,566.6388629556349
3004945,12.459863089050348
3004946,1.2475303119055365
3004947,1.5656350485775556
3004948,0.17481632219083407
3004949,2.460493127265131
3004950,1253.6523972423438
3004951,0.19233129014566516
3004952,245.74975595783297
3004953,9.111107427311632
3004954,500.38151989659906
3004955,479.8345153202833
3004956,131.58546886088388
3004957,53.470281284513206
3004958,80.09788094408603
3004959,1948.8520933354705
3004960,22.8903799237281
3004961,0.45521740818398865
3004962,10.078670278247586
3004963,14.44195995408485
3004964,0.24304909273363395
3004965,114.36560147948883
3004966,9.396340155155624
3004967,2.6067662166883805
3004968,3.2053344925402323
3004969,83.21878519688157
3004970,4.553805309727682
3004971,594.1701703173654
3004972,130.2045370999802
3004973,3.075589926448392
3004974,4.483279445841949
3004975,366.4309816894628
3004976,31.02315214330997
3004977,1142.7765200936053
3004978,20.342463746952905
3004979,10.209938331919233
3004980,2.54465404529914
3004981,0.19912683783650212
3004982,3.7351438351687674
3004983,3357.2757430026936
3004984,0.240822391470727
3004985,793.9093397108797
3004986,18.23509819244476
3004987,1078.953601822576
3004988,1278.8832671119412
3004989,325.4501644209826
3004990,261.72581190918527
3004991,216.93977952362428
3004992,4030.816338707035
3004993,36.78570188122207
3004994,0.778705796380811
3004995,19.768903588383978
3004996,34.62482543239711
3004997,0.29103518514632803
3004998,247.5839305654177
3004999,8.97866778595676
3005000,39.30306748208977
3005001,9.827454528710915
3005002,141.68200324570893
3005003,15.064772399126564
3005004,685.0718376042753
3005005,258.25693937183286
3005006,13.90551204657784
3005007,8.994816545955723
3005008,747.2809884048321
3005009,126.84071892506654
3005010,3469.2395707534547
3005011,50.24345247526764
3005012,35.3378493252797
3005013,3.741274156315989
3005014,0.33406756988114605
3005015,6.1863799194741524
3005016,2805.904056585953
3005017,0.3443066557285971
3005018,589.8461976037021
3005019,11.868516607353179
3005020,606.8392503958638
3005021,841.5284917020256
3005022,248.5020196636612
3005023,192.20641513316326
3005024,153.56809959353015
3005025,2930.0457970931247
3005026,27.26133279829558
3005027,1.3173397003155125
3005028,26.93757918532092
3005029,19.85286647394107
3005030,0.40479234281658705
3005031,160.2601221938458
3005032,0.5875305488413184
3005033,34.82464263760517
3005034,6.877127362038036
3005035,322.0160676868438
3005036,10.704698439988265
3005037,504.7633362816566
3005038,153.1035602706918
3005039,6.415948037586379
3005040,7.6384274607254135
3005041,387.39515470453483
3005042,54.36930044176828
3005043,2565.883194843377
3005044,3.0959850457960734
3005045,9.10967701215222
3005046,3.111529282809193
3005047,0.1388087607334271
3005048,1.3719543913520866
3005049,703.0246910179172
3005050,0.13974615149101213
3005051,202.65639027247104
3005052,5.3988427509920225
3005053,323.7370943570002
3005054,217.40555521672627
3005055,105.61378630076842
3005056,35.808700411585114
3005057,33.515765376385566
3005058,1414.3864820020906
3005059,4.830870651662881
3005060,0.4811731290007775
3005061,8.076665578577172
3005062,7.454673139802458
3005063,0.2196680017946548
3005064,71.1687988367599
3005065,0.18612071919900405
3005066,8.56215916479548
3005067,1.1167089628601907
3005068,35.24475667898414
3005069,0.21024484488291934
3005070,416.9849464263416
3005071,116.3398300402478
3005072,1.7491924139726542
3005073,1.0850567442184471
3005074,222.8747862739247
3005075,17.253497169343962
3005076,506.2680092218575
3005077,3.3516300549704896
3005078,3.678161159829034
3005079,5.194168289069896
3005080,0.22251151030431887
3005081,3.294864408227769
3005082,2807.9661688099723
3005083,0.22003580956272042
3005084,553.0544029594113
3005085,16.11580359508911
3005086,778.8799730528631
3005087,932.3942217341498
3005088,306.9503505590741
3005089,231.25534792430926
3005090,161.39218849566785
3005091,3510.475804534176
3005092,27.29706788626436
3005093,1.8475197233539022
3005094,22.271915496677664
3005095,26.298173627264458
3005096,0.257909804628253
3005097,188.54169412355563
3005098,4.267446090838004
3005099,37.72054702435406
3005100,8.502926831548518
3005101,256.5519056345217
3005102,3.397082457245423
3005103,425.6782882904734
3005104,205.26599281210306
3005105,9.016588217153913
3005106,9.116539124481271
3005107,479.7992108762902
3005108,74.41324466467655
3005109,2392.419036303431
3005110,2.678150427447339
3005111,21.55306468516988
3005112,4.375807218653453
3005113,0.1721176992341287
3005114,1.992375811000381
3005115,3009.334804968829
3005116,0.1723555214089721
3005117,489.5302880684692
3005118,15.033748657606502
3005119,977.0905567913558
3005120,714.86883978282
3005121,394.40877907371333
3005122,159.58859373688037
3005123,74.3601978599544
3005124,4272.034164712839
3005125,14.9007893699371
3005126,0.5612764874280202
3005127,26.34120356239903
3005128,20.18668808040512
3005129,0.4814954707800657
3005130,201.30023286463182
3005131,0.23482467100656487
3005132,5.24115420027209
3005133,4.345199883161787
3005134,69.5148585208766
3005135,1.0682688376323053
3005136,163.84646449987608
3005137,245.8300286241599
3005138,4.0499739427198564
3005139,3.732092495223185
3005140,210.76920559885366
3005141,82.10757718458873
3005142,1314.7675307113186
3005143,2.3327024772964813
3005144,2.3960795396773884
3005145,4.245401569553182
3005146,0.29795513729425005
3005147,2.9361886528365098
3005148,2713.687955572863
3005149,0.1576461811376142
3005150,551.1410838585541
3005151,11.895336261862662
3005152,858.4085466539024
3005153,564.0845712049619
3005154,269.97835237209387
3005155,155.2275081365272
3005156,79.06887366886453
3005157,3230.303573636791
3005158,13.348100086169127
3005159,0.8232279927368596
3005160,21.83496693897294
3005161,17.49470940349644
3005162,0.1765763755014776
3005163,189.16110166342958
3005164,0.21466793600838371
3005165,5.546668569961841
3005166,3.6433655878091527
3005167,133.75070341978162
3005168,1.1615830359101762
3005169,101.10279472316068
3005170,170.9828380592703
3005171,3.116828333492554
3005172,3.748179541814562
3005173,204.5299166696432
3005174,60.64897565057443
3005175,870.7997141499718
3005176,2.785915940743168
3005177,3.848860957237563
3005178,10.308495165813698
3005179,0.4989507516573231
3005180,13.944968780445988
3005181,7547.234713490675
3005182,0.4623059597750664
3005183,1195.3300550500335
3005184,43.15093595457401
3005185,1813.136779659702
3005186,2019.1714401964587
3005187,445.37897759580636
3005188,532.968129982238
3005189,392.6361081122515
3005190,8096.062595223068
3005191,83.71515990423848
3005192,2.560274242255454
3005193,56.531862332996226
3005194,55.895830238815506
3005195,0.38847643233296997
3005196,517.8506083932614
3005197,40.050276767903945
3005198,65.20429498379404
3005199,26.284738698204933
3005200,378.5822717689748
3005201,35.46728285333218
3005202,1289.5757182561267
3005203,517.9376747545332
3005204,18.252948797427333
3005205,23.143395401765883
3005206,1523.389006037986
3005207,256.3446215437767
3005208,7265.926883626808
3005209,3.5840813522247723
3005210,111.8214174178249
3005211,2.473112704889856
3005212,0.20951193135908347
3005213,0.6206969447155328
3005214,1453.184760692173
3005215,0.1429649932924446
3005216,140.33787836295247
3005217,4.403764619978573
3005218,529.113009853008
3005219,223.20859867266248
3005220,133.9656156584091
3005221,126.63797006580538
3005222,45.76691380792391
3005223,1847.6344838072293
3005224,4.384142175875354
3005225,0.3337762795776268
3005226,10.941095571663745
3005227,8.429745627681767
3005228,0.17366251260724247
3005229,119.09217658214436
3005230,0.46164298543911797
3005231,12.882032334049889
3005232,2.3647563381561136
3005233,50.25383869468878
3005234,0.5975727261124826
3005235,57.30104038129323
3005236,86.29510771880183
3005237,1.8114090737687727
3005238,3.2096138249305826
3005239,125.1790803585018
3005240,18.745516619528413
3005241,475.0831495271781
3005242,3.6971636054920447
3005243,2.677783943036215
3005244,6.527645434102951
3005245,0.1849420885075516
3005246,1.497011958767145
3005247,3144.0158651506113
3005248,0.17721077949140393
3005249,498.6161169379785
3005250,9.840835445627876
3005251,1023.1861621071711
3005252,561.0318742605135
3005253,304.09251815364485
3005254,278.6985776655587
3005255,82.98163859753058
3005256,4068.667176860197
3005257,10.644560906428957
3005258,0.37009564808085854
3005259,20.63711001575711
3005260,20.139202611136973
3005261,0.21542960674523773
3005262,236.905831406264
3005263,0.7020812234843906
3005264,5.972015578363484
3005265,6.856241483630708
3005266,24.255475826102092
3005267,1.0990435756756578
3005268,302.94999234673037
3005269,199.2470463537345
3005270,2.9676898258008872
3005271,4.826794810418406
3005272,151.39627706788988
3005273,62.605752490148944
3005274,1064.4094742303291
3005275,3.057825707463847
3005276,4.147905096093681
3005277,1.0721963303503248
3005278,0.11269910472657794
3005279,0.6150216716357252
3005280,1034.5607431430253
3005281,0.10319167142972892
3005282,93.95967501751912
3005283,2.8040647194341455
3005284,434.39317389114314
3005285,122.02466232034291
3005286,99.85549577878389
3005287,144.0834977821622
3005288,17.046211028174703
3005289,1509.1883874337375
3005290,1.065832310413265
3005291,0.24078758055121732
3005292,6.338143811028719
3005293,3.289751925809669
3005294,0.1236158067387209
3005295,68.42445677185371
3005296,0.14444371607732437
3005297,9.02573149456172
3005298,0.795839539620284
3005299,60.15970077825534
3005300,0.2202849192587411
3005301,59.48225472817534
3005302,60.53512693260859
3005303,0.3673491878752385
3005304,0.7864792922741606
3005305,63.16023015034121
3005306,7.709028539508232
3005307,183.1870617236425
3005308,15.69959190065373
3005309,1.013072418110955
3005310,5.2805567563216735
3005311,0.14987490423633446
3005312,1.4466788594454343
3005313,1959.1479502543268
3005314,0.14004982312922412
3005315,173.2657091509699
3005316,6.869372291183069
3005317,798.5481553949402
3005318,323.3954483205931
3005319,181.70907412456853
3005320,125.1115910676738
3005321,67.58783621354895
3005322,2482.997899623398
3005323,2.949053155644305
3005324,0.4343009682094794
3005325,24.085003011650986
3005326,13.051605578521135
3005327,0.1632174958202904
3005328,160.63696919550995
3005329,0.18041960726328402
3005330,10.503113105851686
3005331,9.26764926382939
3005332,43.201688045935626
3005333,1.0112526180189403
3005334,187.6935891074413
3005335,157.20064683215344
3005336,1.2830011665922794
3005337,2.5194315315523497
3005338,247.35406715054737
3005339,27.52982054137039
3005340,1015.0302559213384
3005341,15.417686732957376
3005342,0.3170628296874651
3005343,3.0793227511440087
3005344,0.3216828059693191
3005345,3.0562156028585377
3005346,2593.0703451504573
3005347,0.23354806329118172
3005348,689.9989787570862
3005349,9.828146618106839
3005350,898.2652623855482
3005351,598.6225899838851
3005352,261.77343698926904
3005353,123.47790640639519
3005354,73.96918399497682
3005355,4186.612929588449
3005356,6.96874839815093
3005357,2.7083486483881423
3005358,28.01724061699283
3005359,37.16378290570439
3005360,0.27194007336643
3005361,198.59160844944557
3005362,1.1826862457400031
3005363,6.307911071490857
3005364,3.0633986209116775
3005365,55.81494461768954
3005366,2.460848843626223
3005367,175.51461825471083
3005368,238.62535206581344
3005369,2.832352432435723
3005370,5.586936806245191
3005371,179.54522353657637
3005372,31.726344581616733
3005373,643.8255369423739
3005374,3.75027913093935
3005375,1.505897140920572
3005376,3.1224462938577315
3005377,0.13773008389599528
3005378,0.43382360626180294
3005379,1362.4631636719735
3005380,0.12800877394210824
3005381,94.0884317649955
3005382,2.6557366091080414
3005383,418.68887898174756
3005384,137.48657294960552
3005385,102.19803348544767
3005386,113.64180138230672
3005387,51.95886467953847
3005388,1738.8731092628814
3005389,4.696600619874301
3005390,0.40549469397563503
3005391,7.903449778173595
3005392,5.279389863872827
3005393,0.14476053106842734
3005394,88.61020234474675
3005395,0.17289482648616133
3005396,9.44671563724841
3005397,1.2354145579583335
3005398,49.56461844460206
3005399,0.5738379584958252
3005400,141.03720113426297
3005401,65.6240356242082
3005402,0.7031898514937399
3005403,0.838447342992247
3005404,64.78629561515139
3005405,17.545072713070915
3005406,322.64723698239254
3005407,1.551036438660334
3005408,0.4865766326981037
3005409,3.9567228094946354
3005410,0.15491045288161728
3005411,0.6826613904829697
3005412,3239.3167576279184
3005413,0.15527801455717324
3005414,522.890135588659
3005415,9.818300519516443
3005416,784.883653269178
3005417,534.7937497201276
3005418,216.55514224355287
3005419,107.05208703958576
3005420,111.81121630566379
3005421,3387.1492116420554
3005422,7.669520601116878
3005423,0.38390579686325127
3005424,21.87502630228864
3005425,10.594614487083161
3005426,0.16872091268948167
3005427,193.7182761117826
3005428,0.2102023140529932
3005429,27.18617762435357
3005430,2.7863198565869873
3005431,74.36207833598367
3005432,1.1226308357437973
3005433,194.41352589315554
3005434,179.4927125538626
3005435,2.431229942020102
3005436,2.3117130043848806
3005437,131.3260045110541
3005438,43.15729640786487
3005439,1122.9960649033894
3005440,1.9107512904405999
3005441,0.7965396902576162
3005442,2.7659816936725563
3005443,0.20524935193859212
3005444,7.08139431005574
3005445,2507.512729205428
3005446,0.2126291959989757
3005447,466.4050500497159
3005448,7.688017581631293
3005449,823.8060679399414
3005450,841.8708158804275
3005451,169.16865393531194
3005452,126.99562291353493
3005453,126.02124624262146
3005454,3157.9850194707988
3005455,50.66953373766907
3005456,1.2623909085794398
3005457,35.05725019268182
3005458,23.968975902720636
3005459,0.2635457785414389
3005460,203.48537232366328
3005461,16.780718761342236
3005462,24.44476574737215
3005463,2.1497846020452984
3005464,146.90735935976116
3005465,10.300346088344961
3005466,305.0072397067426
3005467,238.85791960829872
3005468,12.43693371677583
3005469,13.79425627793786
3005470,283.8019981443802
3005471,79.982509586646
3005472,2421.5934685221937
3005473,40.10848040649476
3005474,15.39785209452459
3005475,4.8914452304263865
3005476,0.19808692258793448
3005477,6.508875135827881
3005478,1983.4678261841743
3005479,0.2071918990062619
3005480,383.54722043723933
3005481,13.607370641572379
3005482,784.9404411071125
3005483,756.5863727849784
3005484,154.28633127170792
3005485,84.68678306382279
3005486,116.44398331086458
3005487,3186.259014921486
3005488,23.739898080879392
3005489,0.8490226600305782
3005490,33.44771690063619
3005491,26.22314749624442
3005492,0.22781209739695477
3005493,295.4831583919372
3005494,16.607511242517607
3005495,16.505939171445995
3005496,8.396716017498514
3005497,154.09087975578467
3005498,12.814509492654667
3005499,221.5859838779735
3005500,311.6495542878679
3005501,7.870967445338218
3005502,8.520458202669035
3005503,177.84936945763715
3005504,88.60012538434266
3005505,1863.5391001948246
3005506,12.869638383121714
3005507,17.817698201835007
3005508,7.206484968700476
3005509,0.20664196455733405
3005510,2.1021242511903204
3005511,2848.562415439654
3005512,0.19211833507526027
3005513,597.7387115092391
3005514,5.971118124665735
3005515,1208.8650041442818
3005516,590.6755538891441
3005517,192.3843084129933
3005518,259.4718351544813
3005519,68.11968323348559
3005520,4522.738353896944
3005521,26.29000623606792
3005522,1.1512162887999648
3005523,20.17001025681478
3005524,16.70278813894499
3005525,0.2306106900411033
3005526,268.78398582778647
3005527,3.6268591227630074
3005528,14.412355452488057
3005529,8.28375144227965
3005530,80.36974076803938
3005531,3.992535477403638
3005532,143.2027914682003
3005533,244.7993407168755
3005534,5.97783870530625
3005535,8.271885885662478
3005536,280.5157418447842
3005537,56.785743492179215
3005538,1371.7149442164132
3005539,7.685266609427721
3005540,11.44428693014915
3005541,3.379227223150306
3005542,0.24688774043163042
3005543,4.704603598012043
3005544,2116.0730685684625
3005545,0.2320146283241708
3005546,325.2886210615041
3005547,8.03187625480432
3005548,740.1014069003213
3005549,718.2487499322689
3005550,222.39706022887745
3005551,141.64180442838494
3005552,94.32336874095245
3005553,3120.925920307387
3005554,25.31025513393078
3005555,1.0412806010322744
3005556,15.88180103168749
3005557,12.310307810521591
3005558,0.26775781903627105
3005559,186.8941265090123
3005560,16.321649112694566
3005561,26.675121525596573
3005562,2.2568695362691344
3005563,148.8865209535553
3005564,7.394334456558861
3005565,563.020277846771
3005566,216.17086375168026
3005567,5.231006629008516
3005568,8.294602503775502
3005569,483.94347276569056
3005570,47.27118608182111
3005571,1996.844110114208
3005572,5.877610918467851
3005573,27.644469841267334
3005574,2.679607470615968
3005575,0.19956531282225737
3005576,2.829042971733473
3005577,4650.130348587741
3005578,0.1691646960580233
3005579,374.85221513684644
3005580,9.871109965313646
3005581,1536.4819266496982
3005582,500.11711792286405
3005583,299.22455541985863
3005584,153.27766279709064
3005585,72.11618201896586
3005586,5095.087886613174
3005587,10.045214701405087
3005588,1.5661426550163369
3005589,23.34109450521393
3005590,22.890837407686163
3005591,0.19139536158770082
3005592,287.46900071904184
3005593,0.21846923438459248
3005594,1.8627164477049285
3005595,6.931590111672182
3005596,35.08639437509304
3005597,2.000621927778302
3005598,129.23068617365223
3005599,246.35764294643513
3005600,2.9076632018018302
3005601,8.257131849865456
3005602,238.56836070397284
3005603,51.221634566358844
3005604,988.8887954454718
3005605,15.232225049440904
3005606,3.238693289459261
3005607,5.649645796002094
3005608,0.2114143446180611
3005609,8.386261265239641
3005610,1965.9255447403605
3005611,0.1886189274669072
3005612,425.24073187066506
3005613,11.909554428662771
3005614,909.9097896376537
3005615,678.5257163665294
3005616,234.09539442623142
3005617,131.60469204412317
3005618,177.60307831249298
3005619,3325.541941060931
3005620,37.56858193156728
3005621,0.9200373976918826
3005622,20.596118946013444
3005623,24.78992104307187
3005624,0.2187948760845011
3005625,219.36104365841123
3005626,15.040181361840647
3005627,21.903663581201712
3005628,6.919202218927199
3005629,145.89721884876306
3005630,10.75724169373021
3005631,380.47814612758583
3005632,253.54001695018772
3005633,12.392940508017093
3005634,8.153952342830715
3005635,235.06497739448835
3005636,65.13490543078977
3005637,1869.7575080527724
3005638,3.0333370664996786
3005639,8.422820341401717
3005640,3.0573410395335023
3005641,0.21372359568750313
3005642,4.273919762275987
3005643,2128.6544046108834
3005644,0.1907177073200642
3005645,396.36956324273405
3005646,9.558018806225897
3005647,626.3998058947325
3005648,778.5901337356195
3005649,175.98513024074137
3005650,133.89556859545604
3005651,115.73297628898256
3005652,2655.0660107621343
3005653,28.43820098914721
3005654,0.9311725419896254
3005655,21.536648108336482
3005656,22.046713196949533
3005657,0.22166789398641867
3005658,160.15238722156897
3005659,10.009538860742788
3005660,41.970337007436584
3005661,4.209624528406586
3005662,95.4482687574553
3005663,9.53590230806052
3005664,287.7957080359766
3005665,202.36489122947364
3005666,7.6763413407049175
3005667,7.4434131285578475
3005668,270.23476307543064
3005669,49.445474376691294
3005670,2126.622433767247
3005671,3.991666305665718
3005672,15.993958948663217
3005673,5.175265267081244
3005674,0.18006729776696115
3005675,3.431401334525909
3005676,4896.478256687379
3005677,0.16107461921100952
3005678,554.751140457412
3005679,21.303441662280267
3005680,1192.1057773968178
3005681,642.0899724793707
3005682,321.79581175170165
3005683,209.50761671913654
3005684,92.96825403375927
3005685,4594.633832164905
3005686,12.611169495701345
3005687,0.25881867030066164
3005688,14.8219986432428
3005689,21.243246599601655
3005690,0.16893447136926612
3005691,238.420183359155
3005692,0.22043915358273317
3005693,8.26528758407937
3005694,1.900990777749831
3005695,89.71658115296059
3005696,2.386566052037346
3005697,211.0253184745827
3005698,278.45141565717375
3005699,3.076424838535621
3005700,1.8708594352363546
3005701,333.53064105443764
3005702,143.18886185080274
3005703,1358.6083118680954
3005704,2.8995065017530606
3005705,0.4764910279012303
3005706,13.98464473211955
3005707,0.33680559794541665
3005708,14.49330210056436
3005709,9351.553943686933
3005710,0.30471644857146574
3005711,1561.6526602471777
3005712,27.172389522337113
3005713,2170.8072358113964
3005714,2415.539482651128
3005715,624.4008268238027
3005716,650.312442882331
3005717,489.3152597470319
3005718,10003.734678921486
3005719,91.58759446098641
3005720,3.5335964865478147
3005721,108.38342627656257
3005722,109.17575871941047
3005723,0.37992678314113715
3005724,624.703878840107
3005725,30.61230164020236
3005726,30.19997841046517
3005727,48.5392275625121
3005728,529.392905782779
3005729,26.80519061979506
3005730,1513.2546774897953
3005731,563.8661314125119
3005732,35.828900974791594
3005733,35.092007777845375
3005734,1588.551259489101
3005735,284.94738159320605
3005736,9343.332969800656
3005737,719.8512988950501
3005738,126.74065811586155
3005739,14.484080882059116
3005740,0.34213931965904515
3005741,13.277793786597229
3005742,9282.310577672231
3005743,0.3140808240420842
3005744,1308.581705194563
3005745,31.412653503368666
3005746,2452.3092927867965
3005747,2238.5367602872457
3005748,863.9968088919136
3005749,414.9435963325993
3005750,391.13952566395716
3005751,11781.986984438934
3005752,119.55320524457159
3005753,1.3561898185160228
3005754,73.8391036792554
3005755,88.62142618911096
3005756,0.7057689153046109
3005757,637.3432952077808
3005758,27.976848160784
3005759,51.05274651021307
3005760,13.738052740491549
3005761,393.4724369198965
3005762,23.96119121674305
3005763,1964.031080305819
3005764,717.2150584026989
3005765,24.339139921826437
3005766,32.646519767954075
3005767,1767.6414621131578
3005768,281.6435117293226
3005769,6845.196233129707
3005770,732.3625934507818
3005771,115.37695776237112
3005772,11.109348510330188
3005773,0.28126342518405184
3005774,16.68563196900058
3005775,5146.36840809907
3005776,0.2354807565034105
3005777,852.159349766371
3005778,15.246769220742134
3005779,1922.7925783585877
3005780,1372.4690265839695
3005781,912.0065964110497
3005782,135.55299261400316
3005783,257.1740784263339
3005784,8452.64578954312
3005785,44.77427446863124
3005786,2.616482730844025
3005787,41.96369747815445
3005788,26.934983824344208
3005789,0.49190756049482104
3005790,560.0497887344509
3005791,23.71447838501133
3005792,29.527707165383855
3005793,12.994579449845146
3005794,194.21884991604455
3005795,11.66649140109201
3005796,1757.0562828290422
3005797,660.5515015575418
3005798,20.751113767572516
3005799,39.5960490655271
3005800,995.0336689478527
3005801,144.12706902344277
3005802,2561.4688881509433
3005803,486.10112511925894
3005804,55.17032573863182
3005805,14.974692701478853
3005806,0.2846012665920015
3005807,18.980998924178532
3005808,8311.032085446288
3005809,0.25560899775575086
3005810,1205.6480210571174
3005811,25.590660140920416
3005812,2105.5902513999845
3005813,1976.783008029638
3005814,800.6660009406805
3005815,362.46099413483097
3005816,268.5143000063517
3005817,9435.289161912911
3005818,61.23384674675014
3005819,1.1683942114912105
3005820,68.53417469292775
3005821,69.25812836467179
3005822,0.8001427287178366
3005823,588.6516835934954
3005824,30.63279661101305
3005825,40.26109125678791
3005826,16.71574882019474
3005827,373.42619702296133
3005828,17.229832165736536
3005829,1525.2028289206737
3005830,672.279243390818
3005831,21.04961681717532
3005832,25.352630810238743
3005833,1453.1819897743335
3005834,232.01936656661377
3005835,5415.19148650016
3005836,818.9841557072439
3005837,86.07344915086507
3005838,11.029693238189605
3005839,0.23523101468792054
3005840,16.28675599660471
3005841,4117.346883901582
3005842,0.20900283446705084
3005843,777.3651897030468
3005844,18.118284037353646
3005845,1733.3507692547598
3005846,1173.6263802388587
3005847,709.567126202726
3005848,109.15436339009594
3005849,188.21402295000766
3005850,7244.927355327385
3005851,46.27484021959163
3005852,0.39727411131377344
3005853,34.55153370596729
3005854,29.280132227342158
3005855,0.2391226518936036
3005856,501.9220994590242
3005857,23.768019127277444
3005858,12.603238710843433
3005859,5.778906666946998
3005860,188.34227378268812
3005861,5.953739845412764
3005862,1490.8540072842393
3005863,763.5573518643059
3005864,15.206806164320787
3005865,23.321072926108393
3005866,1077.0285341217464
3005867,88.67564535461324
3005868,1732.5932061441329
3005869,501.7414879442224
3005870,28.55138605952091
3005871,11.86719776479243
3005872,0.3016713699916241
3005873,11.42643787588724
3005874,6657.452976421601
3005875,0.2740324337323139
3005876,1241.0363100327227
3005877,30.377682291001314
3005878,1677.7095125165456
3005879,2077.431100938145
3005880,534.9250387281157
3005881,515.3768681584036
3005882,384.22112478212904
3005883,7862.838262217394
3005884,72.53977336413561
3005885,1.1364319316307219
3005886,52.644182035805954
3005887,55.4212967458614
3005888,0.4265591134275541
3005889,460.39945008219485
3005890,12.248244426290599
3005891,44.74528909399415
3005892,10.517403035785007
3005893,408.67491089002675
3005894,20.868782531848066
3005895,1426.3768853862746
3005896,494.09392210925915
3005897,18.68068746196707
3005898,28.519937952845105
3005899,1409.1437605210324
3005900,242.07070425278178
3005901,7094.08733536837
3005902,364.9690724815183
3005903,110.61944205430378
3005904,5.069088394007559
3005905,0.2611478826650484
3005906,5.867880298791975
3005907,1647.5347999244382
3005908,0.2505251390942464
3005909,311.65141895865366
3005910,27.633381734606676
3005911,757.5355744570136
3005912,493.73212179778534
3005913,241.7846798129384
3005914,88.48925720094671
3005915,103.51959449470236
3005916,2792.2145309116095
3005917,31.769830281412244
3005918,0.9777340647176734
3005919,26.11164840029925
3005920,20.568677641417775
3005921,0.25830798845997277
3005922,183.12383745187253
3005923,10.632756396234445
3005924,10.011156593180187
3005925,8.546447310907482
3005926,90.85997960229318
3005927,8.325991540497926
3005928,309.1570698862327
3005929,196.32880964660671
3005930,2.95742527905499
3005931,6.388978986756189
3005932,289.7425123308906
3005933,55.596510079336234
3005934,1402.864538646943
3005935,2.2779917717060925
3005936,12.847691250269968
3005937,9.796377046293244
3005938,0.2549113659654701
3005939,13.265183900646944
3005940,4033.5976183257253
3005941,0.23467918442097685
3005942,613.6726229530552
3005943,36.46347397336311
3005944,1488.8651351342307
3005945,1074.6286364869025
3005946,538.8005401901854
3005947,106.76020241411085
3005948,170.24745986220228
3005949,6264.609448806922
3005950,80.26659089248578
3005951,1.11581252252144
3005952,61.32392855030699
3005953,37.8368241866151
3005954,0.2785560113043186
3005955,388.1622383916191
3005956,15.358878451383104
3005957,10.323196627288308
3005958,4.81579865044468
3005959,202.7969185972481
3005960,10.44109451024555
3005961,842.1401571298755
3005962,498.68631088274566
3005963,11.634720000481728
3005964,21.70914040426242
3005965,538.0786144909364
3005966,93.88839718419385
3005967,2117.4248655953957
3005968,473.9854700615277
3005969,22.643561433789287
3005970,7.108109058792509
3005971,0.25976567038770926
3005972,5.483159519185132
3005973,4500.9547366589395
3005974,0.2313317108663277
3005975,903.9711994564843
3005976,11.606628544189032
3005977,1406.8229504096844
3005978,1677.4830625298482
3005979,351.1993037255895
3005980,431.5690598807756
3005981,332.16220339481663
3005982,5232.577001301519
3005983,50.26994009328245
3005984,1.5035682955558682
3005985,31.744235183231062
3005986,42.28500925737637
3005987,0.3424688657051703
3005988,325.82075322207663
3005989,1.8368899614343717
3005990,55.6532368141516
3005991,5.194600528509123
3005992,262.9562728213899
3005993,10.997793117842065
3005994,1195.784020465523
3005995,295.2634102917118
3005996,21.32022366507795
3005997,9.84478201825264
3005998,1987.9027967214558
3005999,144.57447062870673
3006000,5656.895298403788
3006001,3.8996260975493957
3006002,70.5114089826042
3006003,9.548025998935112
3006004,0.26245112349622485
3006005,8.832213962383983
3006006,4670.258883804944
3006007,0.2679120245690173
3006008,1020.2441935754094
3006009,15.775075327841716
3006010,1639.0002094232073
3006011,1308.1477689031265
3006012,466.74249173741475
3006013,250.90079540822245
3006014,463.27347111131616
3006015,6311.562216834329
3006016,52.68500849438278
3006017,2.6720674713183157
3006018,62.00304639355724
3006019,56.482914878567556
3006020,0.3103614292656101
3006021,389.3973648462486
3006022,6.646610579258299
3006023,67.78202989244483
3006024,9.866240114382387
3006025,413.8718614282791
3006026,10.140333749667011
3006027,997.925103941118
3006028,374.4950801569672
3006029,16.73157987478645
3006030,25.751858676402435
3006031,733.0966871732923
3006032,163.2410595858254
3006033,5111.72988417301
3006034,6.416389818014548
3006035,10.336739920439696
3006036,7.618233870675384
3006037,0.1998897807625185
3006038,2.5023469572927057
3006039,2066.993685921546
3006040,0.017612743128534614
3006041,457.222140921592
3006042,7.264629187326215
3006043,888.4612246287634
3006044,504.36622125996166
3006045,242.4296856560779
3006046,91.64899670197069
3006047,148.61209997658685
3006048,2912.0476766283277
3006049,13.64338549347637
3006050,0.8978555620081161
3006051,23.432974670032028
3006052,18.175064167873852
3006053,0.1870039174235169
3006054,183.19801767286688
3006055,5.4874306655710186
3006056,12.278434110984998
3006057,5.8906697662412855
3006058,135.66880813669349
3006059,3.3561456045029776
3006060,460.4615725442486
3006061,187.42243605475485
3006062,3.8973838990767553
3006063,4.920400022834131
3006064,245.41459359119494
3006065,62.43708758670177
3006066,1872.7470539848598
3006067,4.529921191632334
3006068,3.720989744270014
3006069,4.907697550952743
3006070,0.17691132967624712
3006071,0.8254633794383213
3006072,2762.3752116121327
3006073,0.14096453820925786
3006074,182.06844076000968
3006075,4.103591256458062
3006076,830.4112353058711
3006077,214.42081597956212
3006078,209.99138328295425
3006079,66.27967991302896
3006080,29.32184413669462
3006081,2819.3832433150874
3006082,8.126779090306401
3006083,0.6161268287867008
3006084,15.94124325189091
3006085,8.645746855756355
3006086,0.14736948759083623
3006087,167.05225678342606
3006088,0.18098006590903348
3006089,9.682867139675434
3006090,3.299566929642784
3006091,24.326198600714804
3006092,0.8035384242519097
3006093,46.72407660938368
3006094,139.29773231364163
3006095,0.1838983379921523
3006096,1.5388490145589384
3006097,66.44645801135859
3006098,65.34037594529076
3006099,543.0212012596711
3006100,14.516972065436253
3006101,0.8775605637697967
3006102,5.555221685887648
3006103,0.24008268162439514
3006104,5.68279737391938
3006105,3007.0155805115123
3006106,0.263534441689798
3006107,523.803899750572
3006108,13.426168414810668
3006109,1106.4757864345547
3006110,969.5500377247763
3006111,376.0143953766056
3006112,172.2110565754824
3006113,153.9532706126145
3006114,4314.953342926798
3006115,33.22664535491851
3006116,0.9403393553808079
3006117,28.747229848870553
3006118,44.914117590658236
3006119,0.35435363485691773
3006120,271.44232736479336
3006121,19.022681920798046
3006122,19.790968563413475
3006123,12.437889384865281
3006124,152.7928644728794
3006125,7.8618863736141
3006126,670.6002821927551
3006127,283.5916914885826
3006128,8.15309416042939
3006129,14.60033074746304
3006130,671.5565508077209
3006131,108.40475037572295
3006132,2389.1122104667766
3006133,68.32607993567696
3006134,53.95431217438241
3006135,3.9988753734838203
3006136,0.22918018643514337
3006137,6.562216720092693
3006138,3595.3696031246495
3006139,0.2565171109886498
3006140,635.5529927341848
3006141,20.228287443559623
3006142,944.3596664067693
3006143,1259.4098224574377
3006144,215.54272480412655
3006145,279.18725740074353
3006146,243.6738107614883
3006147,3681.959746077311
3006148,37.28411914493107
3006149,2.0897693801869397
3006150,33.20640059497768
3006151,39.23486039900965
3006152,0.5783355795345053
3006153,222.52183436057527
3006154,12.635962799507054
3006155,45.46338130551781
3006156,7.535892863854829
3006157,271.74135504262256
3006158,18.09456061009102
3006159,727.7785338540525
3006160,217.2497207032683
3006161,6.351789827786486
3006162,16.238078237136154
3006163,820.2038668560468
3006164,137.98148814187175
3006165,4470.720843504376
3006166,3.6750171691160842
3006167,55.186742179463195
3006168,3.442247683807973
3006169,0.47292247194733084
3006170,9.34737258183116
3006171,4260.747795925547
3006172,0.24378749861714077
3006173,794.3613582126208
3006174,24.138403350068923
3006175,1111.6852275166675
3006176,1372.8519947054954
3006177,322.2434628197685
3006178,322.1354049832923
3006179,174.96394330188997
3006180,4755.113246505192
3006181,49.31734376285915
3006182,2.833289203759108
3006183,41.036230683910524
3006184,40.70575611451395
3006185,0.32437568365107966
3006186,327.0010795128982
3006187,26.10549064198196
3006188,36.236786902140565
3006189,23.349172292516503
3006190,218.49041088676503
3006191,18.991510922669622
3006192,705.1325130949459
3006193,322.30706264443046
3006194,17.127645703687403
3006195,18.981262997063883
3006196,857.6153010859306
3006197,140.26623941725256
3006198,4080.0181004982956
3006199,5.042858043162859
3006200,50.56108169867565
3006201,10.181251692136048
3006202,0.23807838057370942
3006203,6.260579517057009
3006204,2842.095910579976
3006205,0.20627661080663615
3006206,419.6764613508848
3006207,14.237308532370713
3006208,1366.136499693201
3006209,700.3181494507488
3006210,592.1168543857094
3006211,140.57188353879846
3006212,93.97072337481978
3006213,5654.9212430505595
3006214,10.62745670286892
3006215,0.9388649506673704
3006216,38.2191441043026
3006217,34.55094083781367
3006218,0.27342289576136697
3006219,326.05956168151835
3006220,6.659530202483083
3006221,4.170858920479343
3006222,6.869772436509919
3006223,71.74568786745002
3006224,3.9637145856060383
3006225,299.60017532345404
3006226,350.6070208244728
3006227,5.587738791814477
3006228,6.099385133191585
3006229,450.4018362977344
3006230,99.62675371708838
3006231,1277.949987513245
3006232,137.76042205836038
3006233,12.415039381261195
3006234,4.654402087131982
3006235,0.1901319101565944
3006236,3.9644372345482144
3006237,1926.799876804445
3006238,0.1820772781549075
3006239,279.7027110882772
3006240,10.61440892114417
3006241,505.49752825221464
3006242,602.0089779770747
3006243,118.14417755779142
3006244,131.59853198701182
3006245,123.75060609607581
3006246,2193.456973266301
3006247,14.517032634637195
3006248,1.4187553012981966
3006249,16.762247537158046
3006250,20.58179276097885
3006251,0.21767502295185784
3006252,150.6413089464021
3006253,13.954787330071788
3006254,14.465735764367402
3006255,5.294160305552224
3006256,126.85257105414793
3006257,7.5136252946357995
3006258,271.180121038384
3006259,159.60241097366423
3006260,3.8495040112083982
3006261,8.791877390763714
3006262,231.19132883306938
3006263,54.27743944326603
3006264,2169.510176524622
3006265,24.598070780972307
3006266,20.54720516167667
3006267,1.7621408939591363
3006268,0.18364783340397414
3006269,2.288286980088679
3006270,1651.566195751158
3006271,0.16841065893948068
3006272,115.08139514948981
3006273,6.947858363547482
3006274,819.4100119042599
3006275,309.84701679957624
3006276,265.5863974755923
3006277,44.84028350303655
3006278,51.41618437059027
3006279,3043.836818955477
3006280,7.807915004087298
3006281,0.48026648698045327
3006282,12.308840777202054
3006283,12.393682544093274
3006284,0.1668248725940983
3006285,189.32750806062683
3006286,4.90569813149727
3006287,7.574758481931825
3006288,2.2698449984206928
3006289,33.43801094151379
3006290,0.4021429616713913
3006291,176.5878361130638
3006292,185.89479773227518
3006293,0.9576077551557132
3006294,4.288877874128698
3006295,143.14145437819215
3006296,31.13482396803854
3006297,248.4168426629035
3006298,9.459726361267547
3006299,0.6565647995981128
3006300,8.02170833258338
3006301,0.25333307388415566
3006302,5.098481145883611
3006303,4681.916555329022
3006304,0.24203356415440583
3006305,673.2890569571044
3006306,18.592991660780392
3006307,1720.5199941423837
3006308,603.5919467400664
3006309,435.67161333871195
3006310,206.3630704358471
3006311,116.49917507055748
3006312,6949.591117690559
3006313,30.746706673924884
3006314,0.7866549545246545
3006315,34.35004750986121
3006316,20.286029449088208
3006317,0.2475145193265833
3006318,439.55967899871274
3006319,10.49232043014102
3006320,3.4236078690940235
3006321,10.59591039735152
3006322,75.90843705558123
3006323,2.641807354600067
3006324,544.9053524472154
3006325,366.4123285722085
3006326,2.7511824881606337
3006327,16.860157850372733
3006328,385.0185151170152
3006329,96.08188155151075
3006330,1332.8906190317985
3006331,27.368971454399002
3006332,10.972404428761656
3006333,6.185318176406708
3006334,0.19589523081752247
3006335,1.1988437644950805
3006336,1831.3871691386003
3006337,0.18215108760565069
3006338,189.75874840708286
3006339,11.750955764347186
3006340,828.123414179637
3006341,395.7174587115334
3006342,201.3885077715063
3006343,55.0565789767423
3006344,57.54259806075938
3006345,3012.0931178712667
3006346,9.53673333263149
3006347,0.37351665866654804
3006348,17.74237867355033
3006349,22.081053290102023
3006350,0.19578664657133
3006351,172.31607754173098
3006352,8.445751028131923
3006353,11.077999290408808
3006354,8.717445498956009
3006355,78.00728388394066
3006356,1.6650627978576529
3006357,137.79444402391314
3006358,178.28040818721584
3006359,1.395581927915154
3006360,7.670357027258149
3006361,155.29044107952376
3006362,33.50573489812275
3006363,365.01358602984766
3006364,9.244138975025141
3006365,2.8919016124599373
3006366,5.455365833538722
3006367,0.17165637415094265
3006368,4.937053970283145
3006369,1927.6310587794776
3006370,0.15824739374394411
3006371,137.71260112085994
3006372,11.57860406060496
3006373,841.9119743832555
3006374,353.1523708094876
3006375,203.38649990174545
3006376,46.05221171631602
3006377,50.59809610198826
3006378,3369.732584873401
3006379,15.676064364166024
3006380,0.22285417773289432
3006381,19.19809626836479
3006382,14.133831051337571
3006383,0.1599315098346063
3006384,180.57835935006867
3006385,1.3675934462481263
3006386,7.380117762881114
3006387,2.7657361010014894
3006388,85.00443967331128
3006389,1.1599995514984087
3006390,179.6665916436405
3006391,227.9348802969847
3006392,0.5685338141770917
3006393,4.80737268059292
3006394,131.153943320258
3006395,22.26655980083253
3006396,216.39965140465677
3006397,9.067922696233861
3006398,1.8913639046185464
3006399,4.658000688922827
3006400,0.21759612119778668
3006401,3.474997478358784
3006402,1957.654094362671
3006403,0.2139833464514352
3006404,200.41797378595587
3006405,12.979091852532429
3006406,1260.379382688458
3006407,478.15187920942446
3006408,302.3741487203006
3006409,38.224258392859845
3006410,77.5088740601257
3006411,3944.050356301457
3006412,6.620506780687965
3006413,0.35393061114867636
3006414,10.983282443524297
3006415,25.598341583522615
3006416,0.22453748067252335
3006417,271.87152431605557
3006418,1.3470262374204363
3006419,14.826155761409865
3006420,3.2850953240732057
3006421,33.88075466307335
3006422,2.891959483053183
3006423,342.3294436597181
3006424,323.1039316668279
3006425,1.4227063819593941
3006426,6.18663397202742
3006427,168.3879079330455
3006428,102.71396152168012
3006429,490.10870152594896
3006430,8.679290439103383
3006431,7.554335814841195
3006432,4.115215503529207
3006433,1.5412270161138335
3006434,2.863490685561773
3006435,1802.483408180487
3006436,0.18758593107847055
3006437,163.71050497141107
3006438,4.333313798583195
3006439,869.2758710576735
3006440,311.9928552445505
3006441,244.35389908420302
3006442,82.95418002321104
3006443,81.32482319438525
3006444,2731.8320078743195
3006445,7.0748598309803095
3006446,1.1292704745617321
3006447,14.15902848407107
3006448,18.676941065583907
3006449,0.17940911363742273
3006450,214.2525898716207
3006451,6.23441754033284
3006452,13.99408648333286
3006453,5.060609830716029
3006454,39.757190357732945
3006455,2.0705285744308104
3006456,112.16693401729037
3006457,174.21133346130583
3006458,0.943698691312183
3006459,4.73391630731965
3006460,94.74270459221096
3006461,42.17754173263568
3006462,555.3494071475474
3006463,12.263749986620006
3006464,3.6373257102801144
3006465,5.088639216047521
3006466,0.22060312559745493
3006467,1.093881289971728
3006468,1452.0798130746903
3006469,0.14094822409667138
3006470,158.91674422589207
3006471,6.590999751032186
3006472,783.4541413112265
3006473,255.5877041545541
3006474,152.8523089235844
3006475,121.7912456025289
3006476,64.06730201868275
3006477,2314.1424877367854
3006478,4.076138375510502
3006479,0.2371560612127613
3006480,14.110868315328283
3006481,15.526165901590076
3006482,0.15289275800751492
3006483,158.75561799263747
3006484,0.2457075778980957
3006485,7.440195475613738
3006486,2.89509693718689
3006487,61.2298368992259
3006488,1.3261323676989694
3006489,46.975118276905604
3006490,148.17665453607475
3006491,1.022415935733338
3006492,2.667570493347397
3006493,63.55081745352355
3006494,34.25170139947648
3006495,479.2145348788609
3006496,4.91717929520289
3006497,0.3910247231385482
3006498,9.432165773411326
3006499,0.5672955582540619
3006500,3.8978998549413393
3006501,3625.024289235804
3006502,0.26398658534928515
3006503,347.6525078870516
3006504,9.352493409726016
3006505,1255.1166466729367
3006506,739.8201703207691
3006507,562.5654726617943
3006508,167.40158259919704
3006509,181.4871593081466
3006510,5050.359686562415
3006511,21.49266909811852
3006512,1.677311497296521
3006513,26.98003644309534
3006514,31.078810203720085
3006515,0.28466969490908
3006516,316.93964505351823
3006517,0.5102655682277003
3006518,18.720376491517218
3006519,10.08040272253202
3006520,93.91348601686877
3006521,6.0858206243305935
3006522,237.25625453774683
3006523,315.4427557425437
3006524,2.3902629141114557
3006525,10.917108976340518
3006526,408.74396652129195
3006527,71.37168940397888
3006528,1423.2432492809153
3006529,57.55357904269292
3006530,15.035519111453121
3006531,4.122402601974929
3006532,0.47023468847416255
3006533,5.278092558564025
3006534,2391.182552191655
3006535,0.2162449909935007
3006536,562.2443783891828
3006537,11.216283397969093
3006538,643.5175321130181
3006539,591.1696854298448
3006540,223.45399259871252
3006541,178.75321424120963
3006542,85.8316174672766
3006543,3052.823369820647
3006544,12.239332855935691
3006545,0.9640373512800307
3006546,26.787108107265254
3006547,22.54464072021081
3006548,0.23754428478214104
3006549,216.46535633025672
3006550,9.39069294474305
3006551,3.800620603163164
3006552,9.000351874007844
3006553,89.85956175469113
3006554,2.3990872101662504
3006555,102.90088991004163
3006556,177.60886810592578
3006557,3.880893135225676
3006558,8.007197888582049
3006559,189.10736763870432
3006560,54.77417944829364
3006561,1674.785747943045
3006562,72.80485980293317
3006563,18.407353530664953
3006564,7.535205659037191
3006565,0.6270302354478342
3006566,4.715990139427019
3006567,3706.852538904805
3006568,0.26887811911789866
3006569,252.52777968577396
3006570,9.722426042067424
3006571,1347.5083306349366
3006572,486.3947069103319
3006573,420.0453025206139
3006574,62.27642280229007
3006575,63.41827226686646
3006576,4763.78409749034
3006577,19.419208092854223
3006578,1.608196125174986
3006579,17.430731905362464
3006580,21.342432162303716
3006581,0.2896279051719539
3006582,264.40876563021817
3006583,12.088732844535155
3006584,14.932435938345122
3006585,5.004168155978261
3006586,88.83877591787473
3006587,4.101042046061631
3006588,210.8746154243328
3006589,274.694116027891
3006590,1.7690498804416972
3006591,7.440164173573235
3006592,272.728798061928
3006593,32.84054252708864
3006594,604.4366582956843
3006595,20.69182386762199
3006596,4.9884281726857065
3006597,7.495752330849931
3006598,0.3041035221266412
3006599,9.062359718554937
3006600,3174.0908841297855
3006601,0.32647606020436576
3006602,658.9876953496115
3006603,14.527917293908672
3006604,827.6720182808727
3006605,836.1396063652732
3006606,266.4052928775596
3006607,181.61036049407218
3006608,132.4827135345919
3006609,3923.6467356373323
3006610,41.40670858515501
3006611,1.4743263546855405
3006612,22.94357565956931
3006613,30.760486516030983
3006614,0.3052922005623727
3006615,269.3665162132365
3006616,27.440947005553124
3006617,21.393246331580116
3006618,7.108340420362174
3006619,163.76848412597425
3006620,13.112094060200034
3006621,430.9381093260855
3006622,269.37759968347814
3006623,9.031207451358378
3006624,9.903175108711538
3006625,443.2104163162743
3006626,115.95950807382408
3006627,2443.862631892962
3006628,29.684796141467118
3006629,35.37423009814643
3006630,10.272857644838185
3006631,0.3074679167149236
3006632,6.590477655510538
3006633,5444.017782221024
3006634,0.26617363363760194
3006635,563.539719828174
3006636,13.619932546580568
3006637,1621.4794045214214
3006638,852.7890384684054
3006639,737.7266450642229
3006640,111.39035534663192
3006641,153.72676717539903
3006642,6609.002532262104
3006643,16.59435142123966
3006644,0.6832000376261996
3006645,24.52048600926838
3006646,18.742136203729622
3006647,0.29886695984331
3006648,400.8661656306006
3006649,2.240583609973017
3006650,7.793355429355899
3006651,5.22840911853543
3006652,118.76011404464366
3006653,2.449062516954643
3006654,356.7011278296501
3006655,447.94876739393993
3006656,4.974734508098413
3006657,9.171809692596268
3006658,348.22496534517506
3006659,88.04314727080234
3006660,1214.857468431084
3006661,74.69400453401381
3006662,19.055817670308212
3006663,13.793724830868541
3006664,0.3920012145584449
3006665,5.267353976666906
3006666,3421.6773091283585
3006667,0.24860135409382028
3006668,464.3808386805536
3006669,11.757021920816104
3006670,1400.8695816604675
3006671,647.329106740776
3006672,333.6950970055349
3006673,260.6864701105944
3006674,162.77256019352478
3006675,4724.7775654125735
3006676,15.873303403960698
3006677,0.5501631000894429
3006678,43.3972014106621
3006679,37.34086227436036
3006680,0.3291579745348644
3006681,329.1074657748787
3006682,5.370488629123762
3006683,4.610597194974277
3006684,11.381846757443817
3006685,156.67302201258676
3006686,2.693887255611585
3006687,117.85982659065833
3006688,300.4109001662248
3006689,3.003767705094066
3006690,7.400272078869725
3006691,206.69972806600686
3006692,160.67904454771005
3006693,1401.3568330106234
3006694,9.869298867244453
3006695,7.855845501132685
3006696,5.083046066700813
3006697,0.180106537012333
3006698,2.030631158250444
3006699,1972.8860397753206
3006700,0.1680403926560065
3006701,141.35465815148288
3006702,10.436179159608121
3006703,704.3549691335719
3006704,335.7886813893679
3006705,154.5419337339672
3006706,47.534816531858446
3006707,105.04632857755804
3006708,2665.5118192143577
3006709,9.298820640513924
3006710,0.7271520809600368
3006711,25.75240063874433
3006712,19.437819020864463
3006713,0.16411870002069986
3006714,177.57573542201786
3006715,0.7777754209203677
3006716,8.625877098663365
3006717,4.4993638792437105
3006718,142.31991357397496
3006719,3.0945337803495647
3006720,101.60022378448723
3006721,149.64261603251086
3006722,1.3628941599570596
3006723,5.665279198049626
3006724,127.03681370216972
3006725,29.706937158354542
3006726,412.36061446957973
3006727,18.094775531512095
3006728,4.908994539064207
3006729,2.0739720573685947
3006730,0.15642791743674225
3006731,3.904240107209234
3006732,1478.14739156746
3006733,0.17430565899623965
3006734,236.66760164591955
3006735,11.753886791491919
3006736,509.0729971923898
3006737,473.05565256494833
3006738,138.69482976574074
3006739,47.9782786090741
3006740,79.98119590165193
3006741,2244.584142144304
3006742,22.595943051003054
3006743,0.43404046077400366
3006744,13.357984014140976
3006745,17.008210956371723
3006746,0.22765256741828177
3006747,128.21825556293652
3006748,13.929737038930753
3006749,3.27559933796317
3006750,3.121557377281996
3006751,91.02356069629931
3006752,5.895022954194898
3006753,339.56419698066765
3006754,155.78176758395787
3006755,4.06365283679545
3006756,4.800515649775155
3006757,235.15869162483975
3006758,32.675559588158606
3006759,1083.9534371732602
3006760,7.9306744614026154
3006761,6.342252116190314
3006762,2.9576920522971957
3006763,0.16743666221850081
3006764,5.671978162086808
3006765,3858.9839761402536
3006766,0.2015895456479365
3006767,836.0751467485013
3006768,19.71599731055168
3006769,1168.628295529363
3006770,1404.8151579703926
3006771,305.5654534607888
3006772,244.4102470098955
3006773,210.02373053962015
3006774,4320.178044183154
3006775,39.63527543907729
3006776,0.89979027385553
3006777,23.659634371172647
3006778,36.372339359772845
3006779,0.24401853045460048
3006780,263.3250861317522
3006781,12.708933014427021
3006782,39.85816261434151
3006783,12.633753307963007
3006784,147.845278613862
3006785,16.222328352883967
3006786,416.46945027893725
3006787,289.590830044566
3006788,18.579629444730504
3006789,10.783267563350625
3006790,537.6754002982768
3006791,126.58186016271118
3006792,3626.299562452773
3006793,19.257170531078813
3006794,24.413810329033023
3006795,4.876320106498173
3006796,0.34241836138727194
3006797,6.27338545876288
3006798,3713.5204096572447
3006799,0.36381343995846827
3006800,642.5057276413971
3006801,15.803658776168552
3006802,758.60431084722
3006803,1019.5452839140326
3006804,256.19662467919943
3006805,212.8380567212372
3006806,257.00248312245003
3006807,3291.1063379693082
3006808,34.94971065500179
3006809,1.7809783318984749
3006810,28.515330978383144
3006811,25.72643596650922
3006812,0.39299963664916726
3006813,179.0862535196975
3006814,0.621849192603167
3006815,40.79569006265738
3006816,9.107666755210946
3006817,634.2710798919233
3006818,15.646762049965103
3006819,309.57507098525343
3006820,178.08810976821943
3006821,7.6254097269984165
3006822,10.625282776293115
3006823,273.9490454452896
3006824,60.61730336541924
3006825,2683.0717028758754
3006826,2.962094475063332
3006827,7.300236131972462
3006828,4.0360863554435
3006829,0.151233659848051
3006830,1.3067806379274132
3006831,926.7599743888859
3006832,0.1525831589976859
3006833,234.9506794132879
3006834,7.316708245752687
3006835,332.41109905576195
3006836,255.28358064776197
3006837,96.68426276712614
3006838,36.97314474220619
3006839,38.328782552728505
3006840,1537.4249824600709
3006841,6.004506073051764
3006842,0.45725142590606505
3006843,9.932554047066013
3006844,9.7917357547234
3006845,0.2607337195664668
3006846,86.42622760936125
3006847,0.2210674284639894
3006848,6.937822256851613
3006849,1.3138949412544147
3006850,52.87973838718832
3006851,0.23597247229947543
3006852,267.850310379176
3006853,125.20388490654754
3006854,2.702284800155946
3006855,3.3741298838032883
3006856,159.81316526906264
3006857,23.362263209110143
3006858,493.9723095387968
3006859,1.8890318684809069
3006860,2.3577773876072343
3006861,9.081196426774612
3006862,0.27778839593491533
3006863,5.304217864724866
3006864,3631.5195552419063
3006865,0.2775048401653243
3006866,653.6093450172175
3006867,24.20776260601964
3006868,929.1128087724367
3006869,1090.0718559108238
3006870,333.7229330533255
3006871,262.7252678126762
3006872,242.4898753478377
3006873,4306.196085594217
3006874,34.57280746035611
3006875,3.055781424140296
3006876,22.554347153630037
3006877,37.08044644603429
3006878,0.3016378650573504
3006879,241.78777979852566
3006880,10.559353979084074
3006881,53.93184780011959
3006882,11.471099100240908
3006883,405.018024251426
3006884,6.080996579963712
3006885,310.2200528012963
3006886,272.2477725559383
3006887,12.77907366829285
3006888,12.32606213084034
3006889,394.7689184224645
3006890,97.0170132952336
3006891,2900.5655600083383
3006892,3.155957870973014
3006893,17.097306745301104
3006894,6.987570936460371
3006895,0.2109547055617235
3006896,4.352439680102475
3006897,3906.2149117446706
3006898,0.21068247696498457
3006899,692.210192385075
3006900,20.438794869908644
3006901,1401.5129441460933
3006902,920.4255140247673
3006903,369.20158243545364
3006904,215.85585009371064
3006905,126.93360299179976
3006906,5299.461434143031
3006907,20.01820407941976
3006908,0.9008475404491068
3006909,38.81847642939434
3006910,25.785636049359336
3006911,0.6282855292039718
3006912,302.5145185626246
3006913,0.2796369972645893
3006914,7.684272503779773
3006915,5.991453653800211
3006916,123.4148078633288
3006917,1.52145531237856
3006918,209.21191932052096
3006919,302.79029652369
3006920,6.059076921206652
3006921,5.493530695922343
3006922,240.98507293186975
3006923,83.91380965964169
3006924,1706.6645849748072
3006925,2.5686039151348217
3006926,8.70329928108233
3006927,7.062253887305049
3006928,0.40569213046780284
3006929,3.987956740368257
3006930,3365.913445285154
3006931,0.2084315764385645
3006932,710.2580875184977
3006933,16.772318930141935
3006934,1097.0723928226132
3006935,750.271894062225
3006936,277.9394123384731
3006937,216.50801993716937
3006938,163.56289772315532
3006939,4379.450582940222
3006940,20.07408374838282
3006941,1.408369004255456
3006942,27.437684636943583
3006943,26.16153009282564
3006944,0.2203220554324722
3006945,266.55105562011846
3006946,0.25765120295860366
3006947,8.566207425291145
3006948,6.584860068353006
3006949,210.43255301260518
3006950,1.830682456342516
3006951,116.98428693085009
3006952,247.25513200324596
3006953,4.8671942275773
3006954,5.984450859518581
3006955,189.67637254501955
3006956,75.60090270510582
3006957,1262.2881225645879
3006958,3.2362138943749033
3006959,8.710383695684822
3006960,14.132300423392373
3006961,0.7162678673038482
3006962,18.51486779030123
3006963,9254.979867172808
3006964,0.4320448224445802
3006965,1381.5916565174696
3006966,50.95651743453892
3006967,2023.4976374331652
3006968,2409.0163534888347
3006969,413.83175839729176
3006970,552.3843791910595
3006971,429.15830015665443
3006972,8585.342432856303
3006973,88.48266879031759
3006974,2.7336959480791903
3006975,62.26790648101516
3006976,62.980491200495635
3006977,0.464828879179501
3006978,619.7696263946146
3006979,56.26157682327061
3006980,69.84331180737179
3006981,27.902815660840083
3006982,392.0901930633656
3006983,39.69289813623611
3006984,800.9970637248124
3006985,655.4861241953429
3006986,23.166376425850213
3006987,33.59963818393954
3006988,1262.133191235494
3006989,278.37084308718187
3006990,8103.768214797446
3006991,2.9720419386743973
3006992,83.89095320626161
3006993,3.245035952644933
3006994,0.2557425164497775
3006995,0.6005064672532949
3006996,1897.2190805276732
3006997,0.15647676248602305
3006998,180.77487993341148
3006999,6.014973024217035
3007000,560.3749701656856
3007001,274.9108986402687
3007002,124.94451974172861
3007003,136.53582857534252
3007004,80.7759189502104
3007005,2468.1428899203065
3007006,6.725529309485298
3007007,0.33717517559234256
3007008,13.153126461253878
3007009,9.948538192755237
3007010,0.17623285037826592
3007011,176.0647183296236
3007012,0.7306315031234473
3007013,7.520189105721432
3007014,2.880150186453276
3007015,74.10915723590789
3007016,0.7368284340164366
3007017,71.96104286409002
3007018,96.48001932757509
3007019,2.1900143990810093
3007020,4.574977630500076
3007021,117.14057002748814
3007022,22.550367034440093
3007023,483.6702419307223
3007024,3.934539867989579
3007025,3.7816861546004987
3007026,9.798781003068523
3007027,0.21394537031955163
3007028,1.919430655259344
3007029,3560.6519592479967
3007030,0.21241897929465334
3007031,574.8982800155698
3007032,13.225970070155851
3007033,1398.0339966336676
3007034,742.0826244746212
3007035,283.3242296592104
3007036,254.04972630529016
3007037,158.75723486675747
3007038,5089.667833044781
3007039,14.553518827269382
3007040,0.4834974781289965
3007041,25.2368314296186
3007042,22.433084285254807
3007043,0.24648439039695666
3007044,294.83799588560095
3007045,1.2185966898654932
3007046,7.492318752006928
3007047,9.803718687971411
3007048,37.073914674689966
3007049,1.7155462809339153
3007050,348.8881893662816
3007051,280.4571582747499
3007052,4.461565963359447
3007053,6.890675515888456
3007054,143.07612412887778
3007055,75.94704783055369
3007056,1350.9119679140895
3007057,2.9887587701132516
3007058,7.431277158474124
3007059,1.7151861444044916
3007060,0.15554889522857784
3007061,0.9971722041337706
3007062,1226.6767849966898
3007063,0.14607494460494236
3007064,119.06657238109202
3007065,4.550601030676635
3007066,726.931900921655
3007067,175.19056296567422
3007068,93.24886447655658
3007069,137.11031415864753
3007070,29.979431627998256
3007071,2054.977649647825
3007072,1.7717975570926092
3007073,0.2945778512946875
3007074,9.553078648511741
3007075,5.309404556275562
3007076,0.1535650385457292
3007077,98.89551195288747
3007078,0.18171789413476272
3007079,6.45770566718355
3007080,1.352903671084758
3007081,63.999281613272906
3007082,0.28775859711535684
3007083,68.06379959660659
3007084,87.8433846854903
3007085,0.5541131296290108
3007086,1.2721282173473734
3007087,64.59512469802605
3007088,12.091740294648519
3007089,243.51606085743265
3007090,7.045532017134598
3007091,0.8830398010170819
3007092,7.701294490156922
3007093,0.16602902587234514
3007094,2.270516544906141
3007095,2320.856408614815
3007096,0.15521820331407007
3007097,230.01308005176713
3007098,9.883900102409969
3007099,992.5519805812806
3007100,467.2269861358123
3007101,181.3234754876448
3007102,163.25342413616653
3007103,143.5293344400191
3007104,3156.0956144880506
3007105,3.6450051138268456
3007106,0.5428370220674921
3007107,30.146867348922484
3007108,22.902314259401063
3007109,0.17176259692334322
3007110,284.32028651018385
3007111,0.18664235213136612
3007112,6.909383370325812
3007113,12.921108359189201
3007114,62.69223935077554
3007115,1.3953409397587575
3007116,275.71694300703143
3007117,206.36284674181465
3007118,1.7898254124256863
3007119,3.6441591220381957
3007120,175.04325358170814
3007121,33.23894784402358
3007122,1263.8766259353254
3007123,6.214342227128155
3007124,1.2801761052286658
3007125,3.87334469015906
3007126,0.2619085244257849
3007127,2.17860020938405
3007128,2891.6654172512444
3007129,0.2222540508311315
3007130,719.8344587590398
3007131,11.760328012980269
3007132,928.1856279614062
3007133,650.832682982045
3007134,220.9403961049426
3007135,114.388551327609
3007136,80.84262859084333
3007137,4678.871725766069
3007138,10.91702134796406
3007139,2.6872716373321803
3007140,30.97095572422967
3007141,43.8831815626726
3007142,0.2578153210753672
3007143,218.77134515341652
3007144,1.8648050033779462
3007145,7.366573694144046
3007146,3.9816867145499133
3007147,65.17791325532096
3007148,2.8995245186237804
3007149,160.5785468908994
3007150,296.53731809323574
3007151,4.290522495742585
3007152,6.892985591373047
3007153,153.91294234286354
3007154,33.45182609498926
3007155,648.8335162714038
3007156,4.062452394627671
3007157,4.791357858822103
3007158,4.6852986278176605
3007159,0.14697822808285824
3007160,0.6223094151266452
3007161,1894.7772802518225
3007162,0.13757454543116704
3007163,107.20118296337273
3007164,3.188293807535809
3007165,526.908200914216
3007166,218.9160764962518
3007167,113.94606557267824
3007168,172.43912176726298
3007169,93.1560654661099
3007170,2348.9057693920827
3007171,6.78026126364833
3007172,0.5576648305407951
3007173,12.212388871914927
3007174,6.554283650041141
3007175,0.13912467080249863
3007176,111.31562118316668
3007177,0.17210980046351027
3007178,5.501904037921755
3007179,1.5743929477479297
3007180,108.62104200746838
3007181,0.7374378091809519
3007182,157.21858466694516
3007183,93.30103202398307
3007184,1.0566700092301642
3007185,1.1719448188458568
3007186,58.8143925325247
3007187,23.176336691208473
3007188,413.820472593585
3007189,1.429763750881399
3007190,1.4123693331670948
3007191,5.118245548738933
3007192,0.1653520829745594
3007193,1.0240501220116682
3007194,3609.5299812136773
3007195,0.1659950899127107
3007196,500.7869991905353
3007197,14.178383577157817
3007198,880.0941464995786
3007199,576.8378234582079
3007200,203.52903040995642
3007201,138.7167927728345
3007202,182.53124237254352
3007203,3851.7153336241945
3007204,8.688120567164274
3007205,0.43125226784592685
3007206,24.03293054301458
3007207,11.752381168535296
3007208,0.17992851159162568
3007209,223.76510872966617
3007210,0.21654030878437355
3007211,33.23740239114174
3007212,3.4647563540536863
3007213,145.22064931518108
3007214,1.4140775609451983
3007215,212.42665026756632
3007216,220.60057362504566
3007217,3.198261499112508
3007218,2.8311548982043795
3007219,122.57347905552348
3007220,47.49876056240924
3007221,1343.9637058208207
3007222,2.0531031119178764
3007223,0.826009831006183
3007224,3.2107104664492763
3007225,0.1949885683491431
3007226,9.74176570163547
3007227,2680.643059587937
3007228,0.19148067934294669
3007229,485.70360899789125
3007230,9.80766923151656
3007231,850.5941430432542
3007232,813.7079973675516
3007233,141.89109990595446
3007234,121.68686963894326
3007235,108.1442767708923
3007236,3529.1482261175643
3007237,50.037897898254975
3007238,1.5839872685527858
3007239,31.77979259007921
3007240,28.636699762521978
3007241,0.23413757505438076
3007242,235.12479152133142
3007243,24.17994414382325
3007244,21.036757422673254
3007245,2.374573992771515
3007246,150.79719303103698
3007247,13.371178177119734
3007248,207.42075628730856
3007249,266.35650618545014
3007250,12.921018501925325
3007251,14.394237003535387
3007252,268.7023878243838
3007253,63.507592965347925
3007254,2535.6997228532896
3007255,15.821571673853263
3007256,11.014526853165197
3007257,7.184369935481437
3007258,0.2193681109679253
3007259,11.170667943883306
3007260,2861.6879048647384
3007261,0.22590149847980548
3007262,519.4028344529268
3007263,17.515391679376616
3007264,1101.113137125857
3007265,912.7810175114155
3007266,177.636096504953
3007267,106.99918154979103
3007268,129.0785625940246
3007269,4282.620016493191
3007270,34.756083842926024
3007271,1.1670345834356062
3007272,40.38543409511493
3007273,35.704578888263555
3007274,0.2514567635996047
3007275,394.87547252230183
3007276,32.04258885659243
3007277,22.33435318432121
3007278,11.400669092189524
3007279,175.7238609303077
3007280,17.218096490508664
3007281,174.07690749262574
3007282,444.2511174316878
3007283,9.964140745707688
3007284,13.210163390806041
3007285,161.72092809034186
3007286,100.76659605638349
3007287,2310.2865622468803
3007288,11.226083837554965
3007289,18.531523958020596
3007290,10.006706401103253
3007291,0.32109503265267125
3007292,4.04918782938631
3007293,3893.319260058993
3007294,0.17753209253855973
3007295,701.0767730603242
3007296,8.899672444092527
3007297,1521.293832218928
3007298,657.9731758474306
3007299,213.03568963952384
3007300,316.4010295987881
3007301,118.09131109335463
3007302,5458.62486843191
3007303,38.66849503644057
3007304,1.9029912918439373
3007305,28.86661660071849
3007306,21.272091976787603
3007307,0.20991480729214754
3007308,350.5040577605925
3007309,6.679350691635462
3007310,15.823033265536166
3007311,11.764375620103241
3007312,106.78923556658519
3007313,6.605998108425235
3007314,178.1327479149441
3007315,309.9427202267712
3007316,8.09818448130053
3007317,11.068432723113173
3007318,263.35402056759
3007319,60.2064033644879
3007320,1614.9795214981295
3007321,14.37652217161405
3007322,17.400483912391003
3007323,5.038002187345479
3007324,0.29733504512521164
3007325,7.217913418943454
3007326,2610.6169508117605
3007327,0.2412254293981573
3007328,382.4067380054789
3007329,12.4793692719072
3007330,830.5184160449327
3007331,807.1400079840721
3007332,229.29558258348462
3007333,149.80337785824796
3007334,121.25866079663005
3007335,3732.920083420578
3007336,32.87889527172209
3007337,1.3906016253687827
3007338,18.15263702175068
3007339,15.247562166444128
3007340,0.2829502476693235
3007341,227.3739454273222
3007342,20.9968934359421
3007343,23.880279028854552
3007344,3.0965878926868537
3007345,173.2599601381041
3007346,9.88684923584168
3007347,357.1153173703301
3007348,267.37661201016664
3007349,8.177701130099882
3007350,10.466633880031068
3007351,416.0530498292439
3007352,57.968876226308616
3007353,2480.8329155597075
3007354,5.194716872861002
3007355,25.81945055935147
3007356,3.68031233031427
3007357,0.22257932835954863
3007358,3.8810715451535103
3007359,5283.492449498172
3007360,0.19408816850192892
3007361,468.4559548721846
3007362,15.335081286121152
3007363,2157.104485288711
3007364,695.5710058702402
3007365,286.0751421760899
3007366,184.15086564505378
3007367,108.54958994211202
3007368,6723.5734391330025
3007369,11.751104414282755
3007370,2.127338924792447
3007371,30.95744101759669
3007372,28.598651543038287
3007373,0.21558812554867957
3007374,397.92987072501097
3007375,0.23846031058915887
3007376,1.541077026966909
3007377,9.87655215018849
3007378,75.55568699656621
3007379,2.7284048429091916
3007380,154.8891545851134
3007381,326.5915667454903
3007382,3.4815255021908404
3007383,11.010096436515726
3007384,173.55092885001486
3007385,60.316889584446564
3007386,1165.8328515568433
3007387,8.936531195791163
3007388,6.65763265499364
3007389,9.23949808589098
3007390,0.2483725297025733
3007391,10.377332192576404
3007392,2758.822266948455
3007393,0.22081299652991052
3007394,594.581263875407
3007395,14.754598905401897
3007396,1120.9198937783394
3007397,836.4251902926632
3007398,261.54843307219437
3007399,157.99196668083707
3007400,226.41739040058548
3007401,4310.129572775904
3007402,51.615849662975215
3007403,1.4515898646538796
3007404,33.95179189755646
3007405,36.55512926471629
3007406,0.2356242918038929
3007407,286.8826355455852
3007408,24.637785675389384
3007409,20.86185502967752
3007410,10.780708096185373
3007411,207.7929909037155
3007412,17.357624494903057
3007413,281.86135414959637
3007414,402.24633346807224
3007415,13.899011501855794
3007416,10.327667390139215
3007417,223.57858815499714
3007418,75.9928592233725
3007419,2274.8035444273078
3007420,2.600862120137976
3007421,7.336039031709439
3007422,4.70558269619453
3007423,0.25636668963228615
3007424,7.831728989406171
3007425,2694.172235573653
3007426,0.23390926877340446
3007427,501.5301362331404
3007428,12.7944380669474
3007429,772.2476032374299
3007430,865.5855874377507
3007431,187.2315369143072
3007432,144.04142983165707
3007433,126.38816344998538
3007434,3278.3203040464437
3007435,37.294166612118666
3007436,1.3026132814899327
3007437,31.67412376049898
3007438,28.93497934305
3007439,0.2541484752899795
3007440,220.45722319342605
3007441,20.000804903762326
3007442,51.35193554591517
3007443,6.697683720035848
3007444,118.67298687698622
3007445,13.091756053086026
3007446,263.25193059194567
3007447,238.03271256460985
3007448,10.737262021501651
3007449,10.016127199694145
3007450,249.14056277561838
3007451,55.10041556116805
3007452,2516.7065766848295
3007453,4.375226291918943
3007454,12.85056832411313
3007455,7.484697495993032
3007456,0.18857133231359788
3007457,5.1178198170983435
3007458,5148.534743845661
3007459,0.18109113240305408
3007460,588.5736562396482
3007461,20.68140525480101
3007462,1313.3438923509204
3007463,736.0929000224247
3007464,310.34000155281876
3007465,213.179438580676
3007466,116.44161597346455
3007467,5057.157971254155
3007468,12.35566305481305
3007469,0.2852598114334494
3007470,20.676483365482106
3007471,27.354069950880902
3007472,0.1904463959784851
3007473,262.62683877721093
3007474,0.2549350729537325
3007475,9.335207621851248
3007476,2.7165800080071185
3007477,151.7855307191135
3007478,3.0106711455870028
3007479,211.09328278320191
3007480,293.8854541997659
3007481,3.939730457693257
3007482,2.4387809691736977
3007483,234.74221916123702
3007484,115.0410117155946
3007485,1276.7593479413927
3007486,3.308858504481674
3007487,0.4355154783937398
3007488,18.3653080811263
3007489,0.4491458705469732
3007490,22.11378159876804
3007491,12108.895294565928
3007492,0.3858479546440648
3007493,1922.4669486157359
3007494,33.31809750860407
3007495,2822.4754753797824
3007496,3097.900942350332
3007497,676.400830099152
3007498,743.5084862043383
3007499,532.967465989823
3007500,12298.023552382658
3007501,92.10057683878789
3007502,5.078432055518165
3007503,135.0049778868218
3007504,143.42236175066188
3007505,0.4776498011826319
3007506,848.4697773984124
3007507,49.057070386381135
3007508,42.63613303074456
3007509,59.80180446496181
3007510,579.9637122893357
3007511,39.15712534639536
3007512,1088.8123261427652
3007513,774.7808872784299
3007514,55.12368684906369
3007515,43.49203989489266
3007516,1430.6625790544265
3007517,326.7521772657267
3007518,11627.41839383809
3007519,1273.5785006597573
3007520,103.70926522769228
3007521,20.10881225547752
3007522,0.4093087534028272
3007523,19.64226385402965
3007524,12190.213610910143
3007525,0.3470450793650598
3007526,1480.6758915185937
3007527,39.05465430774706
3007528,3000.4520127561414
3007529,2654.0085562265867
3007530,909.9425638253464
3007531,477.1518325299947
3007532,448.53186873128703
3007533,13032.79868576264
3007534,151.89203035743407
3007535,1.8825705679574132
3007536,91.43757687174006
3007537,107.97124372520251
3007538,1.1093766461452297
3007539,844.8808642739025
3007540,44.03213345266821
3007541,51.36987926914962
3007542,19.02895733473052
3007543,429.6474981744484
3007544,30.85804255652523
3007545,1402.9854962314648
3007546,947.1279624246175
3007547,36.07898875375108
3007548,40.76584851656893
3007549,1580.7424224295999
3007550,310.4192356555922
3007551,8114.2525835218285
3007552,786.7035675090077
3007553,92.14830676027118
3007554,16.97465967270193
3007555,0.41855777850147097
3007556,27.511862976906716
3007557,7203.7733496161
3007558,0.3255693028503895
3007559,1138.2075924984852
3007560,24.291532367384605
3007561,2728.145628241023
3007562,1916.486720350307
3007563,1017.7148214632523
3007564,196.87261147811634
3007565,333.2614916116961
3007566,11172.239856802766
3007567,65.39931513827685
3007568,4.250140486521919
3007569,60.623835801611826
3007570,39.70826971935583
3007571,0.835752984733676
3007572,826.3396717125296
3007573,53.48252235895181
3007574,41.48859647439718
3007575,16.14797388626413
3007576,258.8371974593466
3007577,16.293495687729926
3007578,1185.8828587409375
3007579,920.2539971854922
3007580,34.2727148795617
3007581,64.09903976295891
3007582,957.5390730527402
3007583,174.7534419375459
3007584,3583.9280533870065
3007585,832.9324412242513
3007586,65.62745620332194
3007587,20.37484734995954
3007588,0.385025613287576
3007589,27.36205336152006
3007590,10077.621158169835
3007591,0.32158585139045204
3007592,1364.6910482373173
3007593,29.193706749517936
3007594,2542.990346969486
3007595,2452.1374636576256
3007596,768.277535099469
3007597,403.6620785749243
3007598,331.74161591658765
3007599,11649.662231975466
3007600,59.56954813249039
3007601,1.5280698896162215
3007602,81.18115974783161
3007603,85.53873927064564
3007604,1.0133127332518153
3007605,758.6763069047308
3007606,42.73727654976766
3007607,37.86907332798039
3007608,23.321206128282306
3007609,382.69789547877406
3007610,23.057929369814868
3007611,1036.3663333679046
3007612,876.3635903576508
3007613,30.412183394641165
3007614,39.080892340150754
3007615,1268.6950162427765
3007616,286.63628882353635
3007617,6255.6786002035815
3007618,1209.4981797920877
3007619,77.76618771556723
3007620,15.635365363300236
3007621,0.35328381299474576
3007622,26.87219599624823
3007623,5887.164373749928
3007624,0.29296877966148055
3007625,997.6843201372521
3007626,24.1637898244219
3007627,2339.4604296879515
3007628,1518.3036539038198
3007629,758.4623398388507
3007630,148.47600805187946
3007631,261.03874767884554
3007632,9017.88649300728
3007633,57.622793951960524
3007634,0.5808418989793458
3007635,39.168434629117286
3007636,39.15907236046348
3007637,0.35957635727475934
3007638,688.5779181340633
3007639,45.71332617901938
3007640,16.167331515701154
3007641,12.362628401184905
3007642,227.42493571307338
3007643,9.864520471610565
3007644,991.1988382440347
3007645,918.134695796689
3007646,23.645920935311413
3007647,35.92534926392159
3007648,971.9884294175166
3007649,120.62113392509004
3007650,2382.060359681839
3007651,790.4579146388182
3007652,28.727114244346698
3007653,13.517072256187584
3007654,0.3262500447183663
3007655,15.586801095387735
3007656,7263.213384074276
3007657,0.29005375492673424
3007658,1233.5370107002093
3007659,31.686222524024767
3007660,1944.385797729818
3007661,2283.649316791785
3007662,496.0801856254699
3007663,485.68764116031883
3007664,360.61715422596495
3007665,8098.3098297949155
3007666,74.68705568681439
3007667,1.4978063212820536
3007668,54.787604883608765
3007669,58.085529740008916
3007670,0.5102053227520961
3007671,536.5108833822912
3007672,19.69401284355887
3007673,36.42483395636997
3007674,14.96330363607856
3007675,428.0659014406891
3007676,24.641341451659414
3007677,835.4772201513448
3007678,609.1071144688193
3007679,24.711932052036055
3007680,36.335405335583665
3007681,1020.1693194962737
3007682,231.9314081267975
3007683,7389.575243426982
3007684,362.8848523988868
3007685,76.98439026199665
3007686,6.49617136497006
3007687,0.3293728143943313
3007688,9.399751822138928
3007689,1886.9232747691394
3007690,0.26251558819811216
3007691,316.1481476744092
3007692,33.82882854244349
3007693,885.0215431801317
3007694,523.394138179953
3007695,221.65606625084504
3007696,85.12449575040365
3007697,139.00994376464692
3007698,3099.821935155172
3007699,35.47672615386491
3007700,1.265191503299834
3007701,30.90034964786813
3007702,22.560213583471857
3007703,0.24356232234798272
3007704,201.61392090206516
3007705,14.467778477105302
3007706,11.113040944499847
3007707,11.53790942454135
3007708,123.94679631849435
3007709,11.513794521296465
3007710,247.18858864928657
3007711,233.66225453047883
3007712,3.496200880254622
3007713,8.17066942382353
3007714,235.82912672841982
3007715,60.21438917203558
3007716,1552.2878901098768
3007717,2.278463479270544
3007718,7.6873674575382545
3007719,13.64856696312957
3007720,0.33830864694795004
3007721,20.095276484149153
3007722,5462.422909728799
3007723,0.3017832512968896
3007724,704.0474761233703
3007725,44.15667893349453
3007726,1935.7157592570848
3007727,1361.3758149392727
3007728,569.0671050129218
3007729,140.39256643022412
3007730,209.6465411013488
3007731,7717.595987878184
3007732,94.9460592960707
3007733,1.8151488388298793
3007734,72.40536857273646
3007735,47.90091066630487
3007736,0.3687946480843506
3007737,522.5755291493405
3007738,24.44924000118745
3007739,15.069148591440012
3007740,5.977314203410891
3007741,221.50620441543478
3007742,16.26646238903743
3007743,656.7412641125167
3007744,691.306592711091
3007745,20.578183916341096
3007746,35.46783442080171
3007747,477.0236705049965
3007748,99.39406630317963
3007749,2505.3747725288135
3007750,651.6275610518394
3007751,21.563267682966412
3007752,9.113439062757719
3007753,0.2861731476840031
3007754,8.071833599547311
3007755,5100.006707932626
3007756,0.24938938386010898
3007757,943.9864012204278
3007758,12.717398285635639
3007759,1548.8260660891167
3007760,1785.3796098398798
3007761,274.3734989022622
3007762,353.9431665235173
3007763,352.6172447037742
3007764,5462.740795747556
3007765,53.96103875856636
3007766,1.8866044061729281
3007767,37.499185898604864
3007768,44.55669658796902
3007769,0.3015679708503091
3007770,355.1559872474894
3007771,3.3489458474213487
3007772,60.08420650433018
3007773,5.8467844925828425
3007774,303.0194900760423
3007775,12.368760650227525
3007776,685.23697821833
3007777,369.90297053280955
3007778,20.436398445036456
3007779,14.30717150226955
3007780,783.4041284527393
3007781,135.14911537508
3007782,5548.041503184566
3007783,3.9316384547078718
3007784,48.85299667800124
3007785,13.695785128023612
3007786,0.292636358466602
3007787,11.997007604310888
3007788,5345.993916169363
3007789,0.2688395596780535
3007790,1017.2605616553221
3007791,16.557906844213672
3007792,1824.8703226015136
3007793,1401.7772777586235
3007794,446.50175491039374
3007795,251.22252686436318
3007796,462.8065917441435
3007797,7392.6118248098655
3007798,52.980320265941955
3007799,3.96639741632321
3007800,60.02915613245515
3007801,50.7511028348962
3007802,0.34914437550853517
3007803,456.6860922218916
3007804,12.990807049650217
3007805,76.16448009310604
3007806,11.025793305372314
3007807,424.53043985407476
3007808,16.018656824465342
3007809,552.9631202916013
3007810,432.56294375469724
3007811,17.94446392107589
3007812,31.888725586711963
3007813,569.0800397611924
3007814,124.84780643846231
3007815,5243.277774821966
3007816,7.127459117445636
3007817,8.882783537722409
3007818,10.79892848518129
3007819,0.22658065065343438
3007820,4.943524674198689
3007821,2468.376642081129
3007822,0.2259063728637364
3007823,537.8854246306665
3007824,11.185565527490947
3007825,1047.6279869573257
3007826,581.8147396605552
3007827,259.85767411066524
3007828,103.06801639422844
3007829,197.55143107991233
3007830,3575.994515010971
3007831,21.015906045436918
3007832,1.4300718759377755
3007833,34.506589419748074
3007834,26.43593081536842
3007835,0.19980026721461588
3007836,237.9573975322321
3007837,7.762617415859456
3007838,16.648432584747273
3007839,8.380077086023135
3007840,209.58980298812344
3007841,5.197169989316721
3007842,340.8376221958048
3007843,273.0387828092163
3007844,5.5225976692272205
3007845,8.1130219165502
3007846,222.5660456127338
3007847,75.00941094769
3007848,2307.2645545437795
3007849,4.333387692792258
3007850,3.6070299780201043
3007851,8.509663335374324
3007852,0.19901514094114706
3007853,1.0363779580155559
3007854,2871.9425601787984
3007855,0.16154087290531027
3007856,216.15582802900863
3007857,6.081053377870045
3007858,1130.3204530555652
3007859,259.96073912542124
3007860,216.27534256088458
3007861,63.34172460921657
3007862,51.22883006785229
3007863,3644.740417702832
3007864,10.880920138702384
3007865,0.7808012482132396
3007866,25.216054725969318
3007867,12.039960738929466
3007868,0.15634739022630031
3007869,230.32763797330477
3007870,0.1906971306657511
3007871,6.013961363081776
3007872,4.505605507490062
3007873,52.735532405057405
3007874,1.4527719172298819
3007875,55.23104739725951
3007876,170.06344775384622
3007877,0.18487879360547546
3007878,2.0268919670683867
3007879,73.86322707950302
3007880,78.11001970708908
3007881,640.1586728070495
3007882,5.79093083920343
3007883,2.029430382021476
3007884,8.637783419969645
3007885,0.2599511575957183
3007886,8.067571823299792
3007887,3822.4055297220384
3007888,0.2815662401187806
3007889,633.2789922430885
3007890,16.794055952713997
3007891,1275.1732873218687
3007892,1067.634423552938
3007893,381.4416464891
3007894,201.50760530094277
3007895,187.77411846813
3007896,5234.986497250027
3007897,44.364572848275344
3007898,1.2026848756467112
3007899,32.559446731107265
3007900,48.487616532034586
3007901,0.3676873146452998
3007902,347.18243255368697
3007903,27.136929971480868
3007904,23.731279680006526
3007905,16.407097102729825
3007906,204.49633810996826
3007907,9.931793660231994
3007908,535.9876477298969
3007909,371.1546932421672
3007910,12.203417850225222
3007911,16.37989391892888
3007912,600.9215394794005
3007913,125.11403449082862
3007914,2954.4024547549548
3007915,32.86157614290021
3007916,39.520014986180186
3007917,4.576563490711391
3007918,0.1883184386907901
3007919,6.20943388415771
3007920,3744.1987916730222
3007921,0.1923913316013483
3007922,614.5940865576555
3007923,21.647066818911412
3007924,877.7311571755499
3007925,1215.658180897806
3007926,181.4450920417239
3007927,257.5436700055845
3007928,239.1108359679135
3007929,3468.456144263079
3007930,37.55340108819561
3007931,2.1134328004626446
3007932,29.81361411105187
3007933,35.77151116711376
3007934,0.6144785348916384
3007935,223.4996188923846
3007936,17.46666803149241
3007937,54.57425817918355
3007938,8.962555273138832
3007939,278.83014717504136
3007940,16.643101892829662
3007941,430.2970950192702
3007942,215.61288368556708
3007943,6.758497345794594
3007944,19.01358237482022
3007945,564.913820520544
3007946,131.4750823186442
3007947,4383.7182982805725
3007948,3.482022920402118
3007949,36.0718911866453
3007950,5.698078507683024
3007951,0.633763668971216
3007952,13.845256594593543
3007953,5327.501860499613
3007954,0.2333201819823008
3007955,869.5623022551331
3007956,24.94463496113556
3007957,1332.8114209098292
3007958,1646.1217237132596
3007959,326.36198699983254
3007960,389.1903196547515
3007961,199.76001354947257
3007962,5652.514792027493
3007963,46.66989529450882
3007964,4.011917578113811
3007965,46.79433665413594
3007966,53.247790512068185
3007967,0.3149345661246413
3007968,382.6296396605344
3007969,41.94521860404883
3007970,44.86212610760124
3007971,22.51916064285926
3007972,242.16317970774085
3007973,26.666851066129645
3007974,483.54247081704165
3007975,405.544512916112
3007976,24.252421845982802
3007977,26.77366218362653
3007978,666.9731226458646
3007979,177.4482401473027
3007980,5197.618546690148
3007981,4.440687304542159
3007982,37.47477631980007
3007983,13.67950371529282
3007984,0.3524113267176734
3007985,9.921855412145586
3007986,4120.74472927725
3007987,0.28437221347288294
3007988,538.095284165449
3007989,21.891379653331562
3007990,1694.0608477691155
3007991,897.6741963210635
3007992,580.7162142629488
3007993,185.79050291423692
3007994,149.4740774013558
3007995,7278.896177453101
3007996,14.062596502488782
3007997,1.51403776341807
3007998,52.01345548794785
3007999,49.71740266492544
3008000,0.33324297064789205
3008001,457.8884504984863
3008002,12.404371523650592
3008003,6.10888131956846
3008004,9.34738004949204
3008005,119.47319273827638
3008006,5.356411281240631
3008007,336.89360761847166
3008008,491.2112580590898
3008009,7.60020689647461
3008010,9.407671785613095
3008011,436.87372990782825
3008012,131.20887217976482
3008013,1711.1928030472827
3008014,158.11238300198616
3008015,19.79329951771049
3008016,1.9329985645492804
3008017,0.008946761655708976
3008018,2.365115316360848
3008019,995.0655596394349
3008020,0.004775215086393417
3008021,134.46743538961724
3008022,2.5031530182239092
3008023,215.5422745178847
3008024,282.79022766142697
3008025,65.84888328190232
3008026,61.844229952709895
3008027,47.353021400642085
3008028,1126.8327506914454
3008029,5.8048453656939
3008030,0.6348961100905355
3008031,6.290957874371074
3008032,7.924192885471027
3008033,0.02111394671498903
3008034,75.6897832006387
3008035,5.860226057191579
3008036,9.401901507285528
3008037,2.7275505240934494
3008038,41.37903702301358
3008039,2.8141226869047817
3008040,106.55709832499896
3008041,73.51964786964324
3008042,2.143646703705628
3008043,2.4786817018973313
3008044,117.1307910554567
3008045,29.74417718684739
3008046,1175.0837839564897
3008047,22.66416596195736
3008048,10.073299489962258
3008049,1.7520449138353222
3008050,0.15393562252280657
3008051,2.1368111640154033
3008052,1650.3904225048252
3008053,0.1442810324620208
3008054,121.51738286633037
3008055,3.862584431194385
3008056,773.7278475736969
3008057,313.53138636669945
3008058,269.6825750245555
3008059,54.15075966810962
3008060,38.98627010624819
3008061,2909.3581324792844
3008062,5.967079769754412
3008063,0.4411760652029188
3008064,10.259054711670533
3008065,9.312985153611011
3008066,0.1336775831887972
3008067,182.29203255857718
3008068,5.2073640097302984
3008069,5.105824691485094
3008070,1.9236187828134803
3008071,10.49240683011791
3008072,0.4333649871377186
3008073,174.6363795185787
3008074,187.79638273003926
3008075,0.8168678066114464
3008076,3.3815860497302372
3008077,183.34446914022206
3008078,25.4914246410164
3008079,262.71431514288446
3008080,11.840837010328949
3008081,1.121136931269997
3008082,8.328608173188112
3008083,0.30047868993813137
3008084,4.6273816408204755
3008085,5305.077221321091
3008086,0.23653922777808406
3008087,792.9025490239636
3008088,10.781166196812231
3008089,1925.872152229323
3008090,701.4696500282097
3008091,558.6129239691211
3008092,266.8819073974605
3008093,103.724131202615
3008094,7643.482857969576
3008095,24.9848624423551
3008096,0.7795406100036133
3008097,32.30533545059912
3008098,21.285651230995914
3008099,0.281768546986948
3008100,532.6612777074546
3008101,12.807656127113866
3008102,3.05566801130432
3008103,8.869319462588024
3008104,36.944843711411735
3008105,3.5358383977418697
3008106,611.840961415695
3008107,470.3894346996756
3008108,3.2943783127463
3008109,16.163831555724947
3008110,495.2615349786851
3008111,93.13554506763467
3008112,1487.8374733660457
3008113,38.18528160287141
3008114,10.0698276186412
3008115,6.369046483464068
3008116,0.1974760303033946
3008117,1.2672563167404198
3008118,1822.1142530800962
3008119,0.18487831463085108
3008120,230.54251209084555
3008121,11.032336750143221
3008122,812.9137953788643
3008123,446.92607093670716
3008124,228.60486400039878
3008125,60.28038969849933
3008126,36.166145057785585
3008127,3011.3444235599577
3008128,8.679785935115152
3008129,0.3890673065440596
3008130,12.477915309230113
3008131,23.653797333025754
3008132,0.20605835093368446
3008133,183.95293458029715
3008134,9.284433286164635
3008135,9.586346544428034
3008136,10.40321470421175
3008137,36.92491130714955
3008138,1.6962181700431052
3008139,148.95208467669767
3008140,199.48837429401797
3008141,1.5569142149078212
3008142,7.5647119795366145
3008143,164.56780605222494
3008144,30.25427887166636
3008145,359.9728544230238
3008146,5.699654680445524
3008147,1.8370942689592547
3008148,4.051485924351356
3008149,0.13397504250051123
3008150,4.1868110907845395
3008151,1441.5640495546272
3008152,0.12349907242789683
3008153,133.98860044618877
3008154,6.405212618233116
3008155,663.2508425765509
3008156,242.48029434134065
3008157,153.94231460849497
3008158,46.602120660984404
3008159,29.119601944600102
3008160,2525.499756265083
3008161,11.323357746634652
3008162,0.1638343731394995
3008163,11.409527689992062
3008164,10.739364095817947
3008165,0.11430814067974288
3008166,134.73457269610094
3008167,1.3206393507520595
3008168,5.900700703597992
3008169,2.333063396433837
3008170,24.46229768545618
3008171,0.9945598850181525
3008172,111.52087998009827
3008173,165.4488974633858
3008174,0.5681881205435306
3008175,5.3665558661448145
3008176,88.31996374564947
3008177,23.0432844082198
3008178,173.9674111755521
3008179,9.09930182677649
3008180,0.9915716957905256
3008181,3.3871957089485547
3008182,0.06535372590718266
3008183,1.5661553771130958
3008184,1717.7668998727606
3008185,0.05971956753941995
3008186,150.90631189717868
3008187,6.299247937549222
3008188,751.624151996171
3008189,298.6849750680681
3008190,181.74710288165411
3008191,32.45420733504149
3008192,32.81716087467618
3008193,2556.6391732195284
3008194,2.3879183618728272
3008195,0.16891402542945663
3008196,6.618575509108066
3008197,14.384091257739115
3008198,0.05842385790956975
3008199,141.06801983957965
3008200,1.1340560258001962
3008201,7.678165461591598
3008202,2.2189052476750963
3008203,14.720599631007932
3008204,1.8942698178866892
3008205,189.5084449369395
3008206,168.40225759831932
3008207,0.9961940339521692
3008208,3.9547526815598353
3008209,62.07370436161127
3008210,61.06912553484812
3008211,328.61998878101804
3008212,7.675311412843381
3008213,2.61839533187386
3008214,4.517369390872039
3008215,0.6925761274980043
3008216,2.869331896458122
3008217,1541.0004389232768
3008218,0.13870491830186701
3008219,143.16205754994513
3008220,2.990467081118634
3008221,716.0363109235733
3008222,251.87826444243592
3008223,199.16004948467747
3008224,77.60799262765005
3008225,48.75135398369196
3008226,2406.6779241746485
3008227,5.526136693993499
3008228,0.9861054081353181
3008229,11.257770518123026
3008230,16.34587889018134
3008231,0.10839337775590023
3008232,172.1069905726662
3008233,6.591775288185556
3008234,7.773975993210293
3008235,2.8391073158040996
3008236,14.611562343647773
3008237,1.685640842504604
3008238,89.29644242305514
3008239,151.6995655892442
3008240,0.8577859833597377
3008241,3.8071114092614464
3008242,82.90079357582795
3008243,32.41705030407646
3008244,476.95162050523487
3008245,17.339490092193188
3008246,2.5640409721763104
3008247,5.4963731936918965
3008248,0.2541782597943242
3008249,2.3507972945565694
3008250,1841.9671859944976
3008251,0.16228917397225515
3008252,227.36049987462397
3008253,4.34132967187218
3008254,972.3157306294328
3008255,361.2468556779622
3008256,212.42640436775207
3008257,166.5540051788841
3008258,38.51880442456192
3008259,2745.555448455884
3008260,7.284903212410233
3008261,0.2824734849676145
3008262,10.12383359768818
3008263,18.257079052125288
3008264,0.18419720685687138
3008265,216.1700137208523
3008266,0.5006726571693967
3008267,6.144499481297121
3008268,2.6431347988777287
3008269,30.720131393248536
3008270,1.5930545972665728
3008271,64.07524194273462
3008272,186.92021463302723
3008273,1.1370543943866918
3008274,3.163332296697434
3008275,72.27074178224875
3008276,44.1418014507994
3008277,584.4987218339611
3008278,2.899282031288867
3008279,0.9997829533728949
3008280,10.135914634687035
3008281,0.6927048834358708
3008282,5.026366696651217
3008283,4479.461217619366
3008284,0.28374838806027647
3008285,517.8234150901221
3008286,6.02856974251492
3008287,1492.8704409196841
3008288,968.5908391651302
3008289,664.7030813183957
3008290,259.5648532989481
3008291,140.68528555195834
3008292,5843.490690024093
3008293,22.098087121808277
3008294,1.7580417502939727
3008295,30.954163712842632
3008296,36.83966395604903
3008297,0.29802905491219034
3008298,404.42682163295683
3008299,1.0256847454380957
3008300,16.810804377789644
3008301,9.775012138444785
3008302,56.27697807941094
3008303,5.556520611169831
3008304,326.06609510320624
3008305,405.30021626503395
3008306,2.8659120070550985
3008307,12.578809129972162
3008308,471.46420237290107
3008309,74.52670960240306
3008310,1842.0482641292244
3008311,89.66979770360264
3008312,17.82680217360622
3008313,4.555529789039238
3008314,0.5784271028255681
3008315,7.291994826056799
3008316,2773.569545698312
3008317,0.23018901501698733
3008318,738.3478616360508
3008319,6.327733566818319
3008320,752.8628742821865
3008321,745.9435084064438
3008322,252.3377880976362
3008323,243.27782913546648
3008324,72.55380399630683
3008325,3523.3161230646283
3008326,17.954722035781128
3008327,1.1686075896271622
3008328,24.917628657910075
3008329,23.39088442545253
3008330,0.26904822644258714
3008331,278.5927440662151
3008332,13.78791562322531
3008333,3.7592654016140057
3008334,7.372169000421344
3008335,53.37235442663537
3008336,2.8489733171013096
3008337,113.60728566964862
3008338,212.117258804371
3008339,4.7195023032699925
3008340,9.418103825800824
3008341,229.35024385380717
3008342,61.49735386266994
3008343,2173.0484178394704
3008344,80.94110491532385
3008345,15.464800368076714
3008346,6.078821159505945
3008347,0.5138754575895691
3008348,3.023444769126107
3008349,2419.2813911588437
3008350,0.13480725721147058
3008351,194.19520481686328
3008352,4.739084258927667
3008353,842.950932853794
3008354,337.0017336215125
3008355,289.01060278481856
3008356,66.58101723777571
3008357,35.79963376078139
3008358,3092.8543996749268
3008359,13.70817635154229
3008360,0.906550644104082
3008361,10.256126619761638
3008362,15.507694947683001
3008363,0.14659718905409594
3008364,161.7751470432742
3008365,8.134724180523273
3008366,8.248085911182931
3008367,3.7058014236457475
3008368,34.31201231879119
3008369,2.8793057547637515
3008370,121.94961062730046
3008371,186.3365646932018
3008372,1.3393142338325774
3008373,5.225773205891407
3008374,82.24965010098002
3008375,24.483101935321294
3008376,418.08425286434965
3008377,6.330645861621999
3008378,2.88959705519021
3008379,8.386241322174318
3008380,0.3096472256806676
3008381,10.947972799951168
3008382,3668.87297592599
3008383,0.32760377715757344
3008384,730.4932296211608
3008385,9.328441443131963
3008386,945.2741166799757
3008387,1010.2337894536669
3008388,254.52506483897056
3008389,224.96191690204225
3008390,120.78790208319612
3008391,4592.0684529698
3008392,46.91007896000867
3008393,2.7997480301748756
3008394,24.455006298257445
3008395,34.36128329324256
3008396,0.3078165777811122
3008397,300.1352415429824
3008398,33.391842947018404
3008399,22.03276472671751
3008400,6.239352181022215
3008401,95.31314409841653
3008402,13.71451971927887
3008403,427.7932295682416
3008404,325.83147267130647
3008405,9.592901785538219
3008406,9.777401216791102
3008407,536.210682646129
3008408,119.02557494004198
3008409,2853.840845487907
3008410,43.02116713682955
3008411,43.129677769337434
3008412,12.64526514513267
3008413,0.35328354251073196
3008414,9.7116879335959
3008415,6678.161078338549
3008416,0.29411081941196104
3008417,1005.4110743368516
3008418,9.937218368000556
3008419,2094.4959562934373
3008420,1244.6888986832976
3008421,1013.2469901300384
3008422,184.5849345897545
3008423,117.85464987431624
3008424,8918.44103887251
3008425,20.929080268227356
3008426,0.8383785865791502
3008427,27.165030184795548
3008428,33.98726267767473
3008429,0.32377028300036753
3008430,567.4486724376021
3008431,3.83929571145546
3008432,9.591591360073437
3008433,7.602505044358967
3008434,66.38985507060544
3008435,2.960003239337994
3008436,500.59206992225904
3008437,657.7346640467722
3008438,5.6845672823304625
3008439,11.316377440502526
3008440,558.0301645798286
3008441,114.74053218588654
3008442,1607.1513719454067
3008443,133.17878949163372
3008444,18.753333204311442
3008445,16.13064120489377
3008446,0.6253654909391573
3008447,8.49228335542018
3008448,5018.648341172215
3008449,0.3344577699783153
3008450,882.1733817851209
3008451,7.154439756099623
3008452,1878.3688855778103
3008453,1048.0738886916927
3008454,551.2732961972652
3008455,448.2191738366279
3008456,100.55499766022469
3008457,6804.608474351835
3008458,27.265888337533465
3008459,0.7529442234939678
3008460,45.25246746190824
3008461,49.528306370117555
3008462,0.40547089632138616
3008463,522.8577720860812
3008464,10.160374791135538
3008465,5.2639496332089655
3008466,14.035895542828351
3008467,78.25751717170087
3008468,3.1993163146070973
3008469,195.98619089183754
3008470,497.6413518974728
3008471,4.199158210132299
3008472,10.050707153787723
3008473,261.4037457703236
3008474,240.33140958732724
3008475,1983.1860280678075
3008476,8.501240602146872
3008477,6.842087160738338
3008478,5.350551538418346
3008479,0.1992098664932536
3008480,2.234912879157759
3008481,1989.087120573694
3008482,0.1725156408573226
3008483,161.96768474333206
3008484,6.332218047375981
3008485,740.7501690282764
3008486,383.81553009761495
3008487,168.12664610674364
3008488,45.1523642756288
3008489,47.319018350071495
3008490,2625.603263683195
3008491,6.086516778063611
3008492,0.8293692962280211
3008493,20.782660946583878
3008494,19.521278622822617
3008495,0.1652396164252735
3008496,187.03479961561726
3008497,0.7449028687793192
3008498,6.742917291484389
3008499,3.6833658533233984
3008500,44.69236431845899
3008501,3.1124085919389426
3008502,122.39479427603945
3008503,174.51665039506972
3008504,1.1822619305394042
3008505,6.144616749240295
3008506,170.62466694337837
3008507,34.328581023413854
3008508,449.9050584935768
3008509,12.403835464728036
3008510,1.7122410512469204
3008511,2.197508361789771
3008512,0.17533469675254956
3008513,3.0789140149655294
3008514,1542.303901676374
3008515,0.17638722077014224
3008516,242.12310068437128
3008517,7.302946008658708
3008518,527.083609899317
3008519,509.95705758426897
3008520,131.67379990449592
3008521,49.99595161812889
3008522,54.550471774117526
3008523,2190.9288612771566
3008524,17.36457228061637
3008525,0.46011579242585376
3008526,11.252836607548558
3008527,15.82053979522419
3008528,0.24807751032265762
3008529,142.6758649232729
3008530,15.486856821985713
3008531,3.1174160010738152
3008532,5.384213484453029
3008533,47.75593182640691
3008534,4.679595031770947
3008535,777.0973594370477
3008536,177.86666506194487
3008537,4.017024418927897
3008538,5.960315728072076
3008539,303.64513798639626
3008540,31.793131971145723
3008541,1214.1213346735178
3008542,4.862665432090934
3008543,5.895514657154906
3008544,2.9395949544410724
3008545,0.1297792163196897
3008546,4.1278177070488935
3008547,3664.6467034665443
3008548,0.15583202487501568
3008549,751.9756031126428
3008550,11.612147402909212
3008551,975.2522929570109
3008552,1296.2301001970884
3008553,259.6203667484814
3008554,213.41382512398334
3008555,125.30085494644096
3008556,3909.476922685837
3008557,29.91722493097997
3008558,0.7827525090907627
3008559,20.896129142926178
3008560,34.37828124592454
3008561,0.1847440186351294
3008562,253.88274665947316
3008563,12.587851684817794
3008564,29.97428039986935
3008565,8.72143406341627
3008566,69.2238639849165
3008567,13.247431966636144
3008568,335.8724419460672
3008569,287.35880750564905
3008570,16.595958439877055
3008571,9.674803073555664
3008572,448.77832832591344
3008573,100.69989236478418
3008574,3309.864702500119
3008575,22.411906631355794
3008576,19.1773115370442
3008577,4.154326356969365
3008578,0.18961920390779136
3008579,5.439234454626411
3008580,2816.3521777619267
3008581,0.2137704545983479
3008582,522.0535916438989
3008583,7.328472082330495
3008584,553.2296200077436
3008585,769.4278617638117
3008586,198.6071646430969
3008587,149.79234585735597
3008588,124.09857277408393
3008589,2617.5471393176877
3008590,24.270331355359506
3008591,1.3123811534125123
3008592,19.0731298929056
3008593,19.22802674638677
3008594,0.29683698789302887
3008595,136.6221680041582
3008596,0.9093939678362716
3008597,23.75333642796597
3008598,6.408160406860175
3008599,218.27880512585324
3008600,10.854541075247031
3008601,223.37704153190867
3008602,153.84436192472768
3008603,6.013038219780113
3008604,8.309037365537113
3008605,215.1573177795926
3008606,50.48470913469537
3008607,1991.1179585257028
3008608,2.649928981381077
3008609,4.81463909133118
3008610,4.468402860602621
3008611,0.18560314842938555
3008612,0.6118728741448446
3008613,1116.8969675809478
3008614,0.18835515664641755
3008615,284.38677214915765
3008616,5.188573401744139
3008617,441.78095585542707
3008618,360.38631099651786
3008619,116.47523846424711
3008620,47.377588860919154
3008621,40.35467410011459
3008622,1829.9303748073676
3008623,5.167661649744623
3008624,0.5513072888380182
3008625,10.034602132855378
3008626,9.838668701023186
3008627,0.288087466338112
3008628,108.7611044716218
3008629,0.3178909910676103
3008630,7.461999197705896
3008631,1.3819773801852486
3008632,26.642982431697007
3008633,0.270621988303342
3008634,323.74463354269363
3008635,158.66923675861472
3008636,2.4697850553822587
3008637,1.813499340360736
3008638,173.84139706836015
3008639,27.98429881590766
3008640,556.273906594774
3008641,2.6642051071359445
3008642,3.0250413922784434
3008643,9.997492796997133
3008644,0.30491934986995056
3008645,7.393763373410271
3008646,4980.996578876561
3008647,0.3207169644049306
3008648,946.0342469066436
3008649,16.714771951496267
3008650,1171.1327438743224
3008651,1518.0555334891087
3008652,440.4093501874862
3008653,354.44361700339357
3008654,188.15418535286074
3008655,5737.953632758546
3008656,49.020037843865865
3008657,3.565360962241881
3008658,27.952180073261495
3008659,41.94489675330277
3008660,0.3131410854136151
3008661,339.0423257209218
3008662,13.692880904401687
3008663,53.32028052275221
3008664,12.229414921865507
3008665,203.74517887185598
3008666,6.59472863240536
3008667,384.45703409047894
3008668,368.2254202148724
3008669,15.216138030468274
3008670,14.0551307827383
3008671,565.3868844723839
3008672,119.65427777479368
3008673,3584.0890261132517
3008674,3.8357236820358716
3008675,22.870042517511468
3008676,8.460899146412764
3008677,0.28075065506833546
3008678,5.301716269991343
3008679,5466.0435054374075
3008680,0.2925486640630908
3008681,1060.7448179775295
3008682,14.802685663729816
3008683,1653.0356348146709
3008684,1497.7415792877935
3008685,558.9248644712277
3008686,353.302561890697
3008687,98.67570723398258
3008688,8041.283064465237
3008689,23.823385015694676
3008690,1.0435765630399172
3008691,40.522793481780035
3008692,27.7633812274473
3008693,0.7453590301877365
3008694,434.80274792826987
3008695,0.6541286094089037
3008696,7.472916135525308
3008697,7.222321181480388
3008698,65.63727250831028
3008699,1.9241497304980695
3008700,257.91253304570233
3008701,427.29670557999725
3008702,7.20098710274215
3008703,6.926763745151506
3008704,332.5122932566461
3008705,113.49940164682188
3008706,2242.0837381917404
3008707,5.156462471816585
3008708,6.298625794472555
3008709,7.134642393152177
3008710,0.4814817033469928
3008711,4.405303473919294
3008712,4527.40166837712
3008713,0.2559739887349271
3008714,999.3891694227416
3008715,11.999547845861242
3008716,1402.3059747101356
3008717,1059.6513962955883
3008718,415.92183472286877
3008719,311.3476326228871
3008720,96.40261929057613
3008721,5388.013856406971
3008722,29.27523998045219
3008723,1.4359950950701674
3008724,31.411434917862316
3008725,27.96297975361511
3008726,0.2641215944309938
3008727,346.76438468404126
3008728,0.5407514084587292
3008729,8.333417311130745
3008730,6.47799130604262
3008731,95.15124722570728
3008732,2.185617448657231
3008733,149.15142472544812
3008734,325.46404273644987
3008735,5.64525029384089
3008736,6.220283457919608
3008737,246.29958432497202
3008738,87.60836727589988
3008739,1590.0094535923051
3008740,4.7637049872885955
3008741,7.772507593499952
3008742,15.204362590409527
3008743,1.0228369231454482
3008744,25.059219285783964
3008745,10191.798259075184
3008746,0.5290139398903739
3008747,1482.3309003205168
3008748,30.101340229262483
3008749,2361.807165694614
3008750,2653.1861788891424
3008751,467.22335863191114
3008752,636.9744976587208
3008753,428.1866623798887
3008754,9510.213370700862
3008755,98.7165362375241
3008756,3.116974268910497
3008757,68.41422323233422
3008758,69.99225679981805
3008759,0.5210153053953407
3008760,705.2112290992173
3008761,73.98393427919564
3008762,61.04283626519434
3008763,32.0048389821427
3008764,250.7840794274412
3008765,38.144225589454535
3008766,856.9371509961808
3008767,816.1781012006824
3008768,23.964155675989396
3008769,36.50924769700629
3008770,1437.4831088341086
3008771,298.7246831525183
3008772,9295.714512893706
3008773,3.824869725461067
3008774,95.84241965749027
3008775,2.927195604942244
3008776,0.28120712587752933
3008777,0.5700968675477317
3008778,1904.9848768214213
3008779,0.16173539531079564
3008780,216.36041764354115
3008781,5.08196216910723
3008782,622.0347691484203
3008783,322.07073082781926
3008784,135.63117942381774
3008785,162.24769231927067
3008786,41.51276089021661
3008787,2277.037866787167
3008788,9.494565492561486
3008789,0.3444570126946817
3008790,14.428921755376996
3008791,9.902125752995603
3008792,0.16748369174568387
3008793,134.2065592255322
3008794,0.7819791404098774
3008795,5.940581413217923
3008796,2.6633791493294754
3008797,35.17238532556316
3008798,0.8955335389640887
3008799,63.237126322219815
3008800,101.26502706269297
3008801,1.993061665508681
3008802,4.423670888154798
3008803,119.72784990130405
3008804,24.821331238567804
3008805,543.0776121494248
3008806,3.595832038143846
3008807,3.3691704265216416
3008808,9.747148920851984
3008809,0.26866027353306066
3008810,3.417408965400026
3008811,4827.902290664744
3008812,0.2686955990121197
3008813,784.93356582195
3008814,8.16499752970187
3008815,1551.7510249831014
3008816,965.6312940658987
3008817,334.56676230265964
3008818,408.7394436289386
3008819,71.4371185833838
3008820,5999.225130198868
3008821,18.851428690519512
3008822,0.5862408630525126
3008823,30.246608465136017
3008824,26.604975874656418
3008825,0.2985260539001922
3008826,401.97382999625677
3008827,1.8781479823246112
3008828,7.51142655009315
3008829,10.977164179401207
3008830,20.36910739668435
3008831,1.9222368791194582
3008832,438.5646757372981
3008833,385.0450764065585
3008834,4.695186752880215
3008835,8.808446268089508
3008836,160.83717628729
3008837,95.5319584381138
3008838,1512.6763781128236
3008839,4.668982959242754
3008840,5.068006007780247
3008841,1.4206555502154905
3008842,0.1405995999534919
3008843,0.9207405502105198
3008844,1267.6893690633653
3008845,0.13254646003016007
3008846,171.27695085602255
3008847,3.315432338437261
3008848,511.9451913443751
3008849,209.815701695068
3008850,101.64895251108332
3008851,162.3807047625738
3008852,20.45940911963456
3008853,1962.4350111933932
3008854,4.223573216744075
3008855,0.25595396654441094
3008856,8.149133377453223
3008857,4.601928549285441
3008858,0.12509801698560138
3008859,92.83862736873907
3008860,0.2394280020757126
3008861,5.146723486737332
3008862,0.993201974922424
3008863,29.926404056516446
3008864,0.30183000858181624
3008865,78.08777476061572
3008866,88.92775246861834
3008867,0.4863479606289535
3008868,1.203689013340358
3008869,63.738480090715115
3008870,11.752460408166549
3008871,233.6818973397517
3008872,4.312698204741425
3008873,1.2758537209447742
3008874,8.129272881295734
3008875,0.1698488287885223
3008876,2.484217754581945
3008877,2529.172754167809
3008878,0.16429363391533847
3008879,331.8833419145194
3008880,6.525824513053243
3008881,1224.565522113089
3008882,548.0899386786015
3008883,211.46160444437285
3008884,183.4754804621544
3008885,46.33706579635731
3008886,3544.146930811301
3008887,4.234061021908361
3008888,0.5761295118669145
3008889,28.027011231401254
3008890,23.95259832676478
3008891,0.15802769275796444
3008892,285.57806912826493
3008893,0.39985468821724135
3008894,5.548340389327748
3008895,14.141272522640879
3008896,32.15604746207476
3008897,1.4791842551648051
3008898,305.21150010936304
3008899,279.2418245889248
3008900,2.0623856709026414
3008901,4.073590642125865
3008902,228.75210764691056
3008903,28.93594711025251
3008904,1399.2405242746743
3008905,4.537565752063984
3008906,0.7457301792831145
3008907,3.6171008648110115
3008908,0.22730645722002107
3008909,1.977078153446242
3008910,3112.452809471895
3008911,0.194158959116728
3008912,763.3522144937981
3008913,6.840348343211423
3008914,939.3590215818249
3008915,701.9412289009151
3008916,231.17967475247613
3008917,121.58047011278795
3008918,65.04799953674096
3008919,4698.198420541302
3008920,9.155196413689001
3008921,2.5115098768090203
3008922,28.79982051866049
3008923,36.05579026983758
3008924,0.22105852151687724
3008925,205.2088498399405
3008926,2.44297940366186
3008927,5.106450723511276
3008928,3.328773723996258
3008929,30.474056296619597
3008930,2.5221447925989198
3008931,171.19314595688948
3008932,254.07320536855335
3008933,3.0500907022375876
3008934,7.648731069742224
3008935,148.22451945330496
3008936,26.800636553495508
3008937,620.1395175570019
3008938,6.014955332220317
3008939,2.2744265855599615
3008940,4.492393277535007
3008941,0.15432116279684394
3008942,0.5564432183911769
3008943,1918.0932050080487
3008944,0.14617114254359712
3008945,161.45200845556303
3008946,2.2627044729196872
3008947,559.346486050713
3008948,221.71661741165508
3008949,117.905849653307
3008950,149.1590893775549
3008951,60.28851479644701
3008952,2456.77057457148
3008953,9.883284307443853
3008954,0.5187345963906804
3008955,12.367502803752474
3008956,7.056087892835316
3008957,0.1533121912153828
3008958,116.30488115951214
3008959,0.28819496303169656
3008960,5.462564943696434
3008961,0.9037373623663738
3008962,62.02118329947111
3008963,0.66593231763085
3008964,209.64373452282678
3008965,99.77173341715029
3008966,0.9832278087518218
3008967,1.1524125061951374
3008968,67.46433376878758
3008969,24.378904113052553
3008970,412.7803588923596
3008971,1.6124735256762852
3008972,0.7790251262338335
3008973,5.4658730642772
3008974,0.18517105422396304
3008975,0.9051331781542701
3008976,4041.186129870954
3008977,0.18718587679674673
3008978,680.5903497944271
3008979,7.561889738291426
3008980,942.5983846113504
3008981,772.7560679335445
3008982,260.1665322631634
3008983,142.29166054909177
3008984,110.31343506476243
3008985,4475.438436695728
3008986,11.188002686133514
3008987,0.41031066879998257
3008988,21.31635056456635
3008989,15.091350629498473
3008990,0.19233870350734986
3008991,261.3974953957136
3008992,0.42876450236087865
3008993,22.65395817995409
3008994,3.0455004636034464
3008995,71.08051512891168
3008996,1.5713761148534269
3008997,216.80861646237247
3008998,251.30650122162092
3008999,3.1783630054769563
3009000,3.1445734893643786
3009001,130.25176577521827
3009002,42.99739583799165
3009003,1331.3870681916028
3009004,2.4051382171045024
3009005,0.9516636271203577
3009006,2.8483558607384594
3009007,0.12716609598858314
3009008,8.073225302548638
3009009,2119.643625063288
3009010,0.12868113789906757
3009011,413.2032839893278
3009012,4.699552550878572
3009013,657.4944327054897
3009014,647.9875261407917
3009015,128.95664655698053
3009016,98.35294918410106
3009017,75.47782312292729
3009018,2585.4549087052856
3009019,36.71532305720335
3009020,1.0952534552681734
3009021,22.03175407220093
3009022,20.124046678917068
3009023,0.1723012419595624
3009024,181.31940951970884
3009025,20.318390078492282
3009026,14.054950365991461
3009027,1.7616805251087821
3009028,77.81254847967548
3009029,8.520830264627655
3009030,156.94477461642472
3009031,215.4747064480986
3009032,11.602679347567696
3009033,11.879655428622549
3009034,196.26109535651267
3009035,53.11725234170104
3009036,1847.4644298899902
3009037,12.214460128670892
3009038,9.158989921925906
3009039,7.895065977978231
3009040,0.2002430420218553
3009041,11.016643685550843
3009042,2793.403041138954
3009043,0.2053443467163246
3009044,543.2666477896904
3009045,12.130168872121995
3009046,1090.0731757375409
3009047,883.3945379854346
3009048,164.8754776020865
3009049,115.4521328276738
3009050,105.85979311332802
3009051,4437.443689035152
3009052,26.901516888312997
3009053,1.1427807844837776
3009054,35.78798199770817
3009055,35.720880560113606
3009056,0.22193236539279224
3009057,410.0081086693783
3009058,37.11553989101977
3009059,16.854139087394593
3009060,10.136886297272103
3009061,132.64697785031888
3009062,15.802680791428404
3009063,147.2690418175571
3009064,482.4470756183439
3009065,9.273840354415505
3009066,13.666733651829722
3009067,143.16977568310736
3009068,90.07903401911057
3009069,2280.736302861992
3009070,6.943453116302745
3009071,17.228605502723745
3009072,9.507456144739137
3009073,0.27217738806765723
3009074,4.92149066613175
3009075,4389.035004715842
3009076,0.22678710372939492
3009077,802.2353035067617
3009078,6.53748157498265
3009079,1710.9409875370216
3009080,698.7640101192658
3009081,207.819471653006
3009082,319.4565885464872
3009083,68.6232750627405
3009084,5398.465507089497
3009085,38.48780948686407
3009086,1.965230071659258
3009087,26.76550279792366
3009088,19.270085458597286
3009089,0.2653168696938267
3009090,387.77244428392044
3009091,7.984125749644197
3009092,13.021734236011609
3009093,8.33797348714618
3009094,55.0411798696536
3009095,6.169613828111814
3009096,141.60442625602786
3009097,371.21109701897126
3009098,8.1719977805334
3009099,9.888632794085012
3009100,231.23073374769757
3009101,52.342496519182426
3009102,1604.1163730492387
3009103,19.733660559917524
3009104,14.291979656895997
3009105,5.567354587832557
3009106,0.3049169057440476
3009107,8.860194455704072
3009108,3408.824084074552
3009109,0.24078141894030425
3009110,473.7140205386776
3009111,7.237713024820137
3009112,943.3034302514649
3009113,1007.094841609186
3009114,244.33774992069004
3009115,201.48553810841818
3009116,112.86665805113452
3009117,4343.257977182796
3009118,32.64114459147838
3009119,1.4421234282923123
3009120,17.90198432237089
3009121,14.53984267852232
3009122,0.28917295584211045
3009123,272.4142775837442
3009124,29.680758779376507
3009125,25.893327110167693
3009126,2.911354197696161
3009127,98.39663185577301
3009128,8.896949941996274
3009129,397.42782838086333
3009130,345.65523348749
3009131,9.240830800029473
3009132,11.919927985402962
3009133,509.25318514437305
3009134,51.85755971163614
3009135,2887.7715780025933
3009136,4.478282151433663
3009137,30.80351915767346
3009138,3.8745086622523326
3009139,0.20067273357640925
3009140,3.4294175726879343
3009141,4724.173898387703
3009142,0.18494653083469012
3009143,545.1220266647508
3009144,6.598618583988115
3009145,1778.782149961448
3009146,694.1971192686025
3009147,287.9537849914225
3009148,174.00492672479447
3009149,58.94659582223128
3009150,5672.20605647514
3009151,11.537716868066298
3009152,2.0935779954639946
3009153,27.43074047474225
3009154,25.467246517127315
3009155,0.20116718592558996
3009156,379.1799042120313
3009157,0.4682289208482796
3009158,1.245422074259476
3009159,8.343752789959035
3009160,19.526474176018475
3009161,2.802654138658469
3009162,149.56282928128007
3009163,329.9514444857473
3009164,3.093221728002553
3009165,10.79713940799305
3009166,170.1476079039283
3009167,59.285499685654095
3009168,1114.713561771383
3009169,4.83737718670393
3009170,4.599407194170049
3009171,10.26556030682842
3009172,0.24743160169477257
3009173,13.1683215473043
3009174,3657.1872769651004
3009175,0.24825118578135333
3009176,773.4637378732931
3009177,11.687995085152943
3009178,1418.3113671851506
3009179,1100.155517935033
3009180,348.99034188995455
3009181,212.30610114095435
3009182,178.05727324259595
3009183,5411.838586513027
3009184,52.33308708088044
3009185,1.5521903072380696
3009186,36.584830599614875
3009187,41.82691049539216
3009188,0.2581673423706067
3009189,383.00351858114425
3009190,38.227819282422594
3009191,23.19807202388737
3009192,11.440614359917399
3009193,85.5599135194936
3009194,19.380663159118676
3009195,322.5451834087402
3009196,480.49914205883886
3009197,18.301691509283707
3009198,12.850791863619573
3009199,280.5686856179526
3009200,88.13484665162916
3009201,2887.20385461691
3009202,3.421038395519762
3009203,8.913084075875528
3009204,4.979331955797958
3009205,0.21607520643508474
3009206,8.149990834935442
3009207,2735.4381748681444
3009208,0.21328719324991857
3009209,499.00713935812547
3009210,8.690855556508764
3009211,769.4489952293872
3009212,861.6086737448312
3009213,181.41095156549372
3009214,149.47509478649445
3009215,110.47368436583498
3009216,3395.6949444969255
3009217,38.70624153058975
3009218,1.2367568210791595
3009219,27.015522896990202
3009220,28.53068887947763
3009221,0.22411452273616683
3009222,221.03587613578472
3009223,23.145292480466498
3009224,35.479981829858325
3009225,6.4072763478583115
3009226,64.82658417683989
3009227,14.150142564346027
3009228,236.10498432038412
3009229,265.6287850921217
3009230,10.416271175601777
3009231,10.592952916832303
3009232,239.86009404136271
3009233,51.061002764538365
3009234,2527.22600837642
3009235,4.210985972634612
3009236,15.570132561244371
3009237,8.050037561638208
3009238,0.2088223352821564
3009239,5.74487181789504
3009240,6245.0677821457675
3009241,0.21088444336307655
3009242,815.3269984568979
3009243,18.93909054852388
3009244,1569.793654194942
3009245,1019.3374715388819
3009246,391.58628218488116
3009247,266.2560030480778
3009248,73.42666748227279
3009249,6294.1034544796785
3009250,13.956255503264694
3009251,0.3025546062067119
3009252,20.68078428827521
3009253,27.226603322860505
3009254,0.24083474875791389
3009255,347.18550871864244
3009256,0.5727979402118066
3009257,10.680995939120248
3009258,1.8932858532698242
3009259,98.4565138597612
3009260,3.309839008084776
3009261,253.24894446885932
3009262,380.6672000705577
3009263,4.530739531137122
3009264,2.8186078376814074
3009265,321.95483406105404
3009266,174.0916615987434
3009267,1542.8293725919584
3009268,4.538659482699043
3009269,0.8884486710956103
3009270,20.209779874143816
3009271,0.560677417525712
3009272,24.698269588216377
3009273,14571.927915367023
3009274,0.3770112433809004
3009275,2276.9820409533572
3009276,21.194569133564894
3009277,3208.051941985731
3009278,3578.963379747554
3009279,797.5695229368648
3009280,895.9567200630919
3009281,518.7557577634782
3009282,14193.50788944655
3009283,96.26725342629267
3009284,4.5550770934990235
3009285,148.67392995950578
3009286,142.79207468646024
3009287,0.6071759873454283
3009288,1009.211539726417
3009289,61.691890026362024
3009290,29.79996010538667
3009291,66.09663555567064
3009292,348.4302450422205
3009293,38.255641946721255
3009294,1099.8799767689286
3009295,895.6996838608408
3009296,62.88458873374962
3009297,54.44464682094379
3009298,1596.4916479366868
3009299,356.0075506078529
3009300,12820.318422604412
3009301,1365.0894068481728
3009302,116.97868411749144
3009303,24.407374451567076
3009304,0.48847952675074535
3009305,26.417368547898178
3009306,14483.952226353029
3009307,0.35527380881596493
3009308,1725.9207010246278
3009309,22.028822888457075
3009310,3578.576777165524
3009311,3167.2402657416046
3009312,1077.2765577842913
3009313,582.3053733420783
3009314,435.78079792717523
3009315,14842.959277229817
3009316,141.62739604936874
3009317,2.1698881576602242
3009318,89.13199905395712
3009319,108.8977139659294
3009320,1.2603593885524762
3009321,1057.4864896743463
3009322,56.10975646928386
3009323,49.6013829477436
3009324,21.7639210276026
3009325,255.3293378705933
3009326,32.73962002226448
3009327,1486.334062787208
3009328,1158.6842053733808
3009329,37.29079058644359
3009330,46.28607817246801
3009331,1822.248225801469
3009332,345.5374812955227
3009333,9081.666865094017
3009334,992.6253445978492
3009335,119.9902430017592
3009336,19.218916304572755
3009337,0.40949269184322756
3009338,33.00935642698825
3009339,8841.14047611984
3009340,0.3854572894504943
3009341,1306.7342893820753
3009342,14.263414951586492
3009343,3254.0092007890635
3009344,2243.9879164459303
3009345,1172.3282775854427
3009346,238.30266924365162
3009347,364.6171319465075
3009348,13107.820720434669
3009349,67.90792877724742
3009350,4.244510142909627
3009351,66.74186831174812
3009352,46.076036620453955
3009353,0.8623169217085462
3009354,969.6463523143682
3009355,69.48787826444382
3009356,38.32295764694934
3009357,16.60825177261045
3009358,143.88425909755134
3009359,15.621450422437297
3009360,1226.8671594004563
3009361,1150.255459269297
3009362,39.32380485240217
3009363,70.73862710302525
3009364,1118.6205537494814
3009365,168.07321108190447
3009366,4184.812009904199
3009367,1001.4760964708495
3009368,74.77125168102317
3009369,21.945712081891553
3009370,0.36528568006353307
3009371,31.94314531606692
3009372,12211.254737526908
3009373,0.3021357562177211
3009374,1555.220259696901
3009375,17.64202898601856
3009376,2935.2996252169705
3009377,2789.5195272708743
3009378,906.8128727538425
3009379,499.2828563478252
3009380,322.82302473513903
3009381,13056.954479232918
3009382,57.04977027790571
3009383,1.817680176200748
3009384,85.97673669540345
3009385,81.73699988881454
3009386,1.0707661969724747
3009387,875.4247310160215
3009388,55.24619314704631
3009389,37.89062841717521
3009390,26.65685923139219
3009391,226.8596288510608
3009392,24.947491966005796
3009393,1083.2517663862175
3009394,1046.6906250107556
3009395,35.66040823091102
3009396,45.61300768693368
3009397,1454.8099612197339
3009398,289.8235047559848
3009399,7420.206004098098
3009400,1302.418423266233
3009401,87.42023922150499
3009402,20.692739675711902
3009403,0.4203417536583512
3009404,36.38950642042704
3009405,7653.580828152646
3009406,0.3767871038901976
3009407,1263.4475210047824
3009408,18.13133911008548
3009409,2933.5151309350344
3009410,1904.8238253130392
3009411,1025.7568013572466
3009412,205.34876711213275
3009413,302.6137685916654
3009414,11774.373962997017
3009415,69.55368018409905
3009416,0.7556175683840037
3009417,50.83504654098709
3009418,43.403682794736554
3009419,0.49425345035841606
3009420,912.1811709961348
3009421,55.92513506343007
3009422,20.205820593906846
3009423,9.05491895501247
3009424,129.98020741003032
3009425,12.868793094506968
3009426,1247.6984936888184
3009427,1214.2157773998665
3009428,31.20851371665351
3009429,43.34606491545733
3009430,1284.9219965986738
3009431,143.38984799717244
3009432,3308.650614631346
3009433,1074.4431757541279
3009434,37.479308849609325
3009435,14.35834936409056
3009436,0.30513219784457213
3009437,19.312388375755624
3009438,8782.275658147317
3009439,0.28484210868201765
3009440,1441.3733773382949
3009441,20.26596442968737
3009442,2269.8438285163043
3009443,2653.7836469362037
3009444,577.3816214736621
3009445,602.0652585433828
3009446,378.69788313368775
3009447,9378.612031042425
3009448,84.57237269541234
3009449,1.5740769270944681
3009450,59.03635825350937
3009451,58.49157943974719
3009452,0.5896858542932043
3009453,644.4494919385774
3009454,31.263673531034296
3009455,31.00657678295795
3009456,16.27742070568032
3009457,258.17941954063264
3009458,27.03016490414506
3009459,899.8216284284907
3009460,742.5007972807849
3009461,28.133184435988134
3009462,41.95167589384616
3009463,1214.0534246867398
3009464,256.438372284723
3009465,8348.517403338948
3009466,457.346394375222
3009467,81.22626561857929
3009468,7.63039703756373
3009469,0.4159645046913736
3009470,9.256163887476726
3009471,2194.8470195072878
3009472,0.25879531413997553
3009473,403.2759812269214
3009474,19.761569888289507
3009475,976.283811772586
3009476,641.8932124723383
3009477,253.60367362241774
3009478,103.17450565984456
3009479,82.55850304771958
3009480,3458.076799305376
3009481,32.746841532246066
3009482,1.1942251465307319
3009483,26.098495611078945
3009484,23.59482851119266
3009485,0.24183963848223364
3009486,252.70005249234524
3009487,18.550075338665852
3009488,9.989140666140726
3009489,12.577900532670562
3009490,59.42322308567589
3009491,10.157642385800134
3009492,255.49560747620606
3009493,318.1386332619313
3009494,4.050661875854297
3009495,7.9236953513968205
3009496,257.05453110366994
3009497,62.01469991164001
3009498,1726.6660525179273
3009499,2.789722633615845
3009500,9.353327469077431
3009501,13.46249780907863
3009502,0.32643348066064604
3009503,22.007918271350214
3009504,6168.218440143851
3009505,0.30986803097199783
3009506,716.0094893284206
3009507,35.944756331862145
3009508,2164.0373160665135
3009509,1505.2739480010423
3009510,599.8295944842953
3009511,148.82697104495853
3009512,164.994915433566
3009513,8648.78571796998
3009514,87.41788432254444
3009515,1.8207546408539164
3009516,55.42760059810415
3009517,47.038935946491
3009518,0.32686506875547217
3009519,576.9287136836884
3009520,29.452513862095646
3009521,11.97118949178726
3009522,5.2063401093001405
3009523,132.788280172978
3009524,15.146297420095749
3009525,608.0978166100995
3009526,767.4860635613824
3009527,18.50893760729611
3009528,37.39138526110215
3009529,539.1572962697635
3009530,91.3456475121966
3009531,2714.60033061375
3009532,869.3441428276781
3009533,23.504919952275575
3009534,10.216613815271572
3009535,0.2757357693127123
3009536,8.456678249041094
3009537,5952.033829739944
3009538,0.25783060335570424
3009539,1132.2376304688883
3009540,8.0533676662336
3009541,1702.3917529257528
3009542,2037.4697213130612
3009543,329.54250945014763
3009544,443.3421182165351
3009545,277.37453834451924
3009546,6430.58328797414
3009547,57.20173379015408
3009548,1.9924562476585874
3009549,37.09590742810273
3009550,52.93237490963971
3009551,0.29264027568246254
3009552,412.56553910231474
3009553,6.623216607703182
3009554,47.51081709569239
3009555,5.589286216400333
3009556,176.1175867909603
3009557,13.851793687554503
3009558,691.1168858548633
3009559,395.88107718633506
3009560,25.754975157362427
3009561,14.39443476399652
3009562,908.5828233330574
3009563,142.90291110590732
3009564,6303.094144134015
3009565,5.660160082106481
3009566,51.00035042316362
3009567,16.5394260146102
3009568,0.3089323054944271
3009569,12.986024012250754
3009570,5919.23915250254
3009571,0.3158045425370272
3009572,1212.4887396637837
3009573,13.830510543735759
3009574,2011.4831091619528
3009575,1645.474392953767
3009576,518.1172265818051
3009577,320.1113749212736
3009578,325.39574259593275
3009579,8164.642313918848
3009580,63.02343339880081
3009581,3.701232721309225
3009582,56.950323464579945
3009583,63.7917088599163
3009584,0.37469988183434816
3009585,533.6563676515178
3009586,16.363113426105066
3009587,61.7370991551216
3009588,10.38114849710996
3009589,214.25876092711195
3009590,15.615845757015823
3009591,565.9728890503504
3009592,498.2208200410508
3009593,17.349068917014243
3009594,37.168904499880185
3009595,660.5980366204915
3009596,151.41704000872292
3009597,5432.188045036556
3009598,10.413044901964136
3009599,8.933844150903315
3009600,12.327880402785436
3009601,0.22468982566857415
3009602,5.891301008720302
3009603,3155.912800113437
3009604,0.24106821510089718
3009605,655.9010194451855
3009606,8.300754075857617
3009607,1234.7555304126213
3009608,754.0128953070948
3009609,313.92082019522917
3009610,137.79690076173702
3009611,125.12916385857267
3009612,4108.4358280659135
3009613,20.370757904576863
3009614,1.659358439488859
3009615,32.08619072680503
3009616,28.461569972205456
3009617,0.20721280989997012
3009618,291.0147195550005
3009619,10.236531107230913
3009620,14.932956218611785
3009621,8.545828403168477
3009622,102.96359006881967
3009623,5.521508993618252
3009624,334.16317619443157
3009625,327.9560496486386
3009626,5.978104054094278
3009627,8.082986772195698
3009628,270.6171062025872
3009629,80.29163713856538
3009630,2497.514614308423
3009631,4.110914310352348
3009632,4.474894251347429
3009633,8.694355513545917
3009634,0.2075725450289212
3009635,2.796147805001706
3009636,4714.029167028254
3009637,0.18917283074690086
3009638,421.13091213087023
3009639,4.1860275789043335
3009640,1660.8080468589067
3009641,391.0639555469001
3009642,318.1627534721154
3009643,96.67899191490328
3009644,41.68946767222334
3009645,4688.226226789689
3009646,12.278996651348232
3009647,0.9193058641490592
3009648,27.811170823747126
3009649,12.709110863720571
3009650,0.1888635597758854
3009651,331.588913860008
3009652,0.5265057213996482
3009653,5.337094859920227
3009654,4.469152560327567
3009655,37.80913588698619
3009656,1.4705104417976806
3009657,70.50895890980965
3009658,278.18448835175633
3009659,0.22818460556525724
3009660,2.204484884415461
3009661,81.82940897029273
3009662,113.13030559238214
3009663,831.5515808588472
3009664,5.708563819331529
3009665,1.998759734413674
3009666,9.96802142642187
3009667,0.2514551768444402
3009668,10.425404170493257
3009669,4885.652444609755
3009670,0.29766477642625966
3009671,690.0789513375247
3009672,11.265575107955415
3009673,1599.9269975966272
3009674,1404.0389965004017
3009675,480.8281787082434
3009676,265.96282517914864
3009677,202.52676418237357
3009678,6233.127611217168
3009679,51.23714014115847
3009680,1.2806128783061386
3009681,34.94756764690379
3009682,50.13912380227402
3009683,0.4463741261478345
3009684,425.2644860312652
3009685,42.544178124823205
3009686,23.177661607684282
3009687,17.087136353365626
3009688,113.66545801918066
3009689,11.651850891361319
3009690,545.6061286176546
3009691,495.68081871938887
3009692,13.576834880434468
3009693,21.328648761484402
3009694,720.121910078744
3009695,133.79003646867133
3009696,3540.358650136602
3009697,59.69051272371268
3009698,51.05452363087925
3009699,4.843986076762395
3009700,0.22008239040121458
3009701,8.065048244986347
3009702,3950.6667200269126
3009703,0.1879001712532342
3009704,631.8836242589256
3009705,10.19217827443567
3009706,878.0674889342198
3009707,1208.8717802007811
3009708,179.84104766987886
3009709,258.5140371794661
3009710,198.6280641406528
3009711,3523.5544952930745
3009712,31.668858225189844
3009713,2.2383215899134896
3009714,26.562490742572326
3009715,33.85219823618935
3009716,0.6946638212969457
3009717,249.3801993987936
3009718,18.32201064904405
3009719,35.78790294940487
3009720,11.506201667461713
3009721,185.4469629236354
3009722,14.418129622799027
3009723,421.29894846029407
3009724,249.17038040865447
3009725,8.178312134299784
3009726,16.166271913571386
3009727,577.7214726162027
3009728,123.81564730844691
3009729,4459.058405605472
3009730,2.880211021077507
3009731,35.07288057493625
3009732,5.479777040844301
3009733,0.6521750702689907
3009734,15.24544449599361
3009735,5723.118705795158
3009736,0.23927762331590988
3009737,941.8655605357691
3009738,16.048465277508132
3009739,1420.935870904584
3009740,1761.053804751332
3009741,366.7318993425077
3009742,428.9600168588057
3009743,180.46078380381047
3009744,5839.055300017716
3009745,48.16468851344671
3009746,3.7546265182621377
3009747,43.61387508172351
3009748,50.372638416317656
3009749,0.30857457494254664
3009750,421.410014800961
3009751,39.38081390329529
3009752,39.18697891182954
3009753,25.644815992384764
3009754,131.27971231777423
3009755,24.43412488039185
3009756,479.80291757004454
3009757,481.5326652825838
3009758,28.08174166304008
3009759,24.254441906566115
3009760,713.6126356051703
3009761,192.0734620261853
3009762,5653.260341993175
3009763,4.849486621536642
3009764,40.109359700882784
3009765,14.714772441037498
3009766,0.3740361389605067
3009767,11.248876787549477
3009768,4555.811137308011
3009769,0.2512337177974032
3009770,637.4171405915372
3009771,14.034840498436079
3009772,1907.9873903516714
3009773,992.0955278807066
3009774,663.1236319392491
3009775,236.2922142994776
3009776,109.48458856741671
3009777,7649.413531920544
3009778,14.39633867565679
3009779,1.4693107553570366
3009780,46.35085175675132
3009781,54.5809080479155
3009782,0.31481575012252294
3009783,498.86192484300625
3009784,14.718445072241433
3009785,5.609936302989939
3009786,12.511184130004176
3009787,63.015533884084924
3009788,5.459415026582507
3009789,414.5416273799914
3009790,572.9027799829718
3009791,8.168898070669579
3009792,11.138420407727438
3009793,491.91416809570745
3009794,123.62037203030897
3009795,1864.6941114998947
3009796,214.97054434814206
3009797,18.5325387282743
3009798,4.131994166375563
3009799,0.35965344910236446
3009800,4.2822268675416755
3009801,2129.7753180118602
3009802,0.3419537067113286
3009803,366.99891875376994
3009804,10.683458274197804
3009805,666.1334470257212
3009806,758.188213953168
3009807,157.09494453383246
3009808,158.03695697190543
3009809,121.13135009333189
3009810,2538.5538353079432
3009811,17.72197438707282
3009812,1.2706781846058801
3009813,20.393713735109774
3009814,25.398099482001708
3009815,0.34797913798502833
3009816,197.02480382601425
3009817,14.860162809346303
3009818,16.843841887824613
3009819,5.681760713045429
3009820,80.27153234320707
3009821,7.064705622807921
3009822,282.18927693757126
3009823,188.21543621634584
3009824,3.598936254538656
3009825,9.273481187888232
3009826,331.02783181557066
3009827,64.72503924979848
3009828,2433.3596171796826
3009829,24.79132140892823
3009830,22.952308460653832
3009831,1.176322671632867
3009832,0.1567221638186126
3009833,1.4959931966645161
3009834,1370.9470633077533
3009835,0.14237746155324416
3009836,102.18071042021793
3009837,2.5734327137456283
3009838,736.5310584255806
3009839,297.15336443859906
3009840,249.4771395405936
3009841,79.78364266390429
3009842,28.892242742603763
3009843,2732.68475185943
3009844,2.723119209560876
3009845,0.3405791336273975
3009846,7.288121612307838
3009847,7.466248020262321
3009848,0.1271980197198372
3009849,176.37910289434924
3009850,2.4528025113723655
3009851,5.017244652825891
3009852,1.355972190547726
3009853,6.921765041356747
3009854,0.2865510533553372
3009855,181.7162249028882
3009856,181.37948148489727
3009857,0.6063270701041279
3009858,2.7514877857897466
3009859,127.8917763048038
3009860,25.622547038007852
3009861,233.31467919700864
3009862,5.98457530477639
3009863,1.10265850696739
3009864,5.547799099488496
3009865,0.246255103461974
3009866,3.4594013862645365
3009867,4459.313177605769
3009868,0.19529870672363536
3009869,689.9107248529855
3009870,8.910443755361323
3009871,1825.3518566861158
3009872,646.0827570048848
3009873,514.3621604793107
3009874,300.4940312484944
3009875,64.44660925382512
3009876,7261.310866656138
3009877,17.81578575536845
3009878,0.5570722240478867
3009879,16.962653877242303
3009880,19.069648861158782
3009881,0.206319879236192
3009882,514.6482439037056
3009883,6.221518622239927
3009884,1.6462150688402082
3009885,7.671714011414567
3009886,26.197612944604696
3009887,1.888458937472613
3009888,560.2303815473094
3009889,380.91501223586783
3009890,2.043786548606036
3009891,13.637084277028627
3009892,310.7304481503971
3009893,81.59788001697234
3009894,1316.5127443875538
3009895,26.149132300005142
3009896,6.734809153261505
3009897,4.47531414391728
3009898,0.17630854178599314
3009899,1.772587021807341
3009900,1685.1150335492714
3009901,0.16525464277213323
3009902,231.71563578715217
3009903,8.303489973311033
3009904,798.1418493279608
3009905,416.5826349009026
3009906,202.7551294351925
3009907,72.69518953657018
3009908,30.912310342836122
3009909,3010.8029330679806
3009910,5.181076924722644
3009911,0.2939308585432109
3009912,11.300745384092258
3009913,18.158544942418164
3009914,0.16813271056090212
3009915,185.92603080316184
3009916,5.4392781887635655
3009917,7.9831402996448455
3009918,9.199241285458426
3009919,21.13126201269098
3009920,1.2305310644718046
3009921,143.05706111725348
3009922,179.62382774182586
3009923,1.0535654598459077
3009924,6.27336162756404
3009925,152.768387163813
3009926,28.177306863492312
3009927,320.69674403647724
3009928,13.243252409894085
3009929,2.082471569887776
3009930,3.868276776538189
3009931,0.15233670465323365
3009932,3.0141212605046452
3009933,1673.0988980384313
3009934,0.14163972962137078
3009935,139.54678095888204
3009936,4.918773224239867
3009937,752.9938133651896
3009938,271.6301288887766
3009939,170.90673362376546
3009940,63.61582372137904
3009941,27.57560357376681
3009942,2860.4864917794785
3009943,6.949114045019051
3009944,0.16779891532463512
3009945,12.13801214093883
3009946,10.232923218624542
3009947,0.1217963563846508
3009948,149.32915863055
3009949,0.7034167067444875
3009950,6.090290688779977
3009951,1.8153755133616496
3009952,23.297353020579507
3009953,0.7239621575404518
3009954,166.0604714503356
3009955,220.6905382853451
3009956,0.43918572837383546
3009957,4.426745213024008
3009958,72.98099512390145
3009959,20.014606344050573
3009960,190.8777757325182
3009961,5.861898661814999
3009962,0.8395160235284803
3009963,2.744873125940057
3009964,0.16487303547268428
3009965,1.5452135158482503
3009966,1583.2673567028753
3009967,0.1552080319469488
3009968,173.76143295558762
3009969,6.265030745407855
3009970,1000.5185445858077
3009971,397.06649646623816
3009972,251.29604911601973
3009973,38.14538270501091
3009974,32.42403266673105
3009975,3045.3142404617943
3009976,3.825111169583785
3009977,0.21887299817055958
3009978,7.1603516236374745
3009979,18.512380300814726
3009980,0.15014551059626358
3009981,211.08484202006076
3009982,0.7534053072103045
3009983,8.142903406960233
3009984,2.5854650901749996
3009985,8.025225788341693
3009986,1.7191241687448484
3009987,233.44550031260013
3009988,265.0158798429681
3009989,0.9025884386628155
3009990,4.008743435253137
3009991,64.06591379757481
3009992,87.67449625104898
3009993,397.0950190228455
3009994,7.413382445181738
3009995,3.2934350931495797
3009996,3.173892830868969
3009997,0.5610627231202979
3009998,3.6161043040651086
3009999,1823.5730327775816
3010000,0.18805489808400055
3010001,164.3497662115569
3010002,2.764820417004241
3010003,890.5554449757751
3010004,388.014036444172
3010005,293.1443649439193
3010006,135.8303481368035
3010007,60.763276639046865
3010008,3108.0972203807846
3010009,5.9506847229088216
3010010,0.7429040422510994
3010011,12.996854361142514
3010012,15.21509618531734
3010013,0.18769939775668237
3010014,246.0325525259677
3010015,5.520845048398633
3010016,9.887526294200017
3010017,3.166732290287839
3010018,13.983940591769205
3010019,1.5809186839835139
3010020,147.34693072006772
3010021,205.38125306231444
3010022,0.6941980292361298
3010023,4.849448233325867
3010024,111.03477597446889
3010025,36.57045151299526
3010026,640.0064622539904
3010027,17.51907739768608
3010028,3.6494975759957833
3010029,3.3349831592084067
3010030,0.13763053028907898
3010031,0.8122553049650608
3010032,1411.2299771470966
3010033,0.10250055366122066
3010034,159.3443440008364
3010035,2.8736549928545485
3010036,723.0600883173186
3010037,240.0073242770055
3010038,149.07496649161618
3010039,274.97790152137173
3010040,21.191588584177275
3010041,2039.281259309674
3010042,3.4139987132081844
3010043,0.16547958947749264
3010044,9.43648205736446
3010045,11.310382408532249
3010046,0.10035468273509013
3010047,157.2286226591295
3010048,0.10760065380342625
3010049,5.448011232925361
3010050,1.5005210744043656
3010051,13.656011941374087
3010052,0.8480783665103331
3010053,51.19302555970686
3010054,133.64576989630558
3010055,0.7518328957686171
3010056,2.4009977926669626
3010057,58.02867561691279
3010058,36.189927326601804
3010059,474.11075516804385
3010060,1.6882749281537712
3010061,0.719177404071196
3010062,6.620151071467876
3010063,0.42657163916057467
3010064,2.901147513131152
3010065,3142.1930039151134
3010066,0.19142174600712486
3010067,339.0421459529366
3010068,3.6235223633214617
3010069,1174.774368656311
3010070,727.1786051918865
3010071,502.36323677761504
3010072,287.571954317672
3010073,93.00081613532862
3010074,4730.403198036842
3010075,13.069972599075879
3010076,0.9730893274914508
3010077,20.97027545274521
3010078,22.34108850810087
3010079,0.1822244612920294
3010080,311.2484522785747
3010081,0.33638905978448885
3010082,12.037641855645163
3010083,7.9277024204699185
3010084,22.08959350065968
3010085,3.914071617891537
3010086,269.68610681187374
3010087,306.74253705592673
3010088,1.6934247482368805
3010089,8.035239940333694
3010090,379.0244934252327
3010091,56.523056106198595
3010092,1307.534559567654
3010093,57.31632918532338
3010094,9.167975341457417
3010095,2.581945071365822
3010096,0.35606445844752843
3010097,4.719061576427725
3010098,1944.0309143285367
3010099,0.17402818728025532
3010100,497.88017880784327
3010101,5.485054631514453
3010102,596.1092164638213
3010103,546.9919977096207
3010104,190.0921118044564
3010105,214.96625752896952
3010106,42.58937114551099
3010107,2757.224106453502
3010108,9.039929776175478
3010109,0.6524659697040854
3010110,16.850071135391538
3010111,15.781697042375997
3010112,0.18111378426417413
3010113,184.61114396972562
3010114,6.747479148531931
3010115,1.9981835097071643
3010116,6.747312021066312
3010117,31.029052804607453
3010118,1.7052774023582211
3010119,79.5640773537794
3010120,162.6274827405322
3010121,2.876314314803108
3010122,5.804127045238147
3010123,146.4892263818712
3010124,42.865372671306666
3010125,1460.7453571464691
3010126,62.111984772599556
3010127,10.492009965535162
3010128,4.879138189897587
3010129,0.4079887926329981
3010130,2.607943471889763
3010131,2696.871996627337
3010132,0.16188264045613196
3010133,188.64938765342436
3010134,4.37735466662106
3010135,943.3167280814947
3010136,353.26345478721197
3010137,308.08753014649903
3010138,81.94997645517348
3010139,40.7649206331467
3010140,3431.85066150147
3010141,11.22840822525109
3010142,0.872306762489573
3010143,11.051652598576613
3010144,14.429508694091512
3010145,0.17003203773853565
3010146,188.1874439561108
3010147,6.787169373972249
3010148,8.061181719390074
3010149,3.600096970338259
3010150,20.042833612618015
3010151,2.308224255493115
3010152,142.88059025906267
3010153,194.33929521366704
3010154,1.034944206795597
3010155,4.795998719614698
3010156,98.69938890928233
3010157,23.997264737002098
3010158,469.87072560082066
3010159,11.269508087119599
3010160,3.959309641535328
3010161,4.973842599486111
3010162,0.25633109516385594
3010163,7.616056820110962
3010164,2653.5629265954503
3010165,0.2793885885530356
3010166,614.6212821752491
3010167,7.555442408036003
3010168,789.5781753836653
3010169,776.1995679120453
3010170,221.60199044376992
3010171,162.54896302107142
3010172,84.39747741700312
3010173,3612.800091357199
3010174,32.50136808879448
3010175,1.0673873727083338
3010176,15.319777556501863
3010177,25.51967404095555
3010178,0.24767453711332818
3010179,237.0179944122017
3010180,16.080531522080836
3010181,12.129859094068197
3010182,6.674434277119557
3010183,54.147880678429374
3010184,9.30003913540687
3010185,397.6647286400233
3010186,252.76245494669018
3010187,7.477004448726328
3010188,7.1784280939524905
3010189,419.1944744030735
3010190,108.75536903145056
3010191,2161.127190386929
3010192,23.51140730349946
3010193,30.76770635008024
3010194,5.884595466055686
3010195,0.18104015950962127
3010196,5.2207876712584085
3010197,3944.7289166018713
3010198,0.15207454095968945
3010199,485.06282207918946
3010200,5.695737494362647
3010201,1268.6370205516957
3010202,725.0144911936217
3010203,595.1141771248347
3010204,130.25551953544175
3010205,61.29423788038522
3010206,5794.675333789681
3010207,10.626128714183416
3010208,0.4041180972208983
3010209,15.937161874610732
3010210,14.74169808098307
3010211,0.15733587511315095
3010212,333.27408351477976
3010213,0.9926845416406658
3010214,4.198943813524558
3010215,3.758668427608364
3010216,26.397190171766656
3010217,1.3459359234374706
3010218,284.4451385369486
3010219,344.8752460400031
3010220,2.904448154547285
3010221,5.620065569032012
3010222,303.47530457855925
3010223,58.115214243981505
3010224,937.8672981858132
3010225,64.6056881778939
3010226,10.360029482352992
3010227,7.62013075501672
3010228,0.31117115967190173
3010229,3.80775875569233
3010230,3227.4725343779155
3010231,0.1650050220936426
3010232,468.7111224322496
3010233,4.575607278527186
3010234,1235.367109732085
3010235,578.985525138821
3010236,309.99946785777263
3010237,407.57079167181877
3010238,68.23718798493205
3010239,4008.8579338714426
3010240,12.050128124332481
3010241,0.41818312471284286
3010242,25.951272151440744
3010243,29.589452202272597
3010244,0.18294647336119227
3010245,315.2564476883004
3010246,3.0555990664341253
3010247,2.041589648757824
3010248,6.881155187655442
3010249,47.58951052260066
3010250,1.5257436987501316
3010251,105.49174670359817
3010252,296.3673168955203
3010253,1.9510167364823598
3010254,5.373748339974047
3010255,147.36820734105032
3010256,147.63128500921312
3010257,1170.0041088023481
3010258,4.563725889289616
3010259,4.279275327720941
3010260,3.671481715179163
3010261,0.20263492471213349
3010262,1.4698755035977482
3010263,1928.7520453709408
3010264,0.14632077029514445
3010265,150.151536040078
3010266,5.264126841069766
3010267,693.1360955519992
3010268,330.52966793750204
3010269,157.66357262237307
3010270,66.24486085949802
3010271,43.18615424152596
3010272,2603.4572201493474
3010273,4.917555358959218
3010274,0.5233627678676116
3010275,17.7600326756679
3010276,14.251280616974997
3010277,0.12969210545458285
3010278,172.54846422381135
3010279,0.3501770946420599
3010280,5.882988070212967
3010281,3.51827573587965
3010282,31.392005097763445
3010283,2.004402038234834
3010284,104.82426383491058
3010285,191.2348746433049
3010286,0.9794798432658215
3010287,4.417235732244164
3010288,129.95694043624277
3010289,24.687202059315258
3010290,506.90782177861144
3010291,17.537599589638706
3010292,1.4458332404431986
3010293,1.3369531371380639
3010294,0.1590586402937814
3010295,3.8800653932263507
3010296,1339.1870636918923
3010297,0.1531758469324334
3010298,268.2922275554458
3010299,5.417269474521031
3010300,506.8961105288243
3010301,476.38398767843336
3010302,135.1588038537598
3010303,41.34866150026259
3010304,48.50455543692948
3010305,2106.293724456661
3010306,17.533001284205625
3010307,0.3668234291115784
3010308,10.86660889854128
3010309,16.281675417397604
3010310,0.163630201565857
3010311,130.62895640314179
3010312,10.495375456610445
3010313,1.6468094338182906
3010314,3.2079724931149896
3010315,33.6317664727764
3010316,3.8721865919855993
3010317,408.0280368743889
3010318,146.88753604115195
3010319,2.9405120189369285
3010320,4.612749777372536
3010321,295.3406420054965
3010322,25.485340749120095
3010323,1167.2721249168665
3010324,3.761649865934031
3010325,5.095110117115625
3010326,2.494174565564759
3010327,0.17676926954675776
3010328,5.522079577385537
3010329,3205.7082858645426
3010330,0.2090242623684432
3010331,718.5382868495508
3010332,11.965032452836262
3010333,945.8880212212197
3010334,1282.3899591615775
3010335,266.48885925238545
3010336,223.74750534159963
3010337,140.18122809518522
3010338,3896.4614682238675
3010339,29.38903800726785
3010340,0.6506652598559604
3010341,16.78820440452979
3010342,28.306251004127976
3010343,0.23362298784059013
3010344,248.67616840935165
3010345,9.010858345549766
3010346,26.646494317331875
3010347,7.77992524875177
3010348,57.55267702336666
3010349,12.732095314610218
3010350,361.5367355894147
3010351,265.6404041425988
3010352,14.734744709925533
3010353,8.868214769469663
3010354,499.0828962391397
3010355,108.32382214665523
3010356,3343.3030643201287
3010357,15.967736981011862
3010358,19.73949602560761
3010359,2.58562568438885
3010360,0.17404971712366232
3010361,4.396960696047506
3010362,2230.6314170045516
3010363,0.18618572853448717
3010364,438.78039745460035
3010365,5.174645987937615
3010366,459.6948977822417
3010367,641.0561139767728
3010368,157.27626916120144
3010369,127.85777568623614
3010370,87.29853835332158
3010371,2083.7407106001333
3010372,20.16127460018733
3010373,0.7580449142978346
3010374,15.378268707292435
3010375,16.459672945073454
3010376,0.2520275135218358
3010377,114.2435620715687
3010378,0.4976982425124343
3010379,13.669621728517589
3010380,4.190802736047066
3010381,129.04303514449782
3010382,7.39997044901236
3010383,203.9115425174326
3010384,112.20616706641964
3010385,4.5896085585434285
3010386,5.776584996749035
3010387,180.7600855632307
3010388,37.53631805979823
3010389,1701.4905043073306
3010390,1.676873588369845
3010391,3.6160122425446777
3010392,2.579326201754071
3010393,0.11616223213239135
3010394,0.35794460603205075
3010395,726.0576890912386
3010396,0.12072454655450929
3010397,225.45658193716423
3010398,3.584857422376282
3010399,302.6124908769004
3010400,247.96452631106354
3010401,87.42551334386029
3010402,29.886878013154682
3010403,23.828354307032885
3010404,1271.468781472388
3010405,3.5014880964892936
3010406,0.3291881054249637
3010407,7.34528134755509
3010408,6.632478741335161
3010409,0.16002378340362552
3010410,69.28250906627466
3010411,0.09977288980784174
3010412,4.102300232062603
3010413,0.8620947016656614
3010414,12.340207925343794
3010415,0.1678656100809591
3010416,243.6634320385951
3010417,100.30293396305674
3010418,1.7426406821774
3010419,0.9763110269728918
3010420,126.08777958457235
3010421,19.2062482260176
3010422,431.4745408095549
3010423,1.5377589671943603
3010424,1.6831993622987336
3010425,5.7364710525377545
3010426,0.22281573746436767
3010427,5.0113402793406
3010428,3424.9973367069542
3010429,0.20897803546881438
3010430,712.4172945609765
3010431,12.920099477070769
3010432,933.8667156769958
3010433,1150.826126228024
3010434,308.5503979896615
3010435,262.6824546419102
3010436,112.34304211483597
3010437,4288.063341863354
3010438,30.48942914057985
3010439,1.9986757571745883
3010440,17.09924810481696
3010441,28.50994077927059
3010442,0.2506041516379174
3010443,255.49153896206482
3010444,5.944049048194424
3010445,30.303391184596613
3010446,8.26978208484372
3010447,77.2881782231191
3010448,4.034149660803397
3010449,322.7181524257687
3010450,287.1143307533662
3010451,9.560088621770523
3010452,8.919921073376125
3010453,432.7646543239453
3010454,83.0555418526017
3010455,2912.2680568413666
3010456,1.9676667304921542
3010457,15.832592732822043
3010458,5.282414026070626
3010459,0.1687901397356896
3010460,2.4354694642531096
3010461,3434.4848568540137
3010462,0.17323869062552577
3010463,662.1111808653727
3010464,9.312923984330668
3010465,1089.1012161102792
3010466,869.2708330579975
3010467,327.67007184885665
3010468,328.40994367767786
3010469,52.138390626061735
3010470,4659.233205425872
3010471,13.981900243407631
3010472,0.5737046034114903
3010473,25.87966093051206
3010474,18.769316830988092
3010475,0.5197730804840142
3010476,262.7152744440774
3010477,0.21171133263893782
3010478,4.215796959270953
3010479,4.688591726881175
3010480,26.532201345642754
3010481,1.0794228037250206
3010482,180.49451632388715
3010483,285.31138431967685
3010484,4.167393112947444
3010485,3.750898387238577
3010486,188.47672555962387
3010487,78.75021524423715
3010488,1512.3149069430142
3010489,2.3486162155143
3010490,3.6305184402039665
3010491,4.818117902456426
3010492,0.36732423292922667
3010493,2.4717831036288964
3010494,3145.2821196317514
3010495,0.16783737786490427
3010496,716.3729541391699
3010497,7.178127673701592
3010498,911.635143504574
3010499,745.1414454815466
3010500,280.9300742342606
3010501,398.6314279525801
3010502,58.73894406404855
3010503,3939.580192238862
3010504,14.392491061204252
3010505,0.7962585085168166
3010506,21.39819620759212
3010507,16.492772599329427
3010508,0.16886752085276524
3010509,251.371631132669
3010510,0.1958020474892422
3010511,3.946842980655236
3010512,4.111290320232634
3010513,37.86583972422189
3010514,1.1607423493015918
3010515,122.91195547457784
3010516,239.93474533414937
3010517,3.4169251298407124
3010518,4.209449602206847
3010519,191.22023616489506
3010520,64.29804416824204
3010521,1078.1403670733494
3010522,2.497996550653905
3010523,5.141783006789294
3010524,9.085641525987073
3010525,0.6074328322706646
3010526,15.114721453628206
3010527,7893.712211514176
3010528,0.5141392239484396
3010529,1188.0626787197805
3010530,26.123747096193934
3010531,1870.6494418013824
3010532,2138.9595748499173
3010533,354.7111268449724
3010534,473.4509311397426
3010535,298.41271659361036
3010536,7867.089892315131
3010537,82.57491414196144
3010538,2.5799287054021782
3010539,48.9695108711013
3010540,53.34753346942336
3010541,0.43921606344901154
3010542,500.6043632201842
3010543,39.20352723586251
3010544,41.089185612899605
3010545,21.61485779967394
3010546,157.08332603896292
3010547,26.191623924233948
3010548,699.921183910769
3010549,534.816258020393
3010550,15.80479979797634
3010551,24.114569593805886
3010552,1142.3251365952651
3010553,233.77163900638072
3010554,7554.5119976462165
3010555,2.156054044658902
3010556,78.97205246919609
3010557,2.4235513095878436
3010558,0.2378980645520806
3010559,0.44227334507608307
3010560,1621.6972507327393
3010561,0.14071956243866354
3010562,165.44983232167797
3010563,3.238674915618675
3010564,495.5113517708638
3010565,280.2105682808962
3010566,116.55961185237281
3010567,215.73208406575765
3010568,34.96313959193933
3010569,2183.646520205741
3010570,4.522717717134191
3010571,0.2720911746847727
3010572,10.112571446749463
3010573,8.179796446179925
3010574,0.13366999419006398
3010575,126.68735528661145
3010576,0.4024341766792407
3010577,4.772175745205187
3010578,2.010829839276018
3010579,16.317175045847282
3010580,0.5671218523635078
3010581,55.405915798844006
3010582,92.12830348346085
3010583,1.6197704110484934
3010584,3.3001094381997884
3010585,98.56651903448434
3010586,19.65138194845583
3010587,543.1204928089259
3010588,2.5383947263429323
3010589,3.2369763119591197
3010590,6.345684654274166
3010591,0.18582040302150832
3010592,1.4638959925935333
3010593,3387.426560955536
3010594,0.1754402564537203
3010595,587.7261851950487
3010596,6.82290408791685
3010597,1100.815178228032
3010598,640.4240214421538
3010599,222.53672382221944
3010600,437.81073330662906
3010601,57.13710396108065
3010602,4473.0336817817215
3010603,11.755921459709944
3010604,0.3782814145302601
3010605,17.549591168025177
3010606,18.59659604455496
3010607,0.18364767819253638
3010608,268.0604136857006
3010609,0.5792738209776677
3010610,4.767748193679802
3010611,6.349247383349523
3010612,13.574476565060477
3010613,1.1084957431691629
3010614,324.3154944902082
3010615,251.97369624810122
3010616,3.101018853351492
3010617,4.9600135869564745
3010618,115.68332442016826
3010619,58.9166945963715
3010620,1060.0710999062433
3010621,2.8055584710277257
3010622,4.8810971365859155
3010623,0.9824618124892849
3010624,0.11688388444555292
3010625,0.7336527181263051
3010626,1115.01634816383
3010627,0.11014912893609734
3010628,129.59922221018275
3010629,2.303950883456702
3010630,550.1372864973109
3010631,175.44002188316873
3010632,85.74782436706269
3010633,537.7509625421063
3010634,15.529248544026629
3010635,1809.6012983579874
3010636,1.262525328870579
3010637,0.20947711690963272
3010638,6.307182326810086
3010639,3.564246690563657
3010640,0.09475698660284605
3010641,81.89551748180025
3010642,0.08954522322491608
3010643,4.359140706079579
3010644,0.7382501626242555
3010645,10.655870080052981
3010646,0.18648221562803977
3010647,65.84984531635229
3010648,76.51183277207677
3010649,0.4421710638446253
3010650,0.9632746106088838
3010651,50.21315722802021
3010652,9.048931041646354
3010653,193.94427218550757
3010654,3.5129134176503594
3010655,1.2627592930163
3010656,5.397827879045507
3010657,0.14423267606972295
3010658,1.557984216406656
3010659,2209.052991332188
3010660,0.13610275925723905
3010661,238.74727961863306
3010662,4.751336265838406
3010663,938.4632189096596
3010664,400.63838028422293
3010665,162.956624305659
3010666,564.8416724306619
3010667,38.191851125344584
3010668,2928.43214036666
3010669,2.2443868313898987
3010670,0.4262830447421704
3010671,21.137132436829475
3010672,14.38482620375986
3010673,0.12672901643218284
3010674,201.18524472874213
3010675,0.10905422547702831
3010676,4.519876417161868
3010677,8.746023468088548
3010678,13.168125157626248
3010679,0.9674474094564222
3010680,215.80025289506625
3010681,208.08147335550905
3010682,1.3217228667661114
3010683,2.894339285081037
3010684,167.89217133795202
3010685,25.737185112538377
3010686,1135.7441372065844
3010687,3.266120757810621
3010688,0.46593244071568884
3010689,2.8817186220529885
3010690,0.2639320945323243
3010691,1.553479139084051
3010692,2599.394052354688
3010693,0.1941287253274167
3010694,695.1384779308223
3010695,6.8761308873377756
3010696,932.1465717884388
3010697,648.4008511740025
3010698,222.77624910431953
3010699,166.01969745183715
3010700,54.31620226031596
3010701,4218.818010503789
3010702,6.201690686774813
3010703,2.4922430732361884
3010704,17.938964346719874
3010705,33.811000973100214
3010706,0.20790012151892132
3010707,200.00648028712288
3010708,1.155423886418654
3010709,4.361898216529412
3010710,2.7644229982310025
3010711,16.967038997204018
3010712,1.9688308935874952
3010713,172.86888071105042
3010714,272.3124139054287
3010715,2.6911571946049384
3010716,5.78468855602963
3010717,144.1095926111711
3010718,27.307950152222134
3010719,617.614419746738
3010720,4.016328617001861
3010721,2.1165783957219113
3010722,3.129565903916565
3010723,0.11854191668325947
3010724,0.32552171621657217
3010725,1451.2112629730345
3010726,0.11179716332004004
3010727,104.13571074709218
3010728,1.5054418116803077
3010729,476.57496058247517
3010730,173.0613438908122
3010731,96.92481639020474
3010732,229.92665110446714
3010733,30.58938045511726
3010734,2061.0739268648363
3010735,4.767660190788615
3010736,0.36280058764408146
3010737,7.815024152770611
3010738,4.591118509924391
3010739,0.10840868136774448
3010740,97.97583923040757
3010741,0.0919147207320675
3010742,3.9946534720311075
3010743,0.5780384549263473
3010744,14.196278856338653
3010745,0.45516377195308977
3010746,168.92177206758228
3010747,86.10360663229066
3010748,0.6998448353359504
3010749,0.7995433145850822
3010750,45.06184978356098
3010751,15.727223653261365
3010752,320.14811049209754
3010753,0.8416704908585428
3010754,0.6247664976330647
3010755,3.9275608754662024
3010756,0.1322220260324598
3010757,0.6590217093864659
3010758,3132.5028554828787
3010759,0.13545481930160402
3010760,512.6869036983613
3010761,6.519554785894553
3010762,746.2362940481007
3010763,511.8883576613315
3010764,175.55374262837623
3010765,151.99100420940812
3010766,63.29864951094742
3010767,3405.864217369261
3010768,5.424017537519632
3010769,0.299986108888346
3010770,15.93408853377027
3010771,9.453620950610377
3010772,0.13870421321722684
3010773,198.54995669796762
3010774,0.12144485109028688
3010775,11.281438633076847
3010776,2.2839506428175933
3010777,24.0600906934954
3010778,0.8700220149674186
3010779,189.867391904028
3010780,188.17464296615918
3010781,2.37170148070585
3010782,2.3795331188212856
3010783,108.62209826802935
3010784,36.797900695201875
3010785,1047.5680632071874
3010786,1.4753517039978825
3010787,0.5130603415679844
3010788,3.4980661748724917
3010789,0.25073124150236026
3010790,7.900300029458123
3010791,2609.248539190409
3010792,0.2550853255275796
3010793,563.4321291768258
3010794,4.9256767944910465
3010795,873.7355147460624
3010796,943.434617489682
3010797,170.8157072566575
3010798,126.79510775422237
3010799,98.82564937863849
3010800,3583.1304358821926
3010801,43.4321447391241
3010802,1.2806902178978112
3010803,25.57260138436314
3010804,26.840569411526708
3010805,0.28353572668624916
3010806,240.1774762935046
3010807,18.86664217146745
3010808,17.703671516181497
3010809,2.1106450075197265
3010810,80.94641691148159
3010811,10.414143105489993
3010812,213.86814541619185
3010813,286.11242029385255
3010814,12.308762593359276
3010815,13.618130845914777
3010816,242.58044607652593
3010817,69.02928340814817
3010818,2483.7080495206765
3010819,12.585576881589958
3010820,10.764087191156381
3010821,4.460690404849287
3010822,0.1532180435447411
3010823,6.966093458371392
3010824,2128.9523384683434
3010825,0.16156218091069127
3010826,468.8280763525122
3010827,9.981307077314929
3010828,837.5289494534858
3010829,754.8458204642645
3010830,157.02083960706787
3010831,86.23437520759333
3010832,89.7495655470819
3010833,3468.109444042883
3010834,20.941831101622725
3010835,0.762020072162988
3010836,33.444225664680324
3010837,27.39052487656366
3010838,0.15728423702370573
3010839,294.9440829032244
3010840,19.38515577979137
3010841,10.850294349878281
3010842,6.948448116997238
3010843,63.22964099925387
3010844,10.84966751120209
3010845,178.27333234099177
3010846,357.522963294868
3010847,7.430527845900266
3010848,8.219933335223772
3010849,120.5713419762997
3010850,73.1620443266858
3010851,1911.7119566040467
3010852,4.517936601352253
3010853,13.056623342316497
3010854,7.2495127911900035
3010855,0.2674155494470175
3010856,2.864300662806002
3010857,3785.20734100052
3010858,0.24158740319443034
3010859,717.9726422263151
3010860,4.466053230266665
3010861,1558.0714672314173
3010862,692.124736259289
3010863,204.14155777144546
3010864,1941.1239881580188
3010865,61.172974840491555
3010866,5492.022585337652
3010867,34.79407604089576
3010868,1.418413466690666
3010869,21.87911628523152
3010870,18.11868253665422
3010871,0.2492592610149796
3010872,354.5671734574537
3010873,3.61025936415956
3010874,10.922172201670922
3010875,7.870189920847206
3010876,36.669363673618314
3010877,4.311206988875669
3010878,168.24859276439665
3010879,309.5577305053306
3010880,6.411407713037507
3010881,8.413512426862992
3010882,220.60414277028747
3010883,51.34789374533435
3010884,1601.0442049977657
3010885,16.864722544405723
3010886,13.004905267368908
3010887,3.0406070048811893
3010888,0.21533841923499236
3010889,5.943303663648118
3010890,2206.05513190063
3010891,0.18032951770148684
3010892,344.9662607630313
3010893,4.558686463884932
3010894,712.7022014112349
3010895,710.0725013329469
3010896,172.18279411138508
3010897,129.1793371968051
3010898,66.05609035110358
3010899,2952.7950396823585
3010900,20.386855618470477
3010901,0.8080422008119197
3010902,11.871547022347052
3010903,8.977618217322577
3010904,0.19435419495094466
3010905,185.5871438251693
3010906,13.919737126859571
3010907,14.392972240043896
3010908,1.7951344859275762
3010909,48.04153194810213
3010910,6.842824059138344
3010911,334.88957249327103
3010912,220.4988152047229
3010913,5.361418551201873
3010914,7.038773829863268
3010915,341.8172709658312
3010916,44.50607250193633
3010917,2030.6619607232822
3010918,2.6477740193013655
3010919,20.113657712981933
3010920,2.5999757551522773
3010921,0.18801741857045987
3010922,2.3040740592833684
3010923,4853.816639207053
3010924,0.18089059176509947
3010925,503.98843248324
3010926,6.112183545794837
3010927,1752.7182430802268
3010928,701.7507096531341
3010929,282.586881984467
3010930,252.03758886581565
3010931,61.469631535039454
3010932,6014.799178992135
3010933,7.998229893750929
3010934,1.5964947853746518
3010935,25.112728244561346
3010936,22.194967615471548
3010937,0.1836625320389235
3010938,416.79096883010743
3010939,0.1585527552919944
3010940,0.9681745949038266
3010941,7.910914627501073
3010942,21.169505021884977
3010943,1.8096188731362386
3010944,140.734263142461
3010945,327.5828673577985
3010946,2.673907711372882
3010947,8.980531335338712
3010948,182.10255692776514
3010949,62.06720298648288
3010950,1207.362297236888
3010951,5.308011300497035
3010952,4.942028517940617
3010953,5.913144492728323
3010954,0.16166463626128708
3010955,8.051518236623977
3010956,2308.346575452307
3010957,0.1600765082860557
3010958,504.1465971118161
3010959,7.35174297896943
3010960,948.4776706110425
3010961,754.2352293956684
3010962,209.88545963977418
3010963,140.39998224910246
3010964,103.02874108771563
3010965,3571.9815735989264
3010966,31.090334736533375
3010967,0.9097632295496787
3010968,20.408276680107384
3010969,24.72159897799635
3010970,0.15290468496621498
3010971,244.2455024202723
3010972,13.410185843086047
3010973,10.507671124861911
3010974,6.893279704842704
3010975,44.74848628871975
3010976,10.737984994334347
3010977,216.12095843489175
3010978,294.548322425377
3010979,11.49691986777282
3010980,8.872656587264167
3010981,204.48777054866898
3010982,58.38847692999241
3010983,2097.126497019925
3010984,1.9038569522285724
3010985,6.046388336878251
3010986,3.1214030438610703
3010987,0.19556508223501912
3010988,6.5858866418518724
3010989,2449.0951113347487
3010990,0.19484887574200604
3010991,507.12251958952663
3010992,7.445767871944739
3010993,739.5298264380474
3010994,847.1888908792064
3010995,177.60260309630297
3010996,135.384063403784
3010997,100.8225583134106
3010998,3125.36870736322
3010999,30.755593230013147
3011000,0.8953591717726651
3011001,20.27130783151597
3011002,23.64908238374478
3011003,0.1919127566348083
3011004,216.72857218145137
3011005,11.014985024185929
3011006,31.385018382267592
3011007,5.38054607876204
3011008,54.943913659745505
3011009,9.775589808937275
3011010,225.27630358763753
3011011,248.42754645707635
3011012,8.364816440742823
3011013,8.354241421845787
3011014,214.51468352470596
3011015,53.508770604903184
3011016,2486.140164349165
3011017,2.944811976106784
3011018,12.728484953140303
3011019,5.350011992466099
3011020,0.15781110540790277
3011021,4.095051084506164
3011022,5602.687994031113
3011023,0.16767118268259432
3011024,680.7460926730738
3011025,11.448482093581875
3011026,1329.0148623173823
3011027,855.0441280170032
3011028,310.0210023819896
3011029,437.5704831337588
3011030,64.06284752168831
3011031,5294.261544246015
3011032,9.732607201979603
3011033,0.19317359987102964
3011034,17.172348941726465
3011035,20.62533379176288
3011036,0.15829977923892985
3011037,295.4211258005316
3011038,0.19194965196690292
3011039,4.087897031098203
3011040,1.5931214582509572
3011041,55.629809903038904
3011042,2.9910181600456585
3011043,229.1059041409056
3011044,320.49400027398485
3011045,3.122289925736337
3011046,2.1535894529495456
3011047,224.56971636880704
3011048,145.1876533644075
3011049,1306.4223302177481
3011050,2.8683879985325356
3011051,0.5218712062801256
3011052,12.768317254006563
3011053,0.37300394888018873
3011054,15.150239540184161
3011055,8764.51985815351
3011056,0.3333004741774738
3011057,1498.5438067737355
3011058,19.423780901524893
3011059,2218.2718809462217
3011060,2278.9018376952813
3011061,510.4643735377728
3011062,568.3739283533979
3011063,336.52031029156996
3011064,9069.547123131228
3011065,76.14486494271519
3011066,3.5014589112409404
3011067,89.54832569750319
3011068,100.80046558865322
3011069,0.3728983372348458
3011070,605.2243360071972
3011071,33.641612844218336
3011072,21.30976146486266
3011073,51.30021752053379
3011074,228.23693970283392
3011075,23.817301013192495
3011076,761.4555661939629
3011077,539.2097641658685
3011078,31.882862684973684
3011079,33.09294444094853
3011080,1049.6658960039215
3011081,299.3140686194729
3011082,8878.742533237075
3011083,893.6060685386856
3011084,83.42319443284126
3011085,13.128640834999326
3011086,0.3673325373826717
3011087,14.933261272364536
3011088,9140.134741424126
3011089,0.3016655656686716
3011090,1213.777049442731
3011091,20.346908348057124
3011092,2475.0283278956595
3011093,2188.241569223227
3011094,705.1941495900861
3011095,380.04332224406835
3011096,282.1770188101764
3011097,10615.004185454496
3011098,104.12643867662531
3011099,1.2428168959741441
3011100,57.68798987766459
3011101,79.08227496820967
3011102,0.6756975982623032
3011103,653.0569694608066
3011104,27.384078890519366
3011105,24.955861160119372
3011106,18.03106372594473
3011107,148.42790740329693
3011108,19.721277662163093
3011109,1029.5116839195025
3011110,764.5201126577956
3011111,21.61807910645418
3011112,29.705304246469215
3011113,1286.799256169974
3011114,238.3925744143064
3011115,6383.677895290339
3011116,703.2280879938637
3011117,83.83354467745747
3011118,10.650100388687338
3011119,0.29345741580931145
3011120,16.79564461312094
3011121,5472.157481283895
3011122,0.20913527696829237
3011123,846.2407295793658
3011124,10.799771213732312
3011125,2016.8581747166497
3011126,1514.6518728942692
3011127,736.795506117663
3011128,135.4616795596373
3011129,214.87952155530618
3011130,8468.887380686378
3011131,42.32221495630985
3011132,2.2053523691001256
3011133,35.14784662690367
3011134,27.68539226889435
3011135,0.5070993156014123
3011136,584.0045284798659
3011137,26.221127675127473
3011138,18.230382039410017
3011139,10.278088953282053
3011140,98.38084255286579
3011141,9.841206304043965
3011142,957.157813711624
3011143,663.3358072705438
3011144,18.60704894233715
3011145,38.523486798320604
3011146,709.1267621299654
3011147,123.81921377366785
3011148,2628.229266940596
3011149,555.3025971642617
3011150,40.33408501938081
3011151,12.917560929555767
3011152,0.28963008657453504
3011153,17.86834756923533
3011154,8190.339470956839
3011155,0.21899474740288494
3011156,1167.348902308297
3011157,16.588155192597096
3011158,2280.7511514976586
3011159,2070.6180213702837
3011160,644.2537310601542
3011161,345.13987001473936
3011162,206.6409622804578
3011163,10042.43528757226
3011164,42.247112314613695
3011165,1.113113500078464
3011166,58.31060440862518
3011167,66.50719726009963
3011168,0.7828120394746386
3011169,603.5517760014651
3011170,27.48923949664862
3011171,23.25602428183022
3011172,26.33327135725725
3011173,154.251248756527
3011174,14.99769484490432
3011175,825.6381068639141
3011176,702.735084222442
3011177,19.358323217618324
3011178,23.27193874216727
3011179,1188.3357826627305
3011180,236.54670310801907
3011181,5593.765740064442
3011182,800.7459328493339
3011183,67.86805574904923
3011184,10.11036152595335
3011185,0.23725797654101605
3011186,17.56050561810918
3011187,4144.982314853058
3011188,0.1821428661998377
3011189,817.5706407079552
3011190,13.988038075615659
3011191,1887.6751218529757
3011192,1191.052900653553
3011193,598.9743666154671
3011194,102.97638874345677
3011195,149.8075051928834
3011196,7202.919592827535
3011197,36.064084992200335
3011198,0.3799648880404648
3011199,25.60111717847851
3011200,24.898853877161077
3011201,0.2720845866678181
3011202,526.0762799577853
3011203,29.08962729391997
3011204,8.878895298247818
3011205,6.3328410590632815
3011206,80.64315817824978
3011207,5.693550892655389
3011208,815.7214241628939
3011209,692.941390339545
3011210,15.30408015012244
3011211,20.86035135596812
3011212,781.0094269617043
3011213,84.392160798519
3011214,1836.856614963042
3011215,629.3099837256699
3011216,19.053958023575962
3011217,10.418819882190782
3011218,0.2674210927835479
3011219,12.529205118751502
3011220,6877.592326952868
3011221,0.2539612596868087
3011222,1188.904575832442
3011223,21.471120834620724
3011224,1783.5600453250104
3011225,2188.754298979904
3011226,441.9662223123874
3011227,460.32707856609466
3011228,283.8796759286024
3011229,8231.979557329912
3011230,69.36908856068717
3011231,1.2011410720241638
3011232,44.54791051147868
3011233,52.17276019504537
3011234,0.47671596152694773
3011235,487.532525237903
3011236,18.865299502989863
3011237,22.829354005554777
3011238,8.440262863152302
3011239,177.17076097178912
3011240,19.335164998260442
3011241,809.5923433971547
3011242,572.528886174314
3011243,17.837967155481397
3011244,29.844639259576148
3011245,1039.3039303017638
3011246,215.97934517530732
3011247,7280.140601292001
3011248,390.2540822929185
3011249,74.9267869213002
3011250,5.209677842460983
3011251,0.3906943598174726
3011252,7.426147283412985
3011253,1881.7740831611184
3011254,0.24530015381484283
3011255,392.86998640436127
3011256,21.122245359032064
3011257,816.5125743221356
3011258,601.4395718942948
3011259,228.51834979220124
3011260,81.46825107975957
3011261,79.38698547530899
3011262,3062.891357910559
3011263,27.456441441213475
3011264,0.8835823594796488
3011265,21.749452865641388
3011266,20.49827734249906
3011267,0.24549443095414034
3011268,213.95748590483058
3011269,10.992473824307192
3011270,7.232722272333327
3011271,10.294250651518176
3011272,37.759855507337996
3011273,7.980992697445182
3011274,255.30686863793278
3011275,255.15531345291487
3011276,3.369978505379292
3011277,6.656095768048858
3011278,208.9029478944979
3011279,64.29763064400895
3011280,1518.619264890672
3011281,2.033602642644783
3011282,8.097536003997984
3011283,8.730045621133648
3011284,0.2454406957461759
3011285,13.797988221138025
3011286,4171.24373835047
3011287,0.2255576255879008
3011288,606.6233223573186
3011289,26.779961937203655
3011290,1631.4198442807342
3011291,1130.688389581608
3011292,455.06507856206997
3011293,112.10750503055546
3011294,131.3064337954487
3011295,6974.999216205842
3011296,73.1528002973871
3011297,1.0689700361078769
3011298,43.70582711034097
3011299,34.46304083784517
3011300,0.2502488296237864
3011301,402.69614027375854
3011302,16.25314094873454
3011303,7.5511772032829025
3011304,3.2236206805916585
3011305,102.5897484676013
3011306,10.840924561652349
3011307,559.4544331100917
3011308,566.341659620057
3011309,12.280215181165014
3011310,22.67056811601685
3011311,415.22157564509723
3011312,84.47208977346817
3011313,2162.0495954698476
3011314,567.8469982392326
3011315,14.362382759921708
3011316,6.222877962068245
3011317,0.21269538133854707
3011318,5.512508230383892
3011319,4261.01460408189
3011320,0.2048201929214385
3011321,898.0990629112932
3011322,7.048764213379073
3011323,1358.4623799690396
3011324,1609.8213579916096
3011325,261.9499741753281
3011326,343.66205859527656
3011327,203.9410853700988
3011328,5109.783859792135
3011329,43.396285371643096
3011330,1.280291512990004
3011331,22.960614748210904
3011332,34.19101550253033
3011333,0.22242733304960216
3011334,297.9652882330573
3011335,1.6270253270445443
3011336,35.28646880175442
3011337,4.372346678871579
3011338,83.80955318661017
3011339,10.136026602061575
3011340,591.7791412026061
3011341,297.6349629060046
3011342,17.751161266341953
3011343,9.11686703848456
3011344,745.3549128181401
3011345,124.15859961933678
3011346,4956.134161033813
3011347,3.6640611231642213
3011348,40.65863662186279
3011349,7.8230728064364365
3011350,0.22442034330456687
3011351,8.81550245995839
3011352,4274.960122792738
3011353,0.24363284300295301
3011354,885.5843008545487
3011355,9.500902749305725
3011356,1468.2790152929301
3011357,1176.961474914501
3011358,329.4070860473314
3011359,224.85933903438334
3011360,266.47646104356477
3011361,5901.960168778799
3011362,40.83588096922577
3011363,2.459482421680442
3011364,42.35677847106425
3011365,41.56698150767977
3011366,0.2916016952034581
3011367,328.48774982188104
3011368,7.292200625686295
3011369,41.21773010835793
3011370,7.935125607219486
3011371,180.67406238862
3011372,9.855679501518013
3011373,437.565620541702
3011374,325.7168539416693
3011375,12.425650927860243
3011376,21.480176137694123
3011377,450.0332306026598
3011378,131.11017805601873
3011379,4394.583801528344
3011380,6.25370868886393
3011381,6.397192193965815
3011382,6.222900068531809
3011383,0.1396528882287918
3011384,4.145965643144159
3011385,1992.9790905821194
3011386,0.14549061859889145
3011387,454.79187248887047
3011388,5.3328642506192505
3011389,846.5188052419601
3011390,495.8239619368863
3011391,205.69213479655312
3011392,84.40460859477913
3011393,91.56787580957337
3011394,2882.682085762751
3011395,12.834206098748677
3011396,1.0091490336746038
3011397,20.662431402817294
3011398,18.411390215098745
3011399,0.13077633552168139
3011400,199.31315878818393
3011401,3.9755895438004356
3011402,8.330397524491806
3011403,5.004527616738595
3011404,47.48022222102301
3011405,3.414015325668431
3011406,241.29069235353455
3011407,211.2396209356544
3011408,3.816935460043188
3011409,4.969730271120922
3011410,169.97841358514788
3011411,52.84204087311971
3011412,1773.8300243770332
3011413,2.2958594311810856
3011414,2.8622540018672957
3011415,5.12399285289925
3011416,0.16485113313007446
3011417,1.7228724301649414
3011418,3298.5616234409363
3011419,0.14948082010169159
3011420,258.3287243901056
3011421,2.9392695899858245
3011422,1092.9480660526417
3011423,277.14435603912136
3011424,213.20815595269264
3011425,78.49372219739855
3011426,24.529665015308325
3011427,3267.1303732579954
3011428,7.931388296655182
3011429,0.5793770669296887
3011430,17.108199368673972
3011431,9.807389291350573
3011432,0.12487576162873044
3011433,214.0431181754351
3011434,0.11987442480490353
3011435,4.1721713636420805
3011436,2.793248915374431
3011437,16.30588304217374
3011438,0.8388130070082719
3011439,53.537405892873956
3011440,189.75058612739934
3011441,0.17210616433974535
3011442,1.3226482490520584
3011443,58.068513364081035
3011444,86.48060453655941
3011445,590.4757680365549
3011446,4.080750518502956
3011447,1.3990273689880321
3011448,5.34345696094755
3011449,0.1780050448537749
3011450,6.3376475413012985
3011451,3151.992049001823
3011452,0.20688233878253756
3011453,536.8952058141792
3011454,8.35452913828877
3011455,1090.7757528786033
3011456,963.0530124427457
3011457,322.3758540931605
3011458,171.1280949667849
3011459,122.89458844746812
3011460,4635.881992839701
3011461,30.242372307974154
3011462,0.6831891142313767
3011463,22.79412467151961
3011464,39.51448578014139
3011465,0.31550114411908153
3011466,306.1572791906077
3011467,17.125666990347696
3011468,12.239355790886934
3011469,14.057139051691928
3011470,48.65084645064568
3011471,6.59552985083932
3011472,427.28891312276045
3011473,339.2093490275009
3011474,7.89612250040359
3011475,12.632260609737218
3011476,506.1777937317916
3011477,82.47831012603457
3011478,2460.2875853278983
3011479,25.216293657675383
3011480,34.14804129344333
3011481,4.367875395779174
3011482,0.21490623241490195
3011483,7.3805136816651045
3011484,3858.5267096422126
3011485,0.22066053060457208
3011486,708.9350398226767
3011487,13.75686667368115
3011488,1089.307984334507
3011489,1373.9657852337762
3011490,211.6495746275338
3011491,303.05318663658613
3011492,192.85559755010058
3011493,4004.8884267496296
3011494,38.295038043198005
3011495,2.123197654861081
3011496,28.715415568095082
3011497,34.48066408456174
3011498,0.6993914455128586
3011499,266.9577416631692
3011500,12.939211381682798
3011501,33.220943375448805
3011502,8.913570142995303
3011503,112.6330566499912
3011504,13.42688743525817
3011505,506.1042618070298
3011506,288.46323360504954
3011507,6.978966324387946
3011508,12.80490188266617
3011509,673.0293159573332
3011510,131.30812096443435
3011511,5132.151117879338
3011512,2.3014165538313813
3011513,40.15658433609408
3011514,3.6398905704580233
3011515,0.5129021757740866
3011516,10.660252426489983
3011517,4125.7101606786255
3011518,0.21675183956200086
3011519,791.6787617438304
3011520,14.41514584185679
3011521,1150.16863768471
3011522,1403.5269652886261
3011523,271.6398433059404
3011524,303.3553792361471
3011525,153.63956073564674
3011526,4706.65667010594
3011527,39.849064476375226
3011528,2.825199919719666
3011529,31.277674369560053
3011530,40.374007961117584
3011531,0.2947779629517719
3011532,323.81251780283924
3011533,23.18875261088264
3011534,28.550043657941607
3011535,23.00401265647924
3011536,102.25942677639064
3011537,17.757461410993837
3011538,425.73169453846214
3011539,348.06849178773274
3011540,17.58543223537862
3011541,18.373224683686534
3011542,600.8773068216509
3011543,139.26875150404655
3011544,4226.736730878123
3011545,2.28930912774065
3011546,33.45276421167362
3011547,9.32325625715199
3011548,0.2329084038342236
3011549,7.103220921367091
3011550,3474.3471080238887
3011551,0.1897792166055363
3011552,507.5943175780036
3011553,10.065703363930158
3011554,1537.0652625236412
3011555,796.7476854689799
3011556,508.3258382768717
3011557,277.8600800871871
3011558,80.51100841910838
3011559,6365.4261494354905
3011560,9.898292310743118
3011561,0.9371887329288622
3011562,39.61515369393071
3011563,39.681100792659805
3011564,0.23331482333490172
3011565,404.5144492397384
3011566,7.8502966559466
3011567,3.943532474405212
3011568,7.602045397212742
3011569,42.77663686389492
3011570,4.017000079726719
3011571,312.33731536194034
3011572,433.2622228919452
3011573,5.947086355609013
3011574,6.1979941047614515
3011575,346.76149046048556
3011576,95.93920182939617
3011577,1433.0360010154366
3011578,196.2292230713805
3011579,13.570985725654687
3011580,4.203081881623711
3011581,0.3065328539935056
3011582,3.1329895035653954
3011583,2101.4374251070553
3011584,0.307385448279349
3011585,354.3659448280036
3011586,10.714126868397281
3011587,675.1479960828068
3011588,652.149871681548
3011589,136.6750438556319
3011590,134.97746984263
3011591,116.39412106189155
3011592,2580.8710871584403
3011593,19.00630542155852
3011594,1.481874540494626
3011595,21.12706077217222
3011596,25.211461639612992
3011597,0.35373941340158616
3011598,194.7927548023859
3011599,14.20384397638979
3011600,18.31963105082597
3011601,6.9757680758857346
3011602,80.69530027604299
3011603,6.385372145988568
3011604,271.1715103103585
3011605,180.7403591142188
3011606,3.7540855661126167
3011607,9.740399519693263
3011608,288.6741547474321
3011609,62.25407535855995
3011610,2143.846284982281
3011611,19.040883317553863
3011612,23.771961117050484
3011613,1.1590398798256596
3011614,0.13753960741332844
3011615,1.3606663082199715
3011616,1411.081956901929
3011617,0.12337114908476078
3011618,104.99486540210277
3011619,2.7923533504675855
3011620,671.3673811258647
3011621,272.7863460540478
3011622,221.00801670229973
3011623,42.366949385240076
3011624,27.093250994242272
3011625,2606.1863966767237
3011626,3.3531194281177705
3011627,0.3517728976981338
3011628,6.526648137201903
3011629,8.577663467606198
3011630,0.11678977192917084
3011631,159.28648966238242
3011632,2.7607830433770353
3011633,4.078120726373992
3011634,1.2550386487580698
3011635,8.708827605440181
3011636,0.28581238578118967
3011637,178.19595279032285
3011638,167.25689976436337
3011639,0.5762176825842629
3011640,2.868533899604921
3011641,127.37563463893179
3011642,22.556946438023612
3011643,334.76101803832313
3011644,7.092234897221224
3011645,1.0572277368505452
3011646,5.486373545481756
3011647,0.18421728930568115
3011648,3.9640401156585012
3011649,4240.620957705474
3011650,0.17073213149768945
3011651,775.761904079944
3011652,10.023315410583859
3011653,1706.9260854402532
3011654,636.2546623423239
3011655,487.59254537113856
3011656,325.3739779036795
3011657,71.75241278360534
3011658,6634.125537482799
3011659,19.956604249051285
3011660,0.5282140747412792
3011661,22.859408271906197
3011662,17.629863694686478
3011663,0.21267634705393418
3011664,446.05184592763914
3011665,6.513221481867856
3011666,3.3982714946515107
3011667,7.901183595982576
3011668,26.745177869263983
3011669,1.6730231032871468
3011670,647.5182936467652
3011671,369.52813766570273
3011672,1.8625453518976485
3011673,12.34099802620961
3011674,456.47570690080704
3011675,101.02184258555509
3011676,2293.2268745108445
3011677,19.37004803634893
3011678,6.333105860396138
3011679,4.399993995568673
3011680,0.14052329940851485
3011681,0.8195321819411421
3011682,1549.4237060955795
3011683,0.12987398757520488
3011684,172.83439257415424
3011685,8.647102524518184
3011686,715.8372616228484
3011687,362.57197330520904
3011688,178.76246069094594
3011689,41.85445968759634
3011690,32.83287328259725
3011691,2579.1131946934493
3011692,5.777628002387664
3011693,0.27522515678493753
3011694,10.65906078278349
3011695,15.801774503706508
3011696,0.15146605862550597
3011697,155.58231349614383
3011698,5.3878345342693565
3011699,7.308439398976915
3011700,10.370576197222293
3011701,28.616078588351563
3011702,1.1066636965814678
3011703,169.19811341114328
3011704,176.9006981238145
3011705,0.9806006238109514
3011706,5.245967798907795
3011707,160.27859822075214
3011708,30.90087300939841
3011709,451.30836980652856
3011710,11.852688644881896
3011711,2.525664883994139
3011712,3.363529287950422
3011713,0.11288077842824865
3011714,3.290284657952852
3011715,1390.5851027685064
3011716,0.1024895707703908
3011717,131.0145061753165
3011718,4.744390805753234
3011719,646.2880140398587
3011720,252.23155588225507
3011721,153.43142314889786
3011722,35.35483083995139
3011723,24.024696673499893
3011724,2444.8676587223435
3011725,7.826685148252023
3011726,0.14218822059587605
3011727,10.78255591978731
3011728,7.543574104323498
3011729,0.10029385924911864
3011730,131.44286843138772
3011731,0.7761776345455339
3011732,4.636616325415142
3011733,1.8604577893038081
3011734,21.87363252794879
3011735,0.6531761663492595
3011736,168.28519121202456
3011737,168.7677044519851
3011738,0.4133848181851147
3011739,3.965258832337018
3011740,88.72697315619301
3011741,17.893650752469703
3011742,237.82904871847114
3011743,10.144056121175446
3011744,0.83381843163294
3011745,2.6815379905294106
3011746,0.13564902942973123
3011747,1.32170986773942
3011748,1576.4120435311127
3011749,0.1274362671048026
3011750,179.68194922514556
3011751,6.889943401955093
3011752,852.7999682439698
3011753,371.7352749718118
3011754,237.84101991645232
3011755,30.205381265547317
3011756,35.28726325447277
3011757,3039.773250513196
3011758,3.3095492634348744
3011759,0.22729725880264007
3011760,7.077895941071816
3011761,14.97904804748184
3011762,0.1291379515532641
3011763,171.3595602953346
3011764,0.5963673751460281
3011765,8.133004899012416
3011766,2.31911752968876
3011767,14.9842877742862
3011768,1.4979356877879575
3011769,200.94476590538676
3011770,219.44327955909174
3011771,0.8269278908680482
3011772,3.9540749074633954
3011773,67.705349956821
3011774,84.43636968660036
3011775,512.9437257294575
3011776,7.550112796447223
3011777,3.3723963454705093
3011778,2.839153041161258
3011779,0.43029696461968775
3011780,2.4535409704247026
3011781,1715.326169167452
3011782,0.15763963468009615
3011783,161.24910576966715
3011784,2.5075492397438888
3011785,810.0665692320854
3011786,350.47189624144437
3011787,243.52081268777908
3011788,90.61494208561517
3011789,61.504316117533875
3011790,2823.099302946262
3011791,5.196134360968989
3011792,0.7904711572153649
3011793,11.126785359862549
3011794,17.323572048399132
3011795,0.16702283207742738
3011796,212.32381434258033
3011797,5.7227727608615675
3011798,10.737084285501512
3011799,2.9915604519208254
3011800,16.736226378289594
3011801,1.3131726898527372
3011802,136.5329500490987
3011803,182.11075100646747
3011804,0.6610991127664688
3011805,4.218135842646943
3011806,109.62215860739732
3011807,44.765497661484886
3011808,1027.636989316609
3011809,21.00163522774581
3011810,3.7279431325456645
3011811,3.114662352835331
3011812,0.11008432332504502
3011813,0.6802788925652251
3011814,1212.5696586455933
3011815,0.09291935656096544
3011816,161.05440205237446
3011817,2.863002102489463
3011818,691.2814917525542
3011819,222.74953409768963
3011820,149.20450065607568
3011821,102.96438528031669
3011822,23.160361476509685
3011823,1824.5617327964285
3011824,3.109766670574156
3011825,0.17169344578674067
3011826,7.928483615928187
3011827,11.091856068782773
3011828,0.09874706136419857
3011829,131.4444316690747
3011830,0.0859969016339212
3011831,3.916555586715884
3011832,1.7033204304715268
3011833,17.210354251302842
3011834,0.7801909669808419
3011835,48.170992457238626
3011836,114.92719980312002
3011837,0.6347190559053142
3011838,2.0292074868703707
3011839,57.10755533747813
3011840,32.10021585155403
3011841,828.1696853274907
3011842,0.6754447102776202
3011843,0.7001882584593269
3011844,5.974908937851146
3011845,0.37476518292851857
3011846,2.681628270286756
3011847,2950.9204159614146
3011848,0.1721200439117851
3011849,319.78205604919117
3011850,4.811708285565983
3011851,1052.6056103174321
3011852,668.5658407282384
3011853,452.04613567950764
3011854,175.11120467667334
3011855,102.40686503013717
3011856,4448.527307961084
3011857,14.24354158922725
3011858,1.0473804083197753
3011859,19.236659069115124
3011860,21.548605692546914
3011861,0.18929593699188305
3011862,268.3514631188957
3011863,0.3530351646248256
3011864,10.034965814497909
3011865,6.997055025902823
3011866,24.28175515003645
3011867,3.352017973497771
3011868,269.9957446478872
3011869,249.11170493461387
3011870,1.7523235497827934
3011871,7.357520244083181
3011872,337.42793864821715
3011873,55.902717979126955
3011874,2275.183222442967
3011875,39.906748110445335
3011876,11.542886853447248
3011877,2.5076740906910393
3011878,0.3069381975746143
3011879,4.170248805425583
3011880,2070.8620833070363
3011881,0.15394785202909425
3011882,542.4872558266377
3011883,6.2153458755050215
3011884,573.7286984899004
3011885,572.6685584203627
3011886,190.44241578905695
3011887,152.41260964018062
3011888,47.18408848973898
3011889,2871.099539922094
3011890,9.658541362799149
3011891,0.6537562935607907
3011892,14.060410617127722
3011893,17.45762141715208
3011894,0.17177815569111002
3011895,176.88646513245
3011896,5.725561210252421
3011897,4.974544034697304
3011898,8.78684163208814
3011899,43.71179541837827
3011900,1.610820191933348
3011901,92.4939066711739
3011902,143.42004460202662
3011903,2.8557185084826076
3011904,6.064853123883281
3011905,165.2043635636481
3011906,50.533286070617045
3011907,2871.7871144539695
3011908,69.06639791722452
3011909,12.379984277252085
3011910,4.248183054199267
3011911,0.31959026898555265
3011912,2.9838672881861577
3011913,2308.1413785898712
3011914,0.12454503404773988
3011915,177.96274589360476
3011916,5.300163582354577
3011917,828.1574558837953
3011918,314.7591929713328
3011919,289.93721730514125
3011920,52.53738024077404
3011921,31.587695289913523
3011922,3055.780632492998
3011923,9.022845004646005
3011924,0.7446915370143092
3011925,9.128541430079238
3011926,12.177045137364317
3011927,0.1379481451249839
3011928,168.48940701858237
3011929,5.687417860623891
3011930,7.703726523585481
3011931,2.8944869675575045
3011932,27.9324908981436
3011933,2.0390273874506
3011934,138.52875440513256
3011935,158.04838075746437
3011936,0.9062106552842036
3011937,3.959892958267116
3011938,98.83207177573496
3011939,22.7477090374714
3011940,564.5807588309405
3011941,15.633382891558265
3011942,3.8126990599586863
3011943,4.605463841132536
3011944,0.19857501723792123
3011945,7.287703216578947
3011946,2277.6788945505264
3011947,0.284799718237852
3011948,570.7409049860172
3011949,7.35671705400549
3011950,692.1701223425566
3011951,702.3809143352921
3011952,193.68809629904237
3011953,140.30782428994482
3011954,85.98262823358456
3011955,3254.2734815172353
3011956,25.96060592874545
3011957,0.9256062558949677
3011958,16.69227867138623
3011959,22.609419567087038
3011960,0.2469554645638951
3011961,208.63235653548216
3011962,16.857339075238666
3011963,11.300852733852146
3011964,4.45505296158802
3011965,69.5914293694512
3011966,7.7759501512311076
3011967,375.8262621227895
3011968,211.31481042856612
3011969,6.935859079750924
3011970,6.897902729259734
3011971,372.6727704033294
3011972,89.91361812507448
3011973,1951.690471110103
3011974,20.430775773147985
3011975,26.874747639553302
3011976,5.605527910104675
3011977,0.1471387543596248
3011978,4.662753786420354
3011979,3678.6054109093284
3011980,0.13715392939525528
3011981,460.96701351862527
3011982,5.086851631121694
3011983,1159.48720344887
3011984,628.3791891902314
3011985,592.9675764902291
3011986,78.32812306306471
3011987,68.14631709200133
3011988,5157.677490305283
3011989,9.889926047385138
3011990,0.4516529713239522
3011991,14.559778997958103
3011992,15.037202029529972
3011993,0.1532452770694042
3011994,279.73355857106856
3011995,0.9695538397163574
3011996,9.066759051392417
3011997,4.522096189614454
3011998,30.228846151419877
3011999,1.1852798155461288
3012000,281.9988604309357
3012001,318.91122656066517
3012002,2.670843285375139
3012003,5.1986661962557
3012004,264.1763180557762
3012005,59.412232533017566
3012006,1418.3386790614527
3012007,52.82424218230553
3012008,9.780307711501525
3012009,7.319667253063101
3012010,0.2823218421126423
3012011,3.9045023975411555
3012012,2872.2299565635276
3012013,0.14001027167813182
3012014,437.2659839449557
3012015,4.816725800448291
3012016,1102.709334066101
3012017,566.0726869498823
3012018,302.4253929422847
3012019,227.35243600435678
3012020,67.69317704174263
3012021,3749.067750543429
3012022,12.389433074446215
3012023,0.40227069107903674
3012024,29.506181506911556
3012025,28.557767796677098
3012026,0.17891943927076148
3012027,276.2327401214904
3012028,2.6074496322076874
3012029,4.582685229537115
3012030,7.863864978455075
3012031,59.01203811659359
3012032,1.30578511188966
3012033,112.05382321244672
3012034,249.2701549870888
3012035,1.8294951139252233
3012036,6.614681632004733
3012037,159.42456965352014
3012038,133.2822047325328
3012039,2143.450515390087
3012040,3.8853942418506975
3012041,4.3338453002554935
3012042,3.5405879800068414
3012043,0.13377118272295943
3012044,1.355668204784247
3012045,1711.2013467695042
3012046,0.1253794332728878
3012047,127.52895527556025
3012048,4.756713214923377
3012049,594.1637522552433
3012050,282.03413269886966
3012051,134.45810533866492
3012052,48.89792801345358
3012053,43.2351339470402
3012054,2347.289532565448
3012055,5.318784027013782
3012056,0.5282865531280356
3012057,18.707186650427975
3012058,16.269322050661746
3012059,0.1285515440379638
3012060,161.0353278151702
3012061,0.3320600683393167
3012062,4.840374317559511
3012063,3.1527361870908877
3012064,38.37175597877245
3012065,1.9186520225687702
3012066,95.69190523331817
3012067,133.27659056973147
3012068,0.8241594270318591
3012069,4.419061693575183
3012070,125.21290267850948
3012071,24.919971878548925
3012072,648.9721203535272
3012073,10.785151206822967
3012074,1.7221071069686735
3012075,1.3074042877264327
3012076,0.13054211215090183
3012077,2.7035596186835096
3012078,1261.1342843941395
3012079,0.12983170828426938
3012080,243.09297356313598
3012081,6.834259684473524
3012082,466.5118429185312
3012083,450.40823178728806
3012084,108.58432554726859
3012085,42.10890313036817
3012086,48.96396188054979
3012087,1935.0400894341572
3012088,17.122729127690132
3012089,0.3850111941182071
3012090,9.430235728733084
3012091,12.63034319719164
3012092,0.20324979230264253
3012093,114.50880338533278
3012094,10.368063431355804
3012095,1.6550820247250595
3012096,3.2922277464969656
3012097,45.01664395839554
3012098,3.491058065666125
3012099,576.138434208691
3012100,134.4715523726138
3012101,2.8615156278527127
3012102,3.918004652116654
3012103,319.6597878121245
3012104,26.183921548584994
3012105,1042.3095429306743
3012106,2.346968950936546
3012107,5.827485284869202
3012108,2.2147029228729136
3012109,0.15793457188763327
3012110,5.49771094664527
3012111,3000.556985144076
3012112,0.18622185558719329
3012113,675.3309384843188
3012114,11.83809256692962
3012115,971.3978185452941
3012116,1172.9371430681806
3012117,249.05730361206156
3012118,207.91607668553846
3012119,136.39529506311598
3012120,3630.6833632928915
3012121,28.16686703271063
3012122,0.6664460201070359
3012123,18.120560821248745
3012124,29.986928717719557
3012125,0.22931337573054297
3012126,232.48742124769473
3012127,9.002106395627068
3012128,27.581532513858544
3012129,8.105265229774117
3012130,69.67325474827794
3012131,10.566503875578746
3012132,348.1716914706345
3012133,255.58032939920435
3012134,14.518039845675784
3012135,8.51580826777705
3012136,467.71422361273704
3012137,96.51752861507772
3012138,3149.446372218105
3012139,13.97618178383409
3012140,19.76817710154435
3012141,2.1336613517326537
3012142,0.0948416739142766
3012143,3.562774441210287
3012144,1705.5024899672583
3012145,0.12153544073041529
3012146,369.496655290216
3012147,5.0450476736603616
3012148,387.17925397535726
3012149,513.7298316329839
3012150,134.33168198734023
3012151,103.09916470105036
3012152,71.2916117676968
3012153,1670.88940151859
3012154,17.00647434503045
3012155,0.6274478719060662
3012156,15.044622765578083
3012157,14.69083874850705
3012158,0.16498856423828737
3012159,91.34076319312915
3012160,0.4010671622061944
3012161,14.694832659596278
3012162,3.737647677678752
3012163,152.14318620781995
3012164,6.547469122476651
3012165,168.50359364027602
3012166,107.18765259508788
3012167,3.814350936546976
3012168,4.853751214847565
3012169,158.7380616941831
3012170,33.44893225413122
3012171,1370.9002801902027
3012172,1.4485071020683076
3012173,2.8247771191783717
3012174,2.487619716786168
3012175,0.09905649455813058
3012176,0.3231259872276339
3012177,728.3672668686206
3012178,0.10348833816836227
3012179,211.49050633946945
3012180,3.474760756600123
3012181,266.55059198104533
3012182,215.20428370994898
3012183,75.59675594607249
3012184,28.647904810751786
3012185,23.834031941217415
3012186,1195.193249645936
3012187,3.759990653303201
3012188,0.37259893976365116
3012189,5.868284648507281
3012190,8.328102104315837
3012191,0.1454098998478913
3012192,69.40477995968526
3012193,0.10059719534996689
3012194,3.5909201345469137
3012195,0.8792305701105715
3012196,16.76410184148341
3012197,0.14990897047477397
3012198,199.92365988563412
3012199,109.92180653060447
3012200,1.6429874237550128
3012201,0.861979545364141
3012202,113.85131448932927
3012203,18.949907125105625
3012204,373.56297698192645
3012205,1.4975662532331646
3012206,1.6502420243152653
3012207,5.129754247826465
3012208,0.16941779772992685
3012209,2.4321925613975512
3012210,2662.460542339139
3012211,0.16226561047045446
3012212,568.4114722906655
3012213,11.489287376146747
3012214,769.937939311904
3012215,894.0828946505853
3012216,255.13233261733802
3012217,204.28342584712706
3012218,93.24144744071836
3012219,3373.693819720329
3012220,25.008400665496165
3012221,1.6647379083458975
3012222,16.08040604610894
3012223,24.373892357323957
3012224,0.18646123002309206
3012225,210.1715924112261
3012226,4.856235556444876
3012227,26.853490201816467
3012228,7.789352608282312
3012229,83.12324320265608
3012230,3.1784074699882323
3012231,242.77119163873672
3012232,210.78144275843763
3012233,7.9490191212253185
3012234,7.548197830217671
3012235,329.2772567591219
3012236,67.75189770298257
3012237,2246.922513098776
3012238,1.6221615084540435
3012239,12.136790457494257
3012240,4.9568709454453135
3012241,0.15428051974348647
3012242,3.2218081862923333
3012243,3317.442110055687
3012244,0.15832837409749384
3012245,646.0706170447139
3012246,10.946657761583857
3012247,1120.9222842088502
3012248,934.797931544989
3012249,344.77982538634376
3012250,264.25025396869034
3012251,69.68835106171056
3012252,4672.472656091966
3012253,15.899364335375399
3012254,0.6695981808453921
3012255,26.081470471000316
3012256,17.360121390703082
3012257,0.496989109627399
3012258,268.37176132103565
3012259,0.25988739150983114
3012260,5.924956954720502
3012261,4.65234089681922
3012262,39.06696002036384
3012263,1.1111169099496407
3012264,210.7489407694516
3012265,291.78388259509956
3012266,4.017283486518935
3012267,3.7876232532031606
3012268,206.48586643096863
3012269,83.45853053266963
3012270,3144.460204791
3012271,2.3326179883093636
3012272,4.030075667007998
3012273,4.938738488111865
3012274,0.344439284177487
3012275,3.2272044646713307
3012276,3214.513304166976
3012277,0.15977585303985872
3012278,749.6407008117446
3012279,10.602279045633802
3012280,964.769354238461
3012281,710.8169197729402
3012282,277.66497140672186
3012283,223.25730257034382
3012284,62.61530008242879
3012285,3997.0900101008324
3012286,17.884919897073157
3012287,0.8724705843888185
3012288,22.01711178111695
3012289,17.42255568685128
3012290,0.1715207261214923
3012291,245.0274615393422
3012292,0.17787042716025275
3012293,8.578480492356176
3012294,4.187405081301247
3012295,46.034105574048105
3012296,1.254000880246027
3012297,122.17785798611817
3012298,221.71997172815634
3012299,3.8884400640463457
3012300,4.275906130678849
3012301,203.44212028213983
3012302,68.78791148613395
3012303,2370.4915528857773
3012304,2.716061380497315
3012305,5.587885911180234
3012306,8.446120920021231
3012307,0.546375266271055
3012308,14.779649576166092
3012309,6583.8120220697665
3012310,0.39938554872581494
3012311,1056.970507184395
3012312,27.13020980856007
3012313,1722.8316819408972
3012314,1853.7026213097415
3012315,308.11016803165046
3012316,398.5772239707207
3012317,274.96827760553685
3012318,7004.605906780397
3012319,69.0748078341156
3012320,2.240928600552191
3012321,45.776065405993
3012322,48.021206488157546
3012323,0.44711223911659337
3012324,457.7254694674845
3012325,31.26691247633253
3012326,46.40553897347272
3012327,23.828935423448492
3012328,175.96941708309743
3012329,24.41766142213245
3012330,616.2520625644594
3012331,467.7589424988305
3012332,16.10143398595924
3012333,22.18957297798352
3012334,1008.6880963162375
3012335,223.2032382823256
3012336,6576.9352619010115
3012337,1.9427765349482309
3012338,71.1487399837832
3012339,2.484832202224603
3012340,0.1803042037652199
3012341,0.44395830875051967
3012342,1714.731755876891
3012343,0.13621203063633974
3012344,192.0141503317709
3012345,3.4241069157444195
3012346,651.4897804710967
3012347,306.6589562680458
3012348,118.85337279867291
3012349,119.15382003082006
3012350,43.782451718869154
3012351,2342.751128708209
3012352,4.318473162932915
3012353,0.25495442683345726
3012354,11.358164710839194
3012355,9.651508279575712
3012356,0.13794783437819502
3012357,168.373778010085
3012358,0.45777566624938093
3012359,4.7480821938357325
3012360,2.076583032313131
3012361,21.8457212835878
3012362,0.5320989300128461
3012363,77.15865709377921
3012364,101.17163581360808
3012365,1.3259516719121154
3012366,3.9030973307569465
3012367,107.88404880331606
3012368,23.989533714666354
3012369,1215.7333733292087
3012370,2.5924913684258315
3012371,2.6711659572075064
3012372,6.156350782108004
3012373,0.16650242665516093
3012374,1.4261746273989342
3012375,3396.863184774335
3012376,0.16408680538215617
3012377,602.865395916177
3012378,7.4303535994563665
3012379,1048.96517178254
3012380,633.2052388634511
3012381,212.64812883051982
3012382,316.64991660031654
3012383,80.79170436119213
3012384,4486.248333743823
3012385,11.029281118767447
3012386,0.38324829746941597
3012387,17.57816229192987
3012388,18.646749508259212
3012389,0.19057430427856453
3012390,248.94802232133168
3012391,0.5450084041902736
3012392,7.818691050992295
3012393,7.431311088277122
3012394,17.65568358005165
3012395,1.0795930619246947
3012396,304.0279831615881
3012397,227.69241617163775
3012398,3.051288668649201
3012399,5.488192228042818
3012400,129.86005261794645
3012401,55.74983592612344
3012402,2500.1146870440566
3012403,2.5297970951571416
3012404,4.481938209653025
3012405,0.9640857972683998
3012406,0.099767087193108
3012407,0.6621906429646536
3012408,1137.9245137240316
3012409,0.09307556542321706
3012410,104.17468191547302
3012411,2.577810822760205
3012412,519.4239301908386
3012413,148.31390451112006
3012414,78.10285987828313
3012415,156.83675166718808
3012416,14.49353194046268
3012417,1878.4758806887921
3012418,1.1093908797561634
3012419,0.21662528513913187
3012420,6.151927609816795
3012421,3.5215193083507885
3012422,0.1008605490521354
3012423,76.82071399600558
3012424,0.08837813304958046
3012425,4.17106052885607
3012426,0.630440365251654
3012427,9.892603345739309
3012428,0.14416787461066194
3012429,64.4725891631353
3012430,69.33613696897363
3012431,0.45124319690318915
3012432,0.9460602410369748
3012433,49.6555122542614
3012434,8.406018541253736
3012435,390.4581487483016
3012436,2.126290401593229
3012437,1.027787523768586
3012438,5.82738509391952
3012439,0.13807197395556645
3012440,1.4463119951719325
3012441,2117.0883933222
3012442,0.12992382803573416
3012443,234.1907968237672
3012444,5.993213944131837
3012445,955.3358465504976
3012446,379.06291714926107
3012447,182.59162139278249
3012448,148.37563998793883
3012449,42.16565637156469
3012450,2798.01576692621
3012451,2.7279415831498977
3012452,0.42920527155895566
3012453,21.92771390768383
3012454,14.466934293517621
3012455,0.15534252837688908
3012456,191.43037305809594
3012457,0.1205153946576392
3012458,4.63495757992833
3012459,9.722296553629233
3012460,18.311354647443867
3012461,0.9850014292493334
3012462,191.65954531776006
3012463,205.72926245685605
3012464,1.383996097737737
3012465,2.8626710042839214
3012466,192.053370391457
3012467,28.26829591904659
3012468,2248.4971449861814
3012469,1.8441943627356778
3012470,0.5277524963655066
3012471,2.5586323975193435
3012472,0.21558363167603953
3012473,1.5479311432360832
3012474,2182.196844944674
3012475,0.16943732931970124
3012476,616.9422970116373
3012477,6.844948090914637
3012478,804.5206259459986
3012479,527.8919990888545
3012480,201.81347246915476
3012481,116.06709451729617
3012482,50.86666924326904
3012483,3901.4824347245535
3012484,6.064478894406282
3012485,2.520298965171167
3012486,19.173884957480237
3012487,35.11424430762486
3012488,0.20162870896891394
3012489,193.11836435450596
3012490,1.0512270601465155
3012491,7.601296697228763
3012492,2.7077837451402655
3012493,24.13004298083255
3012494,1.7738841511592438
3012495,153.37030251399426
3012496,231.7720625245137
3012497,2.5571043221234935
3012498,4.938682556551415
3012499,123.10844278244784
3012500,25.589223655307013
3012501,994.317475855053
3012502,4.016792553820371
3012503,1.7342319791333203
3012504,2.9494699447173294
3012505,0.10227637886142903
3012506,0.27987752280666967
3012507,1239.1335457220791
3012508,0.09556958933164522
3012509,108.78829316710514
3012510,1.7008440933131674
3012511,380.37812405061635
3012512,145.1609227963353
3012513,83.3146033654293
3012514,116.24171530638768
3012515,30.121209914219
3012516,1795.9877547780275
3012517,4.450359573832846
3012518,0.3795638448575112
3012519,6.615341727475891
3012520,4.599396796043677
3012521,0.10228568592193742
3012522,88.36835019605137
3012523,0.09161328136758848
3012524,3.9411033176761614
3012525,0.5489130230388843
3012526,17.70000893191389
3012527,0.4036538053468539
3012528,175.76206203590283
3012529,81.73381704471947
3012530,0.6553865363900061
3012531,0.788207194184606
3012532,43.84023240802431
3012533,16.441176482928277
3012534,630.6695390334426
3012535,0.9070164739809476
3012536,0.554427851374484
3012537,3.5059427928732134
3012538,0.13825120756874115
3012539,0.7139400057173557
3012540,3247.1532622431455
3012541,0.1413069474034313
3012542,578.0964228478038
3012543,6.733472633292893
3012544,829.75401837678
3012545,626.6454125745393
3012546,195.11929849793785
3012547,135.46001944956194
3012548,61.55098534681062
3012549,3725.1372543997554
3012550,7.130209275555581
3012551,0.3173408093905909
3012552,19.076073589876724
3012553,11.671265863729676
3012554,0.16449933805375086
3012555,198.27137860306834
3012556,0.1523246769322449
3012557,22.32553873460483
3012558,2.5712872839530156
3012559,47.30121039807355
3012560,0.9088912742484032
3012561,221.6194368417754
3012562,198.0808984621505
3012563,2.4885805940055863
3012564,2.7012879044046114
3012565,131.990280597202
3012566,41.740031958457394
3012567,2639.0599339873224
3012568,1.5848546267665398
3012569,0.6942553701567822
3012570,3.1641212165300945
3012571,0.22299848528189278
3012572,7.166773682797591
3012573,2462.1490027050836
3012574,0.23397279021275333
3012575,503.75663839044535
3012576,5.987932149246245
3012577,875.9690591636776
3012578,782.8050944778605
3012579,152.69354397465656
3012580,117.75875765365771
3012581,113.75962643150285
3012582,3533.3669760699204
3012583,45.70213857340826
3012584,1.2864643798147009
3012585,25.0940229934728
3012586,27.244493620869548
3012587,0.33818101979655796
3012588,228.9480830890343
3012589,19.16075884155244
3012590,18.134589723659687
3012591,1.9318146298567858
3012592,94.84239030642624
3012593,9.427487021175383
3012594,217.95614376410518
3012595,265.16477077686295
3012596,10.466575448027681
3012597,11.885227265833887
3012598,239.21815678533406
3012599,69.74286783797515
3012600,2294.947839155499
3012601,12.213360824148308
3012602,10.521885319577144
3012603,4.365460350624993
3012604,0.13526495355826945
3012605,7.040060535741654
3012606,1927.0486182691266
3012607,0.13763218952869735
3012608,385.7917713783079
3012609,9.436750662322149
3012610,735.9538623001472
3012611,677.3388043865419
3012612,131.29601600489482
3012613,75.46806784936642
3012614,87.97511359279953
3012615,3029.22367939069
3012616,21.039741549168053
3012617,0.716611521191272
3012618,26.646835309164278
3012619,26.54089421018496
3012620,0.15006061122199346
3012621,253.09132788358602
3012622,18.978231129075333
3012623,12.412941792645183
3012624,8.046974189796922
3012625,66.50793929945243
3012626,10.291250057536683
3012627,126.31796997952925
3012628,276.9234932150256
3012629,6.708494369657091
3012630,8.817465498473801
3012631,100.55040357952282
3012632,62.677319242847865
3012633,1655.5544056301737
3012634,3.2574254194587047
3012635,10.420705550321047
3012636,7.3938830402635904
3012637,0.23350244951709606
3012638,2.3248000857228828
3012639,3554.9657507458155
3012640,0.22342965466709186
3012641,653.8439349169012
3012642,4.700719150605748
3012643,1361.9852679553076
3012644,674.4239610068264
3012645,199.28584137251613
3012646,384.2145875769775
3012647,68.19971519998876
3012648,5100.383911724723
3012649,28.181368676074012
3012650,1.3487550269531419
3012651,22.642566701436614
3012652,17.507892318668574
3012653,0.2604125800532665
3012654,377.4951002049165
3012655,4.58148069356871
3012656,13.968897361857778
3012657,6.540225691379607
3012658,42.07232435771078
3012659,3.7659109991336224
3012660,172.37416305481423
3012661,296.7810045286229
3012662,6.391272257540338
3012663,8.617228871437819
3012664,200.1453165597534
3012665,52.742219632834235
3012666,2846.7719487923173
3012667,14.192713674036055
3012668,12.256818976986526
3012669,3.1265463989701967
3012670,0.1762500768663301
3012671,4.70890927324912
3012672,1943.773432031433
3012673,0.1529067723905999
3012674,290.88291242496484
3012675,5.13765156210671
3012676,667.1414318601145
3012677,609.2374077660438
3012678,160.9425098895241
3012679,113.45186056114372
3012680,64.6071760254283
3012681,2848.283339444164
3012682,19.082993787382495
3012683,0.8183535455664699
3012684,12.047004939016789
3012685,8.915929042390303
3012686,0.1842136657588428
3012687,189.8144685962948
3012688,13.403096057459058
3012689,14.926475944050669
3012690,1.6479710253159083
3012691,55.768325251753474
3012692,5.881563514515338
3012693,293.4113096535502
3012694,196.75708659834115
3012695,4.353043967463455
3012696,6.547731835901649
3012697,313.516638508232
3012698,45.67354978417354
3012699,1916.888249233242
3012700,2.3849284427971296
3012701,18.08206198946631
3012702,2.5951740208763483
3012703,0.19016493386607222
3012704,2.0490180950342003
3012705,4371.5585853503
3012706,0.1596588125532232
3012707,486.6171881762001
3012708,6.457349961910896
3012709,2000.0112465110124
3012710,617.5572360690034
3012711,267.66123456810914
3012712,181.8457148787656
3012713,69.09093701756456
3012714,5318.0698854700695
3012715,8.2362845158372
3012716,1.5549214155151776
3012717,25.895038615332282
3012718,20.26333940545522
3012719,0.17089300406153485
3012720,396.3872242124415
3012721,0.1535626491505902
3012722,0.9582331219609821
3012723,7.657399271476146
3012724,21.381755540565013
3012725,1.5977438118196348
3012726,132.22256483628917
3012727,275.6096203563112
3012728,2.5814038226848455
3012729,9.712907019592452
3012730,172.5450724630887
3012731,56.782786726091594
3012732,2140.8067207283184
3012733,3.5722486965396003
3012734,3.759460604096877
3012735,5.659108101412873
3012736,0.15208286690743925
3012737,8.794058763265598
3012738,1907.7650854667195
3012739,0.13308610541046859
3012740,426.25461612729544
3012741,7.118156017893462
3012742,873.714455050436
3012743,627.9311620436766
3012744,197.25004818332786
3012745,109.51788694421256
3012746,96.32513381229899
3012747,3161.202851979439
3012748,28.17588909929126
3012749,0.8534724723561223
3012750,21.14553599055744
3012751,25.548775909091635
3012752,0.14371794137484564
3012753,216.69822432437311
3012754,15.27673424037006
3012755,12.498292309145462
3012756,7.532627085530179
3012757,54.74314610648333
3012758,9.471408447432646
3012759,180.6977343698461
3012760,287.19775920752846
3012761,10.637013631453678
3012762,8.743941200237
3012763,184.03791837704748
3012764,52.6084826093356
3012765,1773.9833248902196
3012766,1.9815558710288141
3012767,4.974251211735315
3012768,3.038599480772058
3012769,0.18626991915815655
3012770,5.125734601260931
3012771,2177.810970290841
3012772,0.16760677647782748
3012773,426.4622512736269
3012774,7.388903458731981
3012775,660.4029361560545
3012776,746.4275707136773
3012777,162.37137274505042
3012778,113.56463408761013
3012779,97.11001150880128
3012780,2737.300111762653
3012781,28.043395101130464
3012782,0.8442012425506615
3012783,20.988235200519675
3012784,21.933476067956303
3012785,0.18297984045806448
3012786,184.81011629676297
3012787,11.210911700045537
3012788,30.745529861930965
3012789,3.9704007346731665
3012790,52.036809245537
3012791,8.533888422585907
3012792,201.41373756392667
3012793,207.47726101504335
3012794,8.13114952716413
3012795,7.874473434084545
3012796,203.0646134383678
3012797,53.240646060108716
3012798,2118.6933365859973
3012799,2.7948045414682228
3012800,11.066882858547872
3012801,5.550738268289602
3012802,0.13735642544610302
3012803,3.039316455151915
3012804,4582.696203525623
3012805,0.13024577017536984
3012806,611.4560111490381
3012807,13.283797019307638
3012808,1144.8205023087678
3012809,726.8571238043733
3012810,291.85586329889736
3012811,205.76663144231117
3012812,65.1245361145406
3012813,4742.722598390342
3012814,8.507871085990393
3012815,0.20599782914020504
3012816,16.454179044604327
3012817,18.86350334055092
3012818,0.1381499567433409
3012819,248.8425601980665
3012820,0.17378620646629045
3012821,9.424284308606113
3012822,1.5655778842985972
3012823,52.303100491701024
3012824,2.485264036294046
3012825,223.68275309769132
3012826,262.62953071444537
3012827,2.6848132979351247
3012828,1.9117053140541893
3012829,256.55608727755083
3012830,145.59195814394226
3012831,2193.2051387064325
3012832,2.647476330095573
3012833,0.529094816174914
3012834,11.578839755364124
3012835,0.35748966891738676
3012836,13.226922041343755
3012837,7592.485126199518
3012838,0.3362428488109211
3012839,1365.4547973275594
3012840,20.60262011111027
3012841,2062.5565568524958
3012842,1993.2928011437443
3012843,454.3632181653699
3012844,470.22060095031446
3012845,316.9684200139638
3012846,8228.833749298217
3012847,77.77366723733704
3012848,3.1850634065135037
3012849,96.29897164046946
3012850,94.6850602218372
3012851,0.36667873265060263
3012852,549.290930434955
3012853,34.84274537987593
3012854,19.619086718022512
3012855,51.911068219949925
3012856,254.15520139113084
3012857,21.172854028423313
3012858,677.4079473700007
3012859,478.7677797281945
3012860,31.10119082993843
3012861,29.625086124597903
3012862,882.5336053782247
3012863,274.7208148987749
3012864,7327.797286674356
3012865,887.7757355962517
3012866,78.43481826464668
3012867,12.271726859461772
3012868,0.3288632781808363
3012869,13.33667804942635
3012870,7168.454283450141
3012871,0.30821939011327887
3012872,1026.1111731657638
3012873,19.81033321983352
3012874,2114.2903134980957
3012875,1869.9895818115574
3012876,601.3632623531014
3012877,304.70444795317843
3012878,229.3576571197294
3012879,9137.12847122126
3012880,101.94591495801225
3012881,1.229142697282219
3012882,55.94338830310625
3012883,73.31528394811814
3012884,0.5478212466338434
3012885,549.9368169793145
3012886,23.573088668775892
3012887,25.520776216836968
3012888,14.687822246982973
3012889,160.58307987815695
3012890,18.24917103898367
3012891,882.2126105093532
3012892,612.8238396362785
3012893,20.615013180733374
3012894,25.077586076761783
3012895,1104.1327960414299
3012896,199.83112988402576
3012897,5253.227395624988
3012898,597.1833488926112
3012899,71.61413246922561
3012900,9.975348928784916
3012901,0.3068085846210618
3012902,16.91018169567266
3012903,4534.610647971404
3012904,0.19079052709413724
3012905,752.6280179151636
3012906,10.466196773602254
3012907,1708.2147938441367
3012908,1239.0914258370815
3012909,638.0005649506619
3012910,111.40465855485826
3012911,182.1871188267153
3012912,7364.8199823873365
3012913,45.049408194763025
3012914,2.170991291397623
3012915,37.66938930779846
3012916,27.187753800743064
3012917,0.4977584702379558
3012918,490.3148941335649
3012919,29.07371442157022
3012920,18.294347880564874
3012921,9.633332961567303
3012922,95.34115628630813
3012923,9.202336905972395
3012924,842.1666314848926
3012925,604.064280320978
3012926,18.651591958139917
3012927,39.17194612773966
3012928,593.1975410133286
3012929,106.49043277740398
3012930,2150.2278153662023
3012931,497.8531442391884
3012932,36.85776891808983
3012933,12.08423324190011
3012934,0.29527864248076274
3012935,17.877870620362202
3012936,6580.662982887203
3012937,0.171154123973469
3012938,1008.9922395187536
3012939,16.5097682995843
3012940,1914.383263094261
3012941,1777.440351338571
3012942,530.4564848283094
3012943,279.0640156170231
3012944,195.52240188206997
3012945,8495.870824510335
3012946,41.31993135674029
3012947,1.067958568761925
3012948,51.33747365865482
3012949,59.188861491746
3012950,0.7106282249475332
3012951,517.8204877090335
3012952,30.12789250962527
3012953,20.046294518910862
3012954,24.39698859199694
3012955,174.06264952823798
3012956,12.602420397145163
3012957,718.398811692994
3012958,601.8132811011702
3012959,17.12104493810239
3012960,24.34008037056764
3012961,905.9005277572753
3012962,199.42083176331366
3012963,4664.735035573188
3012964,599.2572313816454
3012965,57.04230933633965
3012966,9.574003661098262
3012967,0.20973664818098248
3012968,17.01561698119419
3012969,3453.3071607330407
3012970,0.12741576404435148
3012971,655.4614366835715
3012972,11.97948468481293
3012973,1600.082370726677
3012974,967.7824028533789
3012975,458.5348838040756
3012976,85.14470380598853
3012977,130.34069029227092
3012978,6060.417595194187
3012979,36.65958798600069
3012980,0.2841969286940326
3012981,26.297249973548006
3012982,27.29987006324729
3012983,0.23019639971789882
3012984,446.6380878115964
3012985,22.7660127159249
3012986,7.007540910300022
3012987,7.940613449253605
3012988,85.34505849203006
3012989,5.408664396281966
3012990,670.7207181765784
3012991,557.7884379004981
3012992,13.985890712444904
3012993,20.748607853645023
3012994,629.5694702045129
3012995,73.92163304658506
3012996,1507.127897464735
3012997,565.6799521605706
3012998,16.87600852124217
3012999,9.0335786031614
3013000,0.22624989392515288
3013001,11.733981359188883
3013002,5549.461068445019
3013003,0.19683036897329234
3013004,1027.051665575543
3013005,21.55857418921521
3013006,1596.2942682223766
3013007,1865.0294977085816
3013008,370.7302061746735
3013009,398.4983346054959
3013010,243.61762871959462
3013011,6688.088103819184
3013012,73.59573461216132
3013013,1.0337689418887546
3013014,41.971161266187266
3013015,47.75278559178135
3013016,0.42627455723401897
3013017,447.91684245364377
3013018,15.775422580557382
3013019,19.44290393098464
3013020,11.759677452883011
3013021,173.57347117149814
3013022,16.826288655117228
3013023,662.4752333297471
3013024,458.2752314096182
3013025,14.954831018587388
3013026,24.09420911392518
3013027,837.2868546382406
3013028,186.56832044029255
3013029,5889.715914385363
3013030,388.42542223375136
3013031,63.88730570590888
3013032,5.213295481641915
3013033,0.2585480034227952
3013034,7.125478796611314
3013035,1578.0106700435024
3013036,0.21180249024085646
3013037,323.16267779312165
3013038,20.748490684744965
3013039,700.7646433531188
3013040,502.6867427761791
3013041,199.72898049897748
3013042,75.73909324187773
3013043,70.91711739810114
3013044,2604.6086929201533
3013045,29.264365289381484
3013046,0.7928138253342586
3013047,22.456307208337115
3013048,19.54440392310913
3013049,0.2734727019539159
3013050,193.02542628359944
3013051,10.65715796092182
3013052,6.319314657007357
3013053,9.484148273345449
3013054,39.54027092721679
3013055,7.398723633899511
3013056,216.37290131949626
3013057,228.05051501233456
3013058,2.871497699809652
3013059,5.968852488655747
3013060,211.6443916087831
3013061,53.304227044197205
3013062,1389.5622067228232
3013063,1.8764365960543188
3013064,7.795758486526624
3013065,8.289621228066444
3013066,0.2174115150132915
3013067,12.689074929821391
3013068,3941.5892077006733
3013069,0.18663001403046098
3013070,507.1537573852368
3013071,28.678325158048168
3013072,1440.7589861655672
3013073,1035.0794660522188
3013074,402.51839681828756
3013075,94.644763538674
3013076,112.84425973303179
3013077,6274.7125353592955
3013078,76.5650730431803
3013079,1.025562550010631
3013080,44.604592653765486
3013081,32.51561807174926
3013082,0.2607644994432737
3013083,369.6643124247514
3013084,18.020516650612862
3013085,6.740710421536083
3013086,3.4040891343209823
3013087,109.45172704404938
3013088,8.519358393590068
3013089,502.9632468957437
3013090,470.4868145869238
3013091,10.742499026384534
3013092,21.85632273374047
3013093,353.05651603192223
3013094,74.08350204681665
3013095,1875.0311527128306
3013096,610.6768136580043
3013097,15.422889989232658
3013098,5.769194681032346
3013099,0.20890971117962145
3013100,4.0681401035715
3013101,3831.9701786349347
3013102,0.1832492756262921
3013103,756.9034299858663
3013104,7.805777585170555
3013105,1240.2490897894695
3013106,1421.5614800732058
3013107,217.40947613983354
3013108,307.8222149813888
3013109,209.05006852730824
3013110,4492.653943850372
3013111,45.653186811692564
3013112,1.1611783459025582
3013113,24.12459562893269
3013114,39.525853641243366
3013115,0.2749976573438445
3013116,275.9667539540435
3013117,1.684276599576049
3013118,33.588984615552164
3013119,4.275325694765604
3013120,97.7115785453293
3013121,8.35580009914892
3013122,525.2875532528623
3013123,262.1084297715281
3013124,15.650516198053932
3013125,8.76924133861059
3013126,651.4989908112007
3013127,106.55882499001035
3013128,4644.232178683346
3013129,3.2818329819061094
3013130,39.25838670632082
3013131,7.064951389840187
3013132,0.19628399359060564
3013133,8.127779719055626
3013134,3743.2782907554165
3013135,0.17739853005717163
3013136,732.5649958604256
3013137,10.302095577722456
3013138,1335.3785240382615
3013139,1018.776497737469
3013140,306.2043097228993
3013141,182.3902866558515
3013142,250.61272860170138
3013143,5232.778193019474
3013144,36.528751670908825
3013145,2.3130080558757067
3013146,41.892031037543184
3013147,48.9197960460655
3013148,0.2584186485869124
3013149,298.38785306715704
3013150,5.65121948245545
3013151,37.712408824485
3013152,7.357499187962364
3013153,177.51490974619134
3013154,8.57486590206076
3013155,385.1667941062008
3013156,283.6566459556031
3013157,11.54635458953746
3013158,19.840197127277122
3013159,381.92287020104465
3013160,106.95076712935224
3013161,3663.657905753605
3013162,5.824822716162871
3013163,5.587653111125428
3013164,6.143578370020072
3013165,0.1334594317973408
3013166,2.411969113097163
3013167,1692.7020030305623
3013168,0.12201394376702156
3013169,399.69564977128624
3013170,5.258832305193643
3013171,741.7239928299364
3013172,458.7536979933074
3013173,183.67390008097664
3013174,74.40452371507892
3013175,88.32397095892391
3013176,2485.9448726477085
3013177,11.970868895830534
3013178,0.7846303551854641
3013179,18.928514520248726
3013180,19.112965394027693
3013181,0.1260423167873769
3013182,168.4653591769191
3013183,3.9817931114500618
3013184,9.174270675049186
3013185,4.794370093835883
3013186,46.26222275689529
3013187,3.1792385627629827
3013188,206.47347991535852
3013189,181.2152546836643
3013190,3.507412055799688
3013191,4.5344402037588045
3013192,150.82639641658847
3013193,48.88561600408788
3013194,1472.4261557523134
3013195,2.2109969186702063
3013196,2.769233066496683
3013197,5.169627505264216
3013198,0.14699743216596944
3013199,1.7346186858264419
3013200,2875.979435498902
3013201,0.11472330412168466
3013202,234.60320876318565
3013203,3.042448538782672
3013204,1013.9035434311315
3013205,232.09469469029517
3013206,195.08810570343158
3013207,59.370377017897816
3013208,23.958441305081692
3013209,3057.063619049669
3013210,8.010715340268563
3013211,0.5533300423276346
3013212,14.384450988115695
3013213,8.21952446514511
3013214,0.11202327056985441
3013215,202.469446453356
3013216,0.1072938534193056
3013217,4.301110916751998
3013218,2.7872803704359153
3013219,18.234957281726867
3013220,0.7055334620995314
3013221,51.30217274381251
3013222,150.30520423225946
3013223,0.14956685280832305
3013224,1.3828050481007716
3013225,56.46768684932999
3013226,76.10165172527411
3013227,908.7279968903258
3013228,2.8334149310854353
3013229,1.7161195327566956
3013230,4.902641041822322
3013231,0.1543281125994364
3013232,5.513122929667323
3013233,2789.4429190985165
3013234,0.1773915182736849
3013235,476.07399948883585
3013236,8.544985011050594
3013237,1003.3842287297855
3013238,835.7244212218314
3013239,301.04454673191685
3013240,135.9374322901326
3013241,123.93007491430916
3013242,4202.163618376022
3013243,31.611810511485043
3013244,0.6312610357799809
3013245,19.428613543258045
3013246,41.537578195197476
3013247,0.3287107252776815
3013248,261.17149275439743
3013249,17.382936047941072
3013250,12.121755656130663
3013251,11.202325471518702
3013252,60.875308308640776
3013253,6.032623880551667
3013254,385.9491032198144
3013255,292.9791069999954
3013256,7.9901010313678
3013257,10.97093409368874
3013258,441.8203116808422
3013259,79.60008118439062
3013260,2031.101261840991
3013261,24.05305166297705
3013262,30.567518505573172
3013263,3.8825256383392066
3013264,0.16892497356532
3013265,6.838803696715175
3013266,3513.0672795241494
3013267,0.18339555479010305
3013268,641.0611912226249
3013269,13.892969620525225
3013270,1013.8407884547545
3013271,1232.4575453773414
3013272,185.29138154003275
3013273,261.11176798782077
3013274,196.890977689364
3013275,3768.40672151827
3013276,33.95424112268584
3013277,1.9339177364188291
3013278,25.066990010902337
3013279,34.04710501787205
3013280,0.6739920509444178
3013281,228.82516239225635
3013282,11.867691184702451
3013283,41.39543923528741
3013284,9.162198755414888
3013285,115.08115291292623
3013286,13.007351164500921
3013287,455.3038912329797
3013288,252.32408892654496
3013289,6.519663334052982
3013290,12.492183416099735
3013291,618.6281112847707
3013292,112.1818849497844
3013293,4578.279405023324
3013294,1.8182794547285022
3013295,40.193019364097324
3013296,3.2989940219084706
3013297,0.3883984121104402
3013298,10.1541433492784
3013299,3684.2376478549086
3013300,0.1774278954822703
3013301,722.3258903330053
3013302,15.690958685230488
3013303,1039.7765299241037
3013304,1193.2197518793723
3013305,244.8806766205915
3013306,262.61962182256696
3013307,133.29281117227188
3013308,4255.67957957764
3013309,31.757023234234538
3013310,2.2705389093520405
3013311,32.96876677090308
3013312,40.35881943000504
3013313,0.3344090140317302
3013314,295.2647626720957
3013315,24.037191539022686
3013316,27.701275601098175
3013317,21.624282512968147
3013318,119.2457962439099
3013319,16.8014754011632
3013320,355.68870509670506
3013321,280.82938224031943
3013322,14.887688029117044
3013323,19.42824685194616
3013324,497.7654361769821
3013325,119.74965780360493
3013326,3711.8575045876787
3013327,2.2173991458407505
3013328,27.939876301765732
3013329,10.512837429789894
3013330,0.20098575714600328
3013331,7.185600071379503
3013332,3216.698949491994
3013333,0.160871124018319
3013334,482.2400718978359
3013335,11.24183760386422
3013336,1354.2727194345655
3013337,742.2813824752844
3013338,476.12613754091444
3013339,189.71416877108243
3013340,88.78309619305718
3013341,6169.443931757155
3013342,8.358846845612682
3013343,0.9234520270330312
3013344,39.173957167051434
3013345,33.60659199451577
3013346,0.2284571851696437
3013347,365.40561384151664
3013348,7.601189787940419
3013349,7.449504771025069
3013350,8.617646756460534
3013351,45.917122198654035
3013352,3.2945125625079394
3013353,321.6875010434876
3013354,434.3612219854349
3013355,5.809963429413002
3013356,6.119456509085393
3013357,354.8526628259285
3013358,89.3810494246061
3013359,2331.8746553304904
3013360,156.92166742223242
3013361,12.895388615770502
3013362,4.231869660390859
3013363,0.37855986210827425
3013364,3.9765409981195394
3013365,2260.0178792018637
3013366,0.37731675345453075
3013367,409.7333084602964
3013368,10.883248126618367
3013369,742.0187963912615
3013370,821.7949236305034
3013371,149.86180433550828
3013372,151.00296144495536
3013373,153.90810142067687
3013374,2894.3555981593768
3013375,21.395288737109325
3013376,1.5111770516416316
3013377,22.825745499068724
3013378,24.434619538489127
3013379,0.3819901770787532
3013380,204.73680368768146
3013381,15.479581017722607
3013382,24.07523600692622
3013383,6.654087376004918
3013384,112.67503121388938
3013385,5.966955026006517
3013386,324.20155927450435
3013387,201.8492103861266
3013388,3.7335147575286514
3013389,9.252715218696098
3013390,334.8795500267178
3013391,64.50565166722399
3013392,3978.8491640904385
3013393,15.319272785206195
3013394,23.38451975623675
3013395,0.9896489245308119
3013396,0.09326358569854354
3013397,1.176493454502147
3013398,1153.5279133141407
3013399,0.08276901646457924
3013400,80.37955379008926
3013401,2.489298678446001
3013402,594.9070688729379
3013403,326.8970037450726
3013404,199.08074036636032
3013405,36.9702976667855
3013406,25.664701894945114
3013407,2154.6339473744424
3013408,2.7276771641837656
3013409,0.29710671972579833
3013410,6.179824744730903
3013411,7.311974402349501
3013412,0.08117730255253888
3013413,131.39098391259475
3013414,1.9631618654527105
3013415,2.8929628398293716
3013416,1.1896624806306904
3013417,10.618114029165884
3013418,0.22867325541160657
3013419,150.54481762907048
3013420,138.03377440107812
3013421,0.45950174208211997
3013422,2.2255072783834158
3013423,118.88828274985518
3013424,19.582629803031402
3013425,212.33830807602757
3013426,4.084305673209577
3013427,0.8472667282063819
3013428,5.231353388404923
3013429,0.20068214912344845
3013430,3.965189459667407
3013431,4141.529167326749
3013432,0.16546658330649347
3013433,604.1072134735849
3013434,10.32886719702626
3013435,1620.214317417384
3013436,667.0288779310604
3013437,442.5782731261834
3013438,202.4742956564075
3013439,71.69703205058032
3013440,6620.443628306329
3013441,21.039422493114884
3013442,0.5197529073810039
3013443,21.88054142429473
3013444,17.438236665124837
3013445,0.24077738838917334
3013446,449.1872626241978
3013447,5.960891666223553
3013448,1.9286344264034925
3013449,7.401347879771376
3013450,30.444014745649525
3013451,1.559216940754627
3013452,610.2595691596301
3013453,360.54819339057525
3013454,1.8722648127941774
3013455,11.672172901700744
3013456,376.7377274591471
3013457,97.05857378193875
3013458,1230.845828608265
3013459,29.886998247699932
3013460,6.0210825991006525
3013461,4.333913154453235
3013462,0.14102708693661226
3013463,0.7837671605918209
3013464,1400.6221764210825
3013465,0.1322853399259096
3013466,173.56240319527032
3013467,7.526657877542113
3013468,715.191799797746
3013469,408.974189979001
3013470,183.8443432509575
3013471,52.23445991892204
3013472,32.70385277589654
3013473,2667.7652960792834
3013474,6.018640039958421
3013475,0.26578584292343044
3013476,10.374969785678655
3013477,15.595936850335534
3013478,0.15099851627233504
3013479,157.36885820391245
3013480,5.227620273104799
3013481,7.356602794953559
3013482,11.075515198311994
3013483,30.289616809989106
3013484,1.025269904132627
3013485,134.09399993789344
3013486,159.0917925620071
3013487,0.9135673574381116
3013488,5.254408124333578
3013489,127.93556872097086
3013490,26.685029273364968
3013491,326.10040147643343
3013492,15.876372227283905
3013493,2.0125087674625464
3013494,3.1056231116812993
3013495,0.0992771774722932
3013496,3.1596885467073097
3013497,1265.1141746015282
3013498,0.09216249341460613
3013499,101.29537491512178
3013500,4.9923083609376375
3013501,617.4316923773046
3013502,279.7026112720703
3013503,130.68981527668439
3013504,38.99477168219829
3013505,25.39540200068604
3013506,2366.3495585407936
3013507,7.796375730289125
3013508,0.1465988133268034
3013509,8.515554672301436
3013510,7.133398801192803
3013511,0.09320352639069836
3013512,121.41607108286404
3013513,0.6655187244004741
3013514,3.624435503219321
3013515,1.624663170905025
3013516,30.54466250523097
3013517,0.5764547587866776
3013518,101.57617601076029
3013519,160.04859567023664
3013520,0.35529966138389973
3013521,3.68634896944675
3013522,61.828629014325024
3013523,17.797310198686894
3013524,165.2070309494104
3013525,29.582483574546835
3013526,0.7671068852320376
3013527,2.6972547405468186
3013528,0.12270429200062427
3013529,1.241286041381078
3013530,1453.0441212802434
3013531,0.11583550558378863
3013532,150.57071287692065
3013533,6.190497951735548
3013534,759.28935696862
3013535,395.4572628975332
3013536,220.60706771302037
3013537,27.40285957288503
3013538,33.00911904314551
3013539,2586.089647921785
3013540,3.2269238885270197
3013541,0.21172640698778825
3013542,7.1239739974153595
3013543,15.769382928116556
3013544,0.12971307312631283
3013545,167.63793151662068
3013546,0.6362739880576551
3013547,7.705183962912143
3013548,2.2253955544292485
3013549,13.76006510779853
3013550,1.3497848914200847
3013551,157.1695200255291
3013552,229.48122252677737
3013553,0.7883154539790491
3013554,3.475654637754979
3013555,65.84652926106934
3013556,75.82748167299556
3013557,331.41115905960396
3013558,8.913589950682962
3013559,3.435445587638979
3013560,2.6735176934950733
3013561,0.41938221592730335
3013562,2.406231437497589
3013563,1609.0769416974897
3013564,0.14449188916593989
3013565,137.74170247423285
3013566,2.7627619033018975
3013567,788.2790887620748
3013568,389.9912768936769
3013569,215.04989401417353
3013570,95.79604291911855
3013571,58.546829835258855
3013572,2727.069304467076
3013573,6.220993886740834
3013574,0.84367008388085
3013575,11.756382785063348
3013576,17.302833772443158
3013577,0.15121375985841706
3013578,193.71356892119425
3013579,5.658845701733201
3013580,9.57287118680597
3013581,2.6822736170687578
3013582,23.788276965767754
3013583,1.302226850357976
3013584,120.90421647883458
3013585,171.68470751494706
3013586,0.6429325860133179
3013587,3.8320699455438243
3013588,98.81267184087989
3013589,41.36785739663896
3013590,581.2288052243376
3013591,28.97490886066794
3013592,3.482032863539387
3013593,3.2309284981648445
3013594,0.10770810270762027
3013595,0.7098537215424954
3013596,1170.578460589357
3013597,0.09209159227696595
3013598,128.980480095174
3013599,3.4189393645210737
3013600,621.2334904814904
3013601,264.27886247292554
3013602,128.41776725272527
3013603,109.85308609135855
3013604,24.174941665477842
3013605,1987.3519152565818
3013606,3.509431367455286
3013607,0.18281910105422386
3013608,7.907671183817791
3013609,10.271631774508881
3013610,0.11259230360144151
3013611,131.23057398703003
3013612,0.09669498617449439
3013613,3.15572232188822
3013614,1.7010729245444307
3013615,20.542197827238425
3013616,0.7547939053362263
3013617,45.34830402525484
3013618,119.27461584960884
3013619,0.6417878621028076
3013620,1.845050648328143
3013621,57.778765135338254
3013622,28.964151385157887
3013623,442.1623044862782
3013624,0.1360653064172416
3013625,0.7665865886033121
3013626,5.4110992876302255
3013627,0.33191138630485423
3013628,2.6378415491704654
3013629,2419.8928621054574
3013630,0.13970717855901116
3013631,282.8371512146801
3013632,4.295986900808129
3013633,936.5090547677183
3013634,895.4772864605281
3013635,390.8024564939316
3013636,141.6908219394954
3013637,78.18920232920132
3013638,3842.2540663614036
3013639,11.990685466414705
3013640,0.853389992118584
3013641,18.926097054370867
3013642,22.576403877064443
3013643,0.14866247974931615
3013644,228.78065842978597
3013645,0.28125240168629173
3013646,9.368638017669424
3013647,9.853085848699315
3013648,27.14245987617187
3013649,3.143893069871993
3013650,215.47433028890956
3013651,219.01640663601373
3013652,1.5683734920549512
3013653,6.670932273369617
3013654,279.4596165002398
3013655,49.38824464459311
3013656,1202.944778410883
3013657,59.14421731669157
3013658,9.037708181637637
3013659,2.277413206463904
3013660,0.2399816922764006
3013661,3.3931720523409052
3013662,1669.1253254995656
3013663,0.13887383907074058
3013664,445.2381820627382
3013665,5.425980872686695
3013666,477.34258852130733
3013667,617.6089370144081
3013668,164.69161832430353
3013669,138.3054515400846
3013670,40.7518361912049
3013671,2271.420891556339
3013672,9.062755445593057
3013673,0.5886368110634017
3013674,12.769574489042405
3013675,13.722569204191405
3013676,0.16529689633816996
3013677,144.09674657248075
3013678,6.123169197603452
3013679,2.788711570571763
3013680,9.86657612814877
3013681,45.340075645855116
3013682,1.4629266403683678
3013683,73.97044689405357
3013684,125.39632530522769
3013685,2.43586537478652
3013686,5.160493469638689
3013687,130.76844149143912
3013688,45.02083807919568
3013689,1322.3353828822858
3013690,50.93725534092793
3013691,8.707556943429834
3013692,4.602860128174772
3013693,0.311296443199494
3013694,2.829007017750248
3013695,2171.0626325334365
3013696,0.1147462774498671
3013697,146.66124768996474
3013698,4.786044734553391
3013699,705.670944786545
3013700,336.38025908530284
3013701,233.79971153300642
3013702,40.909924981655614
3013703,29.787563741160216
3013704,2867.8122000004178
3013705,11.386257333947594
3013706,0.7614977088555269
3013707,9.294628036001082
3013708,11.484086801492953
3013709,0.13143209361232772
3013710,146.3934084453627
3013711,4.944240852103012
3013712,6.4833879944709345
3013713,3.010816535846301
3013714,24.235200392473587
3013715,2.0387532001713726
3013716,114.85217211727604
3013717,148.92746304220773
3013718,0.8638297353809673
3013719,3.8050695605839344
3013720,84.44156282588219
3013721,18.698881360970372
3013722,355.40715069361147
3013723,4.8539408066638785
3013724,3.0884252318319714
3013725,5.286770485963415
3013726,0.2785255243078033
3013727,7.507571474244215
3013728,2595.976041837819
3013729,0.3175811886499615
3013730,610.0487116003036
3013731,7.978828687130563
3013732,769.2766588955318
3013733,753.3637288985758
3013734,207.91412101007282
3013735,148.3716386936795
3013736,99.75861986182318
3013737,3434.110087234512
3013738,30.26960565244108
3013739,1.031662011306658
3013740,17.650296564769516
3013741,27.29550536364468
3013742,0.2753616965929421
3013743,216.31496726581224
3013744,16.28410303085497
3013745,18.325676006344814
3013746,6.057630154148154
3013747,70.23880737641528
3013748,8.408965352860296
3013749,381.9751039773414
3013750,237.09196414885426
3013751,7.027879375112441
3013752,6.750715788762796
3013753,402.9455027426103
3013754,107.37461570333967
3013755,3300.126403437898
3013756,13.855197086275048
3013757,30.667187308075263
3013758,5.7403422669014645
3013759,0.15931007749031953
3013760,3.3148494028259696
3013761,3201.9611518271145
3013762,0.1252531694665011
3013763,418.31139400201425
3013764,5.8237413546526255
3013765,1039.2244212960695
3013766,754.2827517168761
3013767,477.04869266959287
3013768,68.45188870937575
3013769,61.49650445745476
3013770,4651.026965026879
3013771,9.744961888623894
3013772,0.4298662581419671
3013773,15.388769721527758
3013774,13.502346367521204
3013775,0.15685174222685944
3013776,252.14283095405457
3013777,0.8609279051240005
3013778,4.397255054052168
3013779,3.260044607010984
3013780,44.16616679231733
3013781,1.0455727998067395
3013782,264.49255485312887
3013783,290.9492007437497
3013784,2.7090016979437967
3013785,4.817895759863334
3013786,232.5581010556289
3013787,51.54094232786981
3013788,839.529319279822
3013789,77.74327274139027
3013790,9.326793302597096
3013791,6.844951706921476
3013792,0.24370398378738925
3013793,2.6915053562811853
3013794,2445.275788192194
3013795,0.13384147407784608
3013796,391.67394303388534
3013797,4.463983827872764
3013798,969.1113731834826
3013799,654.5923958263514
3013800,246.78118772863448
3013801,211.75904218353728
3013802,74.28049159448213
3013803,3398.7267266316967
3013804,12.596665810849526
3013805,0.37797085198185826
3013806,24.873488010749334
3013807,27.584551998458252
3013808,0.17381351111583102
3013809,234.9526154724328
3013810,2.295750410639219
3013811,2.423820288612213
3013812,6.664324182709091
3013813,76.86519886968817
3013814,1.1853797485027722
3013815,103.3638585749421
3013816,216.2281283501645
3013817,1.8433200069202367
3013818,3.9386171112376087
3013819,138.4891873926396
3013820,121.82033989229772
3013821,1128.999792973741
3013822,2.021305492147248
3013823,3.566740401070146
3013824,3.6401289121331524
3013825,0.12399593706707311
3013826,1.3887602005837347
3013827,1562.8567433358419
3013828,0.122114311401988
3013829,114.49837292815864
3013830,5.471065472699455
3013831,657.9187376705779
3013832,338.79527035673647
3013833,135.28238926897166
3013834,43.84935522082015
3013835,42.981668933507606
3013836,2373.8407276885328
3013837,5.611660146434339
3013838,0.4932770279827362
3013839,17.20183371907696
3013840,14.75357807336959
3013841,0.1299921114043986
3013842,151.65096511700597
3013843,0.348052442736412
3013844,4.180049229921395
3013845,2.839753170266395
3013846,51.8444963431351
3013847,1.750252853258109
3013848,105.52498713570142
3013849,147.03475901523584
3013850,0.8011563215016023
3013851,4.1421033061535635
3013852,139.87116956622955
3013853,21.68276656043273
3013854,403.60453772603375
3013855,7.992563472032263
3013856,1.3902460947286528
3013857,1.3037216753425669
3013858,0.13293724895531508
3013859,3.5396706906479474
3013860,1281.3540004188626
3013861,0.13952914794057164
3013862,266.07396633437605
3013863,6.537290159966788
3013864,506.4895678078903
3013865,477.4636828460979
3013866,127.92337966725366
3013867,40.28593599868339
3013868,53.918713568868625
3013869,2120.1410576915678
3013870,19.67305380089028
3013871,0.36211108072684967
3013872,9.884276516373111
3013873,13.156862135220885
3013874,0.16051335405694414
3013875,128.39848542476682
3013876,10.03268500659093
3013877,1.9021134266085704
3013878,2.4214465368426845
3013879,44.89692462163417
3013880,3.272591527436662
3013881,592.3398590260477
3013882,148.69833001988272
3013883,2.788009796653893
3013884,4.272259728555857
3013885,287.5612377181993
3013886,27.760262494539052
3013887,1550.20802554997
3013888,1.1605042477736047
3013889,5.7693116047526
3013890,2.538036103537481
3013891,0.1621912167228788
3013892,3.782100444907472
3013893,3254.798345889554
3013894,0.1986986730472682
3013895,752.6124186752095
3013896,12.737332810868427
3013897,1109.870106939913
3013898,1319.683946952536
3013899,285.15641174344614
3013900,228.4244394609628
3013901,166.09633375520957
3013902,4113.726087180604
3013903,28.755184710449832
3013904,0.661118529602948
3013905,17.4396972065006
3013906,31.86176789810508
3013907,0.27729545938146793
3013908,283.6769079212866
3013909,9.387699858875527
3013910,45.568476626665245
3013911,8.278498757561447
3013912,86.26427220179403
3013913,11.316463587535276
3013914,414.1515211414563
3013915,283.0432508214437
3013916,13.350684621347206
3013917,9.317798800541944
3013918,535.7557342872769
3013919,113.82239494394899
3013920,5507.947850114387
3013921,9.875180942649735
3013922,20.74082611122874
3013923,2.3600087210554337
3013924,0.18453746975465293
3013925,3.2618098309593266
3013926,2123.8050471322767
3013927,0.3087683731761132
3013928,463.5516684244121
3013929,6.288047230220229
3013930,481.48610179216047
3013931,663.9944970483433
3013932,168.39632415956024
3013933,122.75169751911237
3013934,96.35041431807406
3013935,2187.6708364707056
3013936,20.85853701952576
3013937,0.7758621076794062
3013938,17.80549978361598
3013939,16.260890845465998
3013940,0.27568670822658514
3013941,116.46097809612644
3013942,0.510989310740974
3013943,29.11466955930483
3013944,4.082771714076188
3013945,171.81286937958754
3013946,7.4761760978269525
3013947,235.5171899817415
3013948,121.99955677640617
3013949,4.478953669313988
3013950,5.155251627382571
3013951,200.27075987913534
3013952,42.39075386332914
3013953,3148.0956583190755
3013954,1.8574285462311206
3013955,3.456143629561046
3013956,2.691242974833385
3013957,0.09923613738266297
3013958,0.37299740371316287
3013959,757.8142769389158
3013960,0.10566330710777701
3013961,221.74519023682828
3013962,3.876204607671994
3013963,280.49203705958377
3013964,231.59774705707702
3013965,77.5618177636524
3013966,27.97740850839897
3013967,23.478124287426496
3013968,1301.3899627598355
3013969,3.2813934578312334
3013970,0.35811786704445636
3013971,6.462430460414238
3013972,7.302182545455077
3013973,0.13517026208884725
3013974,65.44251078558733
3013975,0.11667328801597746
3013976,7.984456621439915
3013977,0.8096011267713049
3013978,21.514468785658938
3013979,0.15080146549084855
3013980,217.65021038105544
3013981,109.69790407254669
3013982,1.3652833360561456
3013983,1.000637910983964
3013984,123.98852286153358
3013985,18.72589850933459
3013986,957.4541750900329
3013987,1.6369619434702487
3013988,1.6100907888789775
3013989,5.345426383244231
3013990,0.19832514241201027
3013991,3.5105112379248964
3013992,2872.588315375017
3013993,0.23108384685123448
3013994,618.6502929288708
3013995,11.617001702966595
3013996,843.7711426367144
3013997,957.8404967893792
3013998,280.67054497182147
3013999,226.67173161618356
3014000,109.74592785410549
3014001,3635.753905329854
3014002,27.310626422348893
3014003,1.7658721982701375
3014004,18.29370054808361
3014005,24.331415296779536
3014006,0.25762473890430415
3014007,221.54306904791787
3014008,4.984717067094349
3014009,35.13547442808373
3014010,7.671835189638254
3014011,131.78941630542673
3014012,3.3757227350640555
3014013,262.20927576931723
3014014,214.83800727178038
3014015,8.304071849497173
3014016,8.389856041601572
3014017,361.77490027991934
3014018,79.73879242209395
3014019,4125.277904139518
3014020,1.772504978178488
3014021,15.63214068557545
3014022,4.086012517121519
3014023,0.12717265038789602
3014024,2.0804679959316092
3014025,2547.742261749845
3014026,0.13237178591023838
3014027,519.9818991049442
3014028,10.771790361494473
3014029,818.5528855156264
3014030,803.7222915859926
3014031,275.5192758586788
3014032,182.2300531872889
3014033,52.85343708819447
3014034,3592.7240985438593
3014035,12.063056133679718
3014036,0.5167004881198318
3014037,20.99362301175033
3014038,14.951699356732785
3014039,0.4551408185659248
3014040,204.40569672137343
3014041,0.2196604763030569
3014042,4.8683363597298595
3014043,3.719289903263529
3014044,40.36513157088075
3014045,0.9048504360816043
3014046,167.39651274087882
3014047,258.1982668277005
3014048,3.4308564056423414
3014049,3.175664942913678
3014050,158.78042230379154
3014051,63.95563473263636
3014052,1444.9063479432914
3014053,1.9794900124688284
3014054,2.912644446882719
3014055,4.073596921709089
3014056,0.30200989669552525
3014057,2.8207034021050825
3014058,2609.0118912717103
3014059,0.1166382396189908
3014060,529.9505411793552
3014061,7.881926974106915
3014062,758.6188338788387
3014063,694.8768935140542
3014064,213.2174683862309
3014065,153.42961540362913
3014066,55.39346117956861
3014067,3137.7800668426576
3014068,12.630754548837896
3014069,0.6681272664607294
3014070,15.932801809239502
3014071,14.908062162912332
3014072,0.13168873612116602
3014073,186.41129973540342
3014074,0.16965425320401492
3014075,5.029203038877157
3014076,3.8858942244505785
3014077,55.442671988043635
3014078,0.8942415431729746
3014079,100.31613049936394
3014080,178.99792503904655
3014081,2.7673494198989435
3014082,3.3442157991338513
3014083,146.69868918435856
3014084,55.3637974517898
3014085,943.3095523013943
3014086,1.982399538739613
3014087,3.8887730144698796
3014088,8.591256586372209
3014089,0.6289407357888299
3014090,13.919122942075337
3014091,7409.304684965414
3014092,0.38425480781311877
3014093,1179.1741826641737
3014094,29.617085619135985
3014095,1801.2364501177533
3014096,1950.3090277040128
3014097,308.7430610473395
3014098,434.06598261859233
3014099,290.9988679505014
3014100,7706.689481079939
3014101,83.11811838566692
3014102,2.1430593404871154
3014103,50.04495689608308
3014104,51.76106234458366
3014105,0.5006974869385881
3014106,472.8019081808058
3014107,32.716660688617765
3014108,68.64167701106874
3014109,20.994456500963047
3014110,198.37591173487553
3014111,24.25047723829011
3014112,654.7574648694787
3014113,512.8296781823252
3014114,15.53863991524515
3014115,23.416207931272833
3014116,1018.1237742038799
3014117,224.291293847805
3014118,10125.295269703929
3014119,1.6355420486635808
3014120,73.40488148853252
3014121,2.4336727263216673
3014122,0.2240486175412828
3014123,0.380382717118055
3014124,1599.2438953937803
3014125,0.12753179758667713
3014126,170.38463454320416
3014127,3.8369474703016064
3014128,526.0625136382648
3014129,367.13178665719494
3014130,119.5255035788467
3014131,107.67527604827232
3014132,40.330478013660745
3014133,2038.6607887156658
3014134,4.218936989938923
3014135,0.267591567585261
3014136,10.723678832478328
3014137,7.493888561902072
3014138,0.1435353652153987
3014139,134.5785645141543
3014140,0.4080523669576869
3014141,4.503809398969059
3014142,2.1108922696845847
3014143,26.939535610860904
3014144,0.5065439865190839
3014145,65.03671888417395
3014146,89.30339727932478
3014147,1.2804086807794017
3014148,3.045570783177874
3014149,104.32939243221757
3014150,19.71882752486768
3014151,545.23809681265
3014152,2.6093159799268175
3014153,2.6328082083051467
3014154,6.14950895057052
3014155,0.13938512196866215
3014156,1.2487336000681424
3014157,2716.8903530229964
3014158,0.1470401468790348
3014159,444.4411861169056
3014160,6.713083575739854
3014161,917.7381811137154
3014162,671.3277176019877
3014163,191.9718440774325
3014164,218.99797951216217
3014165,62.624700141944174
3014166,3999.3505589599463
3014167,9.740402799411946
3014168,0.3676224737545144
3014169,16.16513709212144
3014170,18.77888302392758
3014171,0.18308916695918773
3014172,213.2477340682697
3014173,0.5241060060351493
3014174,5.175525789896949
3014175,5.912329088292001
3014176,16.372200918519773
3014177,1.1045295106598365
3014178,281.0620245965408
3014179,207.42111352462595
3014180,2.973635074017557
3014181,4.726536139411479
3014182,99.86500369712321
3014183,60.747210097111015
3014184,1060.3281858573534
3014185,2.274446736129607
3014186,3.7499679892130744
3014187,0.7976645587096722
3014188,0.07677064549748609
3014189,0.5738329804905082
3014190,838.7725334166054
3014191,0.07292905996352984
3014192,111.0707037093711
3014193,2.198105995303571
3014194,496.64845703088815
3014195,179.27723617262944
3014196,77.83311253033894
3014197,146.25959828949215
3014198,12.542836038988058
3014199,1444.7635990679867
3014200,0.8576218992042279
3014201,0.17571873986407016
3014202,6.218198178996057
3014203,3.4214391146442273
3014204,0.08328417791821648
3014205,67.31013574236604
3014206,0.07625192804608039
3014207,4.083708803823136
3014208,0.5154062545986656
3014209,12.432674432541315
3014210,0.14422170350207722
3014211,54.460604807981014
3014212,68.17645691900614
3014213,0.3529515240818801
3014214,0.774841292548189
3014215,43.022463424681824
3014216,7.576837136288687
3014217,169.2610081923351
3014218,1.5209734773253862
3014219,0.8568340596653142
3014220,4.901671575936657
3014221,0.11550655818997989
3014222,1.2643057276690073
3014223,1862.9834776619853
3014224,0.10952153364671675
3014225,192.2189811572054
3014226,5.576905337677329
3014227,765.8754093730373
3014228,479.42153094679855
3014229,147.29665166378115
3014230,136.30688179006728
3014231,41.80992677539292
3014232,2410.161404155958
3014233,2.3718482719789455
3014234,0.38591360314780193
3014235,19.331795537509073
3014236,13.166973613298135
3014237,0.11754416819265348
3014238,177.87501860129422
3014239,0.10674009878941951
3014240,4.263675812989867
3014241,8.49411149608994
3014242,23.701289578284477
3014243,0.7945374739958438
3014244,226.19880964797133
3014245,169.05879922866922
3014246,1.120818414027365
3014247,2.3716793241744
3014248,183.515810476278
3014249,22.000013194158022
3014250,1034.8577480574672
3014251,1.0738360353556236
3014252,0.3861774201753149
3014253,2.522514805748428
3014254,0.19386935211324963
3014255,2.346026245890843
3014256,2080.3698176195585
3014257,0.16443978386385955
3014258,586.7974708644726
3014259,6.594382314763147
3014260,768.2916124649026
3014261,652.5279619238146
3014262,193.91699885369212
3014263,93.60685543859849
3014264,53.659594850824995
3014265,3562.83579294802
3014266,5.7463142656954105
3014267,2.346140666207083
3014268,21.16571837347054
3014269,30.365086011093048
3014270,0.2101047116225211
3014271,153.57233850495766
3014272,1.0284179485312714
3014273,4.312824294785788
3014274,2.6288138812148745
3014275,28.739950513372506
3014276,1.6358611267805505
3014277,164.39197517265777
3014278,210.445369127294
3014279,2.1841015429520976
3014280,4.818001250058672
3014281,141.230105674643
3014282,21.956136979756547
3014283,588.8099234774145
3014284,2.9550244761966318
3014285,1.949536960689944
3014286,2.623223055984359
3014287,0.0960473482478899
3014288,0.2551344547892512
3014289,1261.7331704241146
3014290,0.09134723491245815
3014291,93.90915048715965
3014292,2.5214597848053013
3014293,432.0592535900577
3014294,208.45863873406697
3014295,80.70224999716524
3014296,110.25944461014375
3014297,34.54081371157124
3014298,1773.6693690401419
3014299,4.1692986483005665
3014300,0.38259050782061194
3014301,6.495969314727127
3014302,4.552826926391524
3014303,0.10442710099600491
3014304,76.22665608134226
3014305,0.09671447790263327
3014306,4.200393129160569
3014307,0.4579109917409394
3014308,15.814562808390967
3014309,0.42687889569550647
3014310,145.68542880876805
3014311,82.58718878758252
3014312,0.6137218320089414
3014313,0.793463592417278
3014314,37.0672244890315
3014315,15.677972573687914
3014316,333.06130748436703
3014317,0.9445555956667042
3014318,0.5233168502097043
3014319,3.0166817672022535
3014320,0.09458885295005545
3014321,0.5262945937811137
3014322,2756.368584229627
3014323,0.0996376942129924
3014324,400.6678485042236
3014325,6.034552745294235
3014326,680.0990669991603
3014327,555.2590528113933
3014328,170.670724760552
3014329,86.27140632933141
3014330,63.65321569467392
3014331,3021.420362618788
3014332,5.149647285436333
3014333,0.270539872268269
3014334,15.73883940632805
3014335,7.4730291785214575
3014336,0.11360563982807628
3014337,166.09050741575206
3014338,0.11575407838715197
3014339,17.554062667835314
3014340,2.1322009693608868
3014341,38.676838718777084
3014342,0.6893066667121318
3014343,179.89206951485815
3014344,167.99384231709664
3014345,2.100524298979317
3014346,2.0825813338550363
3014347,90.02235720681318
3014348,38.13534795714765
3014349,1014.2927948097881
3014350,1.4077681105375903
3014351,0.4388648430536762
3014352,3.174543357626034
3014353,0.14900456198050177
3014354,7.5672003986155225
3014355,2724.87301437876
3014356,0.16314453965115683
3014357,569.4955881972744
3014358,6.5496712310237974
3014359,933.1933761810923
3014360,886.766587030252
3014361,165.0928207192551
3014362,129.09401060753868
3014363,120.51461380396216
3014364,3892.246237014264
3014365,48.55679005171733
3014366,1.5813140302349764
3014367,26.660400002494928
3014368,27.330602369382937
3014369,0.23429840390972517
3014370,246.73119680895852
3014371,20.32131878606052
3014372,26.61891764076109
3014373,1.9024121554555622
3014374,114.67340775266165
3014375,9.522125231505406
3014376,222.73998080374906
3014377,271.5436976732883
3014378,12.192664161205975
3014379,14.679373750466613
3014380,264.93422528285544
3014381,81.69412687199102
3014382,3980.631307878089
3014383,8.649287683827302
3014384,10.712493151169832
3014385,4.399259231002868
3014386,0.14258594982381012
3014387,6.770761034420484
3014388,2059.0863211466935
3014389,0.15871750391255296
3014390,451.8960044857056
3014391,9.606723215130454
3014392,868.632142954517
3014393,740.3191628339125
3014394,133.06287675092878
3014395,82.39885677247369
3014396,121.11822842213263
3014397,3381.462391041008
3014398,24.213175628772294
3014399,0.6917927669688438
3014400,32.40462317753827
3014401,29.488603995211385
3014402,0.17454978039450947
3014403,287.9114332957789
3014404,18.06498798007293
3014405,18.689278308136192
3014406,7.5298614260146906
3014407,87.53327450565924
3014408,10.503073154106675
3014409,145.67554164880906
3014410,399.4854079253852
3014411,6.561741616446429
3014412,9.45790189617338
3014413,120.67610222357041
3014414,67.93070817929846
3014415,3020.8052440047186
3014416,3.125600275076381
3014417,11.668886031048817
3014418,6.053594184265115
3014419,0.20266897275178122
3014420,2.784430415347806
3014421,3073.2522871219903
3014422,0.16198346810728056
3014423,592.7779997225225
3014424,5.162080494524753
3014425,1153.4058799586255
3014426,640.4044344313871
3014427,181.4565873608848
3014428,290.2980534477027
3014429,56.67656782795122
3014430,4436.967114186684
3014431,25.015572137021902
3014432,1.2011092554294576
3014433,20.034689457490995
3014434,18.494044533629925
3014435,0.2132431604936105
3014436,271.2677025534298
3014437,3.083631059370646
3014438,10.642387560831587
3014439,6.946207923346991
3014440,43.80280425603792
3014441,3.2346900809626105
3014442,138.28768260580094
3014443,254.72047855184147
3014444,5.3327514867933825
3014445,7.822485223336231
3014446,180.6378610161062
3014447,47.074151041573906
3014448,1497.0183243176987
3014449,16.831472272707938
3014450,10.475223626894927
3014451,3.134107573049966
3014452,0.24509964707492216
3014453,4.688469250148005
3014454,2063.8380799242436
3014455,0.17697240249722757
3014456,318.8599843459285
3014457,5.42039259286247
3014458,680.2273027216394
3014459,652.1679408114242
3014460,163.4843609866538
3014461,106.52723067982717
3014462,72.99564951394575
3014463,2866.92858968569
3014464,20.18660649133736
3014465,0.8485684970561626
3014466,12.96601808600922
3014467,10.348140286997332
3014468,0.24088376854626187
3014469,188.79760221323173
3014470,14.480967390513978
3014471,23.54483870932489
3014472,1.6251300148311016
3014473,67.90650609568634
3014474,5.7748810346400035
3014475,279.5344827809759
3014476,204.05774312404816
3014477,4.578756468520467
3014478,6.8512094579601
3014479,299.4625719347963
3014480,46.54068845660205
3014481,2998.7351372097964
3014482,2.589875238656754
3014483,18.290947733302414
3014484,2.369643365352183
3014485,0.1705529478935588
3014486,1.7787245044876874
3014487,4131.728063862773
3014488,0.1455065559932183
3014489,418.41278511019755
3014490,7.95345390209475
3014491,1429.372104936383
3014492,815.7830700295023
3014493,245.1464259943509
3014494,161.99200484515782
3014495,48.274123484153726
3014496,5020.13182326292
3014497,8.646958046065388
3014498,1.4113294970117456
3014499,23.74665150762382
3014500,20.367564818584825
3014501,0.15744725469057108
3014502,342.94636882248824
3014503,0.1469502449710167
3014504,0.9701551086017886
3014505,7.043694203910127
3014506,28.355582854329807
3014507,1.5008377008062614
3014508,129.06085024568767
3014509,246.23395349208278
3014510,2.4887220555373304
3014511,7.404153348564693
3014512,142.2323266275164
3014513,54.26849771463574
3014514,1066.6155362346874
3014515,2.2564736959292255
3014516,4.008329335759828
3014517,5.786525714962863
3014518,0.1773510232001412
3014519,8.649870517734454
3014520,2273.3484269727587
3014521,0.15980046306171647
3014522,488.84230390086947
3014523,8.745732944835266
3014524,980.2361783564212
3014525,741.446933011831
3014526,209.3455388469868
3014527,122.6521490155189
3014528,111.30234088197508
3014529,3785.520977641804
3014530,30.910273439484737
3014531,1.031326834634042
3014532,23.072189831271817
3014533,27.556619357128906
3014534,0.1844048222273914
3014535,243.83122886334675
3014536,13.574244661110612
3014537,18.914255447001537
3014538,7.715117189717827
3014539,72.0349299719499
3014540,9.98754797462707
3014541,215.8387432054614
3014542,348.84477713019743
3014543,12.324509694597193
3014544,7.886286166184579
3014545,202.53794612358263
3014546,70.71714905889502
3014547,3127.551895272661
3014548,1.833815512376532
3014549,5.867919283125176
3014550,2.9463815799973396
3014551,0.19786949910063
3014552,5.178839960861928
3014553,2256.598404429099
3014554,0.16180579482077015
3014555,437.08210450027514
3014556,7.947189313690932
3014557,659.7896344887879
3014558,754.6371802296733
3014559,155.331593467973
3014560,115.38346544818168
3014561,105.18491269619675
3014562,2801.9555339654785
3014563,28.18240202892868
3014564,0.7766992092266616
3014565,19.062733588689465
3014566,19.79668852288876
3014567,0.2019295094896623
3014568,192.401846865106
3014569,10.74380137025188
3014570,37.96204972508873
3014571,8.548662112835162
3014572,71.71891306383078
3014573,8.164183352753673
3014574,212.6077626042112
3014575,216.07949114229532
3014576,8.536156052053496
3014577,7.512023175473847
3014578,207.58701850400936
3014579,52.414860694150406
3014580,3346.426243336429
3014581,1.8043641561806822
3014582,10.609489139417919
3014583,5.23298278557179
3014584,0.1343526519773124
3014585,3.711046396099386
3014586,4250.554120160559
3014587,0.12322682410137095
3014588,537.3159530586413
3014589,12.612376073222825
3014590,1076.471588575964
3014591,740.8445858617646
3014592,254.5741573225236
3014593,192.35817241340018
3014594,55.14072320173324
3014595,4381.614253484523
3014596,8.68447306364125
3014597,0.240409334165658
3014598,14.474727260266533
3014599,20.1660872649362
3014600,0.13288932385282282
3014601,229.5242255545171
3014602,0.16390266988896324
3014603,7.009630383939358
3014604,1.472331620154097
3014605,53.300753695553674
3014606,2.347788594041891
3014607,197.17289297907934
3014608,254.81379012697408
3014609,2.603878636504187
3014610,1.7188466456026885
3014611,227.98033555559707
3014612,108.92999950882125
3014613,1168.39797842203
3014614,2.2386313623130176
3014615,0.4689516933129277
3014616,12.362314379349595
3014617,0.48653263450986045
3014618,14.846473921060007
3014619,9094.905097998086
3014620,0.43368407847009327
3014621,1462.7705804377133
3014622,23.285347229353626
3014623,2251.819784227421
3014624,2295.658591159248
3014625,491.1721963103909
3014626,535.9097835257645
3014627,358.7553244056589
3014628,9722.373209551233
3014629,89.95881134496565
3014630,3.0340528915130793
3014631,104.89342127710512
3014632,122.53750418203408
3014633,0.4732970545756249
3014634,612.8990558709453
3014635,36.36816522090836
3014636,26.745365798481455
3014637,53.40318664607127
3014638,299.6065599284446
3014639,23.16432771663577
3014640,777.1997385517253
3014641,531.5494798963643
3014642,33.58506801730447
3014643,33.20938089541035
3014644,1063.0404632753177
3014645,292.4521402115774
3014646,13615.802050267235
3014647,941.0429709345452
3014648,79.88231272535496
3014649,12.762796485143275
3014650,0.37672190382034626
3014651,13.13800168505517
3014652,8713.461993773197
3014653,0.2618688829729013
3014654,1179.4751451950854
3014655,23.677638109393328
3014656,2282.8550533717907
3014657,2012.6246351219813
3014658,602.9790895576266
3014659,324.27003418656716
3014660,273.9106355627577
3014661,10414.206701838837
3014662,116.1680586814732
3014663,1.120778955976622
3014664,58.76634182297877
3014665,76.15903963621358
3014666,0.5904324234233308
3014667,576.9420815279939
3014668,25.378862009775368
3014669,35.10521584834712
3014670,12.616196595238891
3014671,221.8515986712342
3014672,17.323742375711518
3014673,971.7269018543275
3014674,695.2717882075203
3014675,20.316482845773
3014676,26.03378201417385
3014677,1088.384665287674
3014678,249.6541975736169
3014679,9359.194052428657
3014680,693.3949515770323
3014681,72.51394112763217
3014682,9.479311044096757
3014683,0.3238520245782157
3014684,16.323781922511316
3014685,4647.117397933277
3014686,0.21662092201210192
3014687,776.614065721649
3014688,10.6954804709572
3014689,1804.2535331913045
3014690,1235.620239555843
3014691,614.6381608830609
3014692,109.1145190624055
3014693,194.89983133771105
3014694,7651.990389831735
3014695,35.54133442509443
3014696,2.0102877795334724
3014697,37.22835963619011
3014698,24.950874893736685
3014699,0.44658292063934335
3014700,492.2190385211261
3014701,30.81628652257274
3014702,28.34439665658391
3014703,10.05537719785748
3014704,106.15699226434555
3014705,8.519960308962252
3014706,846.0413562591632
3014707,594.325638448154
3014708,18.950907110720653
3014709,37.82809606449782
3014710,567.2820890489237
3014711,116.2677778778093
3014712,3368.7368210901623
3014713,519.5751991904862
3014714,34.92786848949787
3014715,11.632455347961217
3014716,0.2506200182538783
3014717,18.72112562153654
3014718,7478.770482040714
3014719,0.23157903820460954
3014720,1086.0513579967264
3014721,16.959691943964796
3014722,1985.862491843956
3014723,1857.6564262214308
3014724,548.1075632125817
3014725,289.5345215619039
3014726,212.96763975282826
3014727,9684.757235149857
3014728,43.17327647628794
3014729,0.891837314126048
3014730,66.888694878629
3014731,64.19103552331163
3014732,0.6767971068548367
3014733,534.8004733488083
3014734,28.727717497077258
3014735,32.58456030720843
3014736,24.849428619800815
3014737,201.06786123755305
3014738,12.35202963645346
3014739,727.6123420424088
3014740,599.0142695333138
3014741,18.91037772504134
3014742,25.914854821710797
3014743,888.4584845978987
3014744,197.02224713029264
3014745,7402.4052326323235
3014746,818.1086671792051
3014747,58.209732674170986
3014748,8.974797518674503
3014749,0.17480499988845966
3014750,15.690507984051193
3014751,3671.6193046022277
3014752,0.12712144735578115
3014753,660.5740770047277
3014754,12.806807490350078
3014755,1566.29222582451
3014756,952.0432925777869
3014757,496.12188118733206
3014758,86.95018930011199
3014759,133.64431491153874
3014760,6228.198306790647
3014761,31.634981153076108
3014762,0.34615679552662226
3014763,24.60163573597827
3014764,28.213456351158122
3014765,0.19694126215152835
3014766,456.1921380925164
3014767,17.520881739496375
3014768,12.542639254852178
3014769,9.410022688831882
3014770,96.01658702124939
3014771,4.669838805651323
3014772,635.7531676471455
3014773,620.4367873412049
3014774,13.53020249880764
3014775,19.825996345947456
3014776,594.5684278706065
3014777,73.15528202405822
3014778,2360.697289625273
3014779,601.0719390126317
3014780,16.418298059702344
3014781,9.111393326529246
3014782,0.30272950482133953
3014783,12.009774174724026
3014784,6334.99846226661
3014785,0.2846482215260203
3014786,1195.9310610283944
3014787,21.492474263468555
3014788,1740.554630708657
3014789,2020.8036999950984
3014790,382.0090382600626
3014791,414.78371691679297
3014792,300.2466936945457
3014793,7852.999607077554
3014794,70.28925051824294
3014795,1.1149141797985265
3014796,43.04325087200494
3014797,49.099662461220404
3014798,0.5184781197885449
3014799,445.25503571598637
3014800,16.788172746619512
3014801,30.550634576968065
3014802,11.573779418543449
3014803,210.45223997073188
3014804,17.453758404377695
3014805,676.5812806006119
3014806,488.13096567392466
3014807,14.985049148719336
3014808,26.589886816861892
3014809,849.6679788178383
3014810,214.33481431070314
3014811,9733.191210111365
3014812,403.72000691677204
3014813,72.801378868024
3014814,4.857666518375649
3014815,0.24978658947608484
3014816,5.445900356559579
3014817,1759.7419664592317
3014818,0.22912299495017346
3014819,333.7719404474308
3014820,20.574910311829143
3014821,796.1431972650443
3014822,544.5026790981686
3014823,213.37815345268692
3014824,78.12503157855946
3014825,75.05989103974652
3014826,2855.459747947495
3014827,27.054603177362296
3014828,0.8375702175120272
3014829,22.745262662424263
3014830,20.748240039979095
3014831,0.27384005599248173
3014832,197.77689218829323
3014833,9.20860148529247
3014834,11.211415303383697
3014835,9.331135446272599
3014836,51.91639041085746
3014837,6.701473919027702
3014838,217.80143894066128
3014839,229.6062794921083
3014840,2.6027330069820214
3014841,6.173432818677763
3014842,216.86278420158686
3014843,53.272241390928286
3014844,2176.505849526798
3014845,1.9034923324523563
3014846,7.94854506925629
3014847,8.436098356734298
3014848,0.25960165937114577
3014849,13.656632699947263
3014850,3847.630827822397
3014851,0.20411799455925256
3014852,580.8389175568517
3014853,27.55420110744176
3014854,1448.8866221200688
3014855,1013.4826735975035
3014856,428.9729847872914
3014857,96.24019234261206
3014858,132.15538348839925
3014859,6233.22219522693
3014860,72.75338771730988
3014861,1.0475843613915552
3014862,47.80072992837601
3014863,35.190345404713206
3014864,0.27701411027579675
3014865,368.41537858389955
3014866,15.46507247130017
3014867,11.321289885724793
3014868,3.03258732705515
3014869,120.31643270872485
3014870,8.401588351472814
3014871,527.3324818462562
3014872,480.6558473956799
3014873,10.462691825463347
3014874,22.094158734779977
3014875,355.14344707397254
3014876,80.15314747418093
3014877,2651.62140175282
3014878,603.2841124749746
3014879,15.321557124281524
3014880,6.309216332224369
3014881,0.31942962243273526
3014882,5.634939105502673
3014883,4570.4238847633615
3014884,0.2865140648426889
3014885,915.0105035632218
3014886,8.393087878114153
3014887,1441.7955614250493
3014888,1650.3075078840393
3014889,254.62142195207815
3014890,350.3356311187451
3014891,227.33608130401612
3014892,5349.846291813774
3014893,48.51096074540315
3014894,1.2883902005386063
3014895,28.074991360713806
3014896,37.5222801172739
3014897,0.36435289657851755
3014898,326.67081772551734
3014899,1.5437124819346972
3014900,48.94074313279219
3014901,4.193815099623198
3014902,146.96717722626246
3014903,9.512784718144065
3014904,608.0321806653345
3014905,304.2395008869258
3014906,18.61331254408969
3014907,9.068936844188158
3014908,728.9947452382653
3014909,132.294958739771
3014910,8270.283444397095
3014911,3.1081070688076755
3014912,43.70794399836235
3014913,8.521343426545988
3014914,0.2493757150270412
3014915,7.831648807919714
3014916,4237.798849879088
3014917,0.24310587834442624
3014918,835.8850050771816
3014919,10.468417285888053
3014920,1537.6582621370605
3014921,1197.211640525281
3014922,320.3825451018995
3014923,215.8555148739755
3014924,272.2244901275683
3014925,5800.078637800839
3014926,43.31072886317499
3014927,2.4114820450765326
3014928,43.54296489639211
3014929,44.132765683498825
3014930,0.2637137567079311
3014931,325.3544136597998
3014932,5.889319382780487
3014933,58.173503057263844
3014934,7.396849232882918
3014935,211.6572653506982
3014936,8.779840854152017
3014937,430.65048270121736
3014938,324.5188104157319
3014939,11.560347742867972
3014940,24.472296822721916
3014941,439.69042841262325
3014942,131.1150510939961
3014943,7273.193184555741
3014944,4.607909718022776
3014945,6.598908916303118
3014946,5.976893555797386
3014947,0.14021423171152483
3014948,4.078497404940275
3014949,2004.4206429732576
3014950,0.13419046890847705
3014951,448.61307243691397
3014952,6.001026259199097
3014953,877.5290248512391
3014954,512.3846630350927
3014955,207.66680890014473
3014956,84.96241341823018
3014957,93.86016886498908
3014958,2854.4519815297504
3014959,12.389451415578908
3014960,1.1476005345568574
3014961,22.086187349227128
3014962,21.1463377589059
3014963,0.13864624665576655
3014964,193.7824387561932
3014965,3.710570452516471
3014966,14.976674832215226
3014967,4.8139682462226006
3014968,65.15898837271172
3014969,2.990263085408703
3014970,248.92868608344375
3014971,213.02870605068273
3014972,3.804255943044629
3014973,4.646085008934035
3014974,161.76084823434928
3014975,75.20301463624524
3014976,2898.7495994924857
3014977,1.9898356695376
3014978,2.6467427443427103
3014979,4.920372701366757
3014980,0.13339668003839114
3014981,0.8321690504352711
3014982,2123.317386522191
3014983,0.10349594076335115
3014984,192.8558926586991
3014985,3.0821755708159446
3014986,797.8267521225365
3014987,251.70725632454403
3014988,162.52988218700224
3014989,46.77183504773128
3014990,21.670626744310102
3014991,2628.2787906511026
3014992,7.307374759796506
3014993,0.5029922731854973
3014994,11.814169652693682
3014995,6.876870312865723
3014996,0.10823655397909493
3014997,167.008616708289
3014998,0.10512090880699074
3014999,4.103651014692777
3015000,2.735955660789372
3015001,17.280036978651644
3015002,0.6870252851832943
3015003,46.640355325233735
3015004,140.31367263870072
3015005,0.13563701078610385
3015006,1.1425879314733445
3015007,44.41503301870461
3015008,70.1324213698672
3015009,543.3729077450504
3015010,1.6389600732316754
3015011,1.2625619192761952
3015012,5.1629137108659835
3015013,0.1588524485647131
3015014,6.460936596799419
3015015,2935.069614596772
3015016,0.18439020933323258
3015017,520.5741332698337
3015018,10.218891278022118
3015019,1086.2483360638698
3015020,895.8664413186335
3015021,284.39491709655647
3015022,153.30472783747118
3015023,124.98624853667778
3015024,4397.30699338724
3015025,27.647292817671907
3015026,0.6849145733843275
3015027,22.527943888465167
3015028,40.9372439646876
3015029,0.3715021443167289
3015030,261.2975787253153
3015031,17.264962264187584
3015032,20.758179005457922
3015033,14.720605049686482
3015034,71.64691168366583
3015035,5.908783091864772
3015036,390.95902000829915
3015037,306.6608593256845
3015038,8.179245628599839
3015039,12.022082083904218
3015040,426.9231870843067
3015041,84.90183252703957
3015042,3524.181297551858
3015043,18.84860624142274
3015044,31.00214710611023
3015045,4.251751694421124
3015046,0.19232499266427253
3015047,6.997833276836634
3015048,3794.255611682457
3015049,0.2122390863014467
3015050,655.4594141785324
3015051,14.016140099415862
3015052,1048.0279511125937
3015053,1340.7805196076263
3015054,191.3142905270391
3015055,271.9156793204577
3015056,203.1999600612052
3015057,4061.5815532355973
3015058,40.404137971976766
3015059,2.0973447809995243
3015060,27.12189724990753
3015061,33.401440733401344
3015062,0.7055122838291156
3015063,262.15250086587497
3015064,11.729675846998745
3015065,45.43754357110252
3015066,10.062405532530219
3015067,155.39999695408957
3015068,12.576483692738616
3015069,451.8883233961515
3015070,270.260793217773
3015071,6.233758851973863
3015072,12.46409877046366
3015073,635.536755966846
3015074,131.2463917020175
3015075,6812.914925788493
3015076,1.7162674012722439
3015077,43.324498314878994
3015078,3.3916474528621303
3015079,0.39313596052616806
3015080,10.382229911611327
3015081,4312.329681378292
3015082,0.19041263741248893
3015083,780.4613032611226
3015084,16.82864545769728
3015085,1159.9913318050665
3015086,1330.4865858506641
3015087,257.267757370102
3015088,281.9206533697313
3015089,154.5036327193872
3015090,4775.400531184704
3015091,33.968359999227125
3015092,2.6518618558948908
3015093,35.258983852896414
3015094,52.57202984568794
3015095,0.3317296540923661
3015096,307.7086881907092
3015097,24.49251526776807
3015098,44.92659684850911
3015099,18.640500116741826
3015100,128.07043956049944
3015101,17.488538467805654
3015102,380.9842048800709
3015103,292.7275950213359
3015104,16.10710925022547
3015105,17.902769569168914
3015106,520.3263274008165
3015107,147.5625138468123
3015108,6389.748592436478
3015109,2.1414036846392164
3015110,34.58804074736723
3015111,9.847912296468449
3015112,0.19471946991853775
3015113,6.185734119712593
3015114,2798.2793619029735
3015115,0.15531644469452763
3015116,405.0053725407854
3015117,10.394058123727111
3015118,1253.7297449878536
3015119,744.3153563113548
3015120,424.7549159693436
3015121,146.10737608981788
3015122,86.80514210131817
3015123,5523.359111186247
3015124,7.420248252447903
3015125,0.9500828787261869
3015126,33.74658682883096
3015127,32.885757381670324
3015128,0.23562663223249927
3015129,316.2375167461796
3015130,5.898152919699425
3015131,4.133522425777318
3015132,9.395272489651626
3015133,52.77913000704549
3015134,2.909828974126844
3015135,286.161428787225
3015136,364.3626413676375
3015137,5.388062738175446
3015138,5.783671535928174
3015139,306.04158179819353
3015140,80.1917746512994
3015141,1284.3251293273904
3015142,139.83844574165468
3015143,11.715098433095203
3015144,4.022798765965768
3015145,0.38861829578006857
3015146,3.061771311903622
3015147,2119.186751387257
3015148,0.32873351364036285
3015149,363.71332472457436
3015150,11.931262944860412
3015151,667.4960455974528
3015152,679.7511840015374
3015153,137.15795440682814
3015154,129.10928707022794
3015155,137.17641687149515
3015156,2545.2355713296674
3015157,20.422022840866344
3015158,1.282135022387186
3015159,21.290465566179673
3015160,25.26002189531193
3015161,0.384663894258
3015162,180.6749177702985
3015163,12.614276650686042
3015164,18.128802280532323
3015165,5.6941990334014
3015166,108.84133725167617
3015167,6.2011859885908205
3015168,279.3021443684077
3015169,165.17953796558666
3015170,3.392653180230342
3015171,7.884905430548844
3015172,290.62445568261643
3015173,70.48587913127609
3015174,2256.7785628843903
3015175,9.171075868992355
3015176,23.257354145010577
3015177,0.903051729832149
3015178,0.09018997416090026
3015179,1.1031053020813315
3015180,1223.8714997432335
3015181,0.0810747694830273
3015182,78.010131257729
3015183,2.796490125293026
3015184,648.2994278316464
3015185,218.46411009333477
3015186,179.83096531727244
3015187,28.41832885746632
3015188,26.63541505326786
3015189,2195.03206049247
3015190,3.07890592070124
3015191,0.2703907724885016
3015192,7.43928688059016
3015193,5.863676640528089
3015194,0.08040310103987588
3015195,126.07839901058412
3015196,2.132605033766247
3015197,2.36183929666463
3015198,1.042681240842275
3015199,8.613927640713388
3015200,0.20131381246138982
3015201,224.00305035019056
3015202,141.1116426907139
3015203,0.45015142162163857
3015204,2.349794842685424
3015205,109.04623559760635
3015206,22.404288476484165
3015207,193.22754658551014
3015208,2.3692296545076115
3015209,0.7798803336449973
3015210,5.2810921716272325
3015211,0.1850037811056571
3015212,3.3490014805319213
3015213,3915.6948676903194
3015214,0.16621240789530625
3015215,662.8287742183624
3015216,11.473448700917306
3015217,1466.7270252062187
3015218,561.8934460412165
3015219,405.6329636233871
3015220,205.38555779149618
3015221,65.1186265136331
3015222,5985.126504237359
3015223,22.009521024693775
3015224,0.5265635019346889
3015225,19.971407766736508
3015226,17.57745248638489
3015227,0.2340208102327479
3015228,407.02920694395686
3015229,5.506433398753845
3015230,1.7862322491749998
3015231,7.027211086178297
3015232,36.920752945471094
3015233,1.5309491770012595
3015234,758.1697736285322
3015235,316.2125401209458
3015236,1.8755309096727202
3015237,11.60888460628757
3015238,308.7039058173792
3015239,103.0828597396631
3015240,1213.5488265187953
3015241,31.04067846122525
3015242,5.976910716105431
3015243,4.464412624857481
3015244,0.13669586130892755
3015245,0.7400329006424894
3015246,1440.289650788822
3015247,0.12736253080368823
3015248,152.89122448577405
3015249,8.23604467042984
3015250,705.9836874809918
3015251,344.5172711441976
3015252,172.89758424540716
3015253,60.40132628898668
3015254,30.394163019332254
3015255,2622.780614354785
3015256,6.112747634606591
3015257,0.2621441957971132
3015258,10.923100921355156
3015259,16.58536606356894
3015260,0.14448000125172786
3015261,149.17953944339203
3015262,4.963799310643361
3015263,6.666700970225855
3015264,9.500582933417233
3015265,32.279059694420646
3015266,0.9888807426802222
3015267,208.79209043482763
3015268,148.67223364013853
3015269,0.9200905391026823
3015270,5.500747008454328
3015271,144.4841418674254
3015272,29.377675012784984
3015273,310.57507572077793
3015274,5.6834276669889014
3015275,1.7248385327334321
3015276,3.1572444412997074
3015277,0.10005828405396545
3015278,2.23171632011096
3015279,1310.0342767097313
3015280,0.09243929474778993
3015281,90.66734026076831
3015282,6.065336632841394
3015283,632.0187007865121
3015284,209.62506021496284
3015285,109.01657839590696
3015286,30.037888977839202
3015287,24.527097023969773
3015288,2235.1612053581857
3015289,7.142444132617328
3015290,0.14609627597972444
3015291,9.474099942927257
3015292,8.376094783805451
3015293,0.09685342008044955
3015294,110.73429330138482
3015295,0.7173096081473598
3015296,3.16299979382376
3015297,1.5313382193971725
3015298,27.628430158059647
3015299,0.4996209837657521
3015300,180.2306523429014
3015301,152.19347370156413
3015302,0.3269423174265295
3015303,3.4795255886137584
3015304,81.96190351943648
3015305,16.89074797233997
3015306,150.05561134937443
3015307,9.944212849906997
3015308,0.7292030631083968
3015309,2.6167900557302644
3015310,0.12763960025217685
3015311,2.223136413281893
3015312,1421.1858222237117
3015313,0.12124618566085929
3015314,141.7946057564812
3015315,7.592175756426055
3015316,834.8964760993493
3015317,338.32204123843024
3015318,197.0563407694074
3015319,26.048053238854358
3015320,36.166362673684894
3015321,2641.33805487627
3015322,3.7560448164187545
3015323,0.23449102478755843
3015324,7.469173780384365
3015325,15.181656282464239
3015326,0.12454459558739772
3015327,181.84732497002037
3015328,0.585335322100309
3015329,7.097161903685682
3015330,2.3799975335103536
3015331,14.345649201337878
3015332,1.3680091769139633
3015333,320.58431341411386
3015334,200.99602624846776
3015335,0.8000058366847473
3015336,3.698845752804296
3015337,74.33025850662105
3015338,84.1536691626708
3015339,333.6494199121223
3015340,2.4271149109760253
3015341,3.3338373158468437
3015342,2.7274127114417888
3015343,0.40199793943671197
3015344,2.260983278223908
3015345,1544.7050219631883
3015346,0.13739586151939495
3015347,158.76480952887997
3015348,2.9008676454404485
3015349,821.0838850497684
3015350,327.11123203091086
3015351,231.9961788683446
3015352,83.06347110481285
3015353,63.13742809855004
3015354,2749.283439395441
3015355,5.106704503172975
3015356,0.7929299173713583
3015357,9.755383146095967
3015358,16.82812421781674
3015359,0.15420243106521492
3015360,187.4402467193958
3015361,5.3199288422345425
3015362,8.907959402306139
3015363,2.6950768526594397
3015364,22.651230717547314
3015365,1.2185223706026407
3015366,168.3298220620325
3015367,171.04425780953656
3015368,0.6835119947929326
3015369,4.8429041041841785
3015370,114.78873137545305
3015371,42.40302336880606
3015372,548.8402736337077
3015373,6.980996303194062
3015374,3.396071731414164
3015375,3.227963171390342
3015376,0.08964425582532498
3015377,0.6161034525275975
3015378,1117.9642133802352
3015379,0.07884095860889724
3015380,105.24841868168866
3015381,3.1374214309481903
3015382,606.2514274258458
3015383,185.29590098794904
3015384,114.55777583636609
3015385,97.53363225201116
3015386,22.88826013419357
3015387,1563.499533627819
3015388,3.000815873248753
3015389,0.15703196747961132
3015390,10.021148623970042
3015391,9.086360027894774
3015392,0.10188224800212062
3015393,111.78826493808482
3015394,0.08282486424871266
3015395,2.623335621327482
3015396,1.70330451774129
3015397,20.92155506535751
3015398,0.7698479804484238
3015399,51.040515660654236
3015400,103.61827332273756
3015401,0.6149809449718239
3015402,1.7753029710522659
3015403,53.10787680715316
3015404,27.372096119204464
3015405,359.89388306981715
3015406,0.12568285619029337
3015407,0.5972054407849433
3015408,5.687760468702097
3015409,0.3163002588738627
3015410,2.529447841248846
3015411,2458.030837152444
3015412,0.13905050872141783
3015413,256.44938458945944
3015414,4.457859430113726
3015415,838.139442807112
3015416,535.0506327008105
3015417,369.5016559007613
3015418,154.89243439734466
3015419,69.39487048190657
3015420,3680.816288229823
3015421,12.77177186810718
3015422,0.8668725899055215
3015423,17.965078670262297
3015424,19.766132198944508
3015425,0.1570379103173949
3015426,216.463969653246
3015427,0.28812055270309744
3015428,8.632689079663642
3015429,8.631009601090812
3015430,29.782720269915956
3015431,2.7655704119469333
3015432,289.4762192351563
3015433,201.94652524328336
3015434,1.52966844056842
3015435,6.584140855081856
3015436,279.20634096161285
3015437,51.72975321527906
3015438,1025.0276173673149
3015439,33.20338953666112
3015440,8.567558761443285
3015441,2.439822269535264
3015442,0.21197501818024247
3015443,3.4726050082294107
3015444,1646.9016530418244
3015445,0.13586880136789722
3015446,428.79545402018255
3015447,6.3637360243062835
3015448,467.2930612243349
3015449,433.0582240299746
3015450,144.40116099803342
3015451,117.43872907872459
3015452,37.443114682095676
3015453,2245.9418962132418
3015454,8.724842936275143
3015455,0.6148523933311132
3015456,14.568673956697431
3015457,13.834619889680736
3015458,0.17698159147686277
3015459,137.8518625322082
3015460,5.3404282690896645
3015461,2.6724859134014793
3015462,5.73650150073975
3015463,49.67798944062458
3015464,1.364972750930543
3015465,156.36231760650077
3015466,117.93363493774724
3015467,2.293540194466314
3015468,5.409551729233937
3015469,124.3460100248775
3015470,43.04439128090793
3015471,1166.6587359572945
3015472,51.60384018810192
3015473,7.907021299488387
3015474,4.3350304975568665
3015475,0.28094743689613555
3015476,2.7177006677307567
3015477,1920.2146421874716
3015478,0.10280804685799147
3015479,126.8011440505346
3015480,5.123702979116791
3015481,702.1594204411807
3015482,253.70663183821273
3015483,203.52508274744605
3015484,44.837932984613936
3015485,34.4616669936096
3015486,2611.70560226862
3015487,9.82918056823413
3015488,0.753320819788285
3015489,10.015109200200163
3015490,9.473835592902478
3015491,0.12924072826408853
3015492,132.14707316496754
3015493,5.076321890212575
3015494,5.690168035475893
3015495,2.7323352969843113
3015496,29.990255247348042
3015497,1.8827349768644048
3015498,141.67875465932207
3015499,137.25548051216649
3015500,0.8349639184744096
3015501,3.8445119239541894
3015502,148.40761724345657
3015503,20.24309342312003
3015504,395.5218725538089
3015505,2.2079533630743153
3015506,3.067130961990417
3015507,4.742162193103871
3015508,0.21939658923403202
3015509,5.230159727009947
3015510,2413.944728145545
3015511,0.2661903182354313
3015512,510.11642818664774
3015513,9.090280762993729
3015514,643.6878238387787
3015515,610.2322257231892
3015516,169.88904143665516
3015517,122.1575615268431
3015518,80.55332800651136
3015519,3056.138650577885
3015520,28.75765330459565
3015521,0.9556207833815007
3015522,14.863776785574254
3015523,23.816391561736946
3015524,0.23330904141222258
3015525,198.24944521727394
3015526,15.317738246507087
3015527,11.909351969568782
3015528,4.9970561602348464
3015529,79.07606255076902
3015530,7.469805193763334
3015531,412.80079667630537
3015532,188.3925012138394
3015533,6.182744270731028
3015534,5.778545730724801
3015535,328.5968424525521
3015536,82.56233444982544
3015537,1834.2123136410596
3015538,6.721033020022632
3015539,22.835545457402592
3015540,5.750126576130594
3015541,0.16008525205578553
3015542,4.118044702220758
3015543,3472.8107115705425
3015544,0.13707277198815918
3015545,388.1254526295454
3015546,5.8901806457372885
3015547,1135.288420271329
3015548,575.7284909123202
3015549,458.2260558403161
3015550,75.2136587002529
3015551,70.7490257623663
3015552,4751.258545583757
3015553,10.709633259192335
3015554,1.2396267956268558
3015555,16.142954143811096
3015556,12.094765350928828
3015557,0.1824477216373054
3015558,260.62188558716747
3015559,0.8546332563834077
3015560,4.476620365103754
3015561,4.059521633488874
3015562,42.18634512062701
3015563,1.0368270469863563
3015564,574.9953404780426
3015565,281.4135409703251
3015566,2.5251134753169433
3015567,4.567156369428974
3015568,234.2368061933333
3015569,52.19555753019019
3015570,749.9782953578273
3015571,54.30485174329982
3015572,8.497137395685487
3015573,6.498894696938
3015574,0.23506763643702094
3015575,2.3821116985089894
3015576,2178.23912892368
3015577,0.13689798274817153
3015578,333.95077427161664
3015579,5.309060059979806
3015580,942.4830910318925
3015581,425.42554854288204
3015582,211.8851725687783
3015583,169.93281462583707
3015584,64.54634993066173
3015585,3076.937529912507
3015586,10.909305883374543
3015587,0.41173785866164153
3015588,24.066275535790496
3015589,24.056707694252356
3015590,0.16922104580870442
3015591,244.64188143936474
3015592,2.2130635326021406
3015593,1.961780807363671
3015594,6.346264675837208
3015595,76.82647525071133
3015596,1.196527997309536
3015597,105.76763703475666
3015598,198.0843253407752
3015599,1.6343325885223008
3015600,3.7713274833704427
3015601,128.36120925383653
3015602,119.44836283239574
3015603,895.9816594009449
3015604,1.0857125089048743
3015605,3.049281258683305
3015606,3.662764975774136
3015607,0.13368071123977474
3015608,1.320279863536749
3015609,1661.4431623058433
3015610,0.12220942716111423
3015611,108.75363744643307
3015612,6.010620415549694
3015613,659.8459929154625
3015614,274.87418689667084
3015615,130.75856700736358
3015616,41.128241997173305
3015617,45.31467096691516
3015618,2403.5236540741525
3015619,5.775390025233439
3015620,0.5143755631027541
3015621,15.518200637063202
3015622,14.83193994631688
3015623,0.1334526687097796
3015624,140.47742244396917
3015625,0.3407700940669437
3015626,3.8546670556845553
3015627,2.7113079991709963
3015628,53.453705089227675
3015629,1.7807797988048204
3015630,114.68700947433692
3015631,130.70907550870282
3015632,0.8198564517138881
3015633,4.330430332258699
3015634,112.02222252117149
3015635,23.505654767697898
3015636,371.6142312095822
3015637,6.8440464923986175
3015638,1.4418133855626356
3015639,1.246106851799271
3015640,0.1202849850698098
3015641,1.8440222887642828
3015642,1261.734412769681
3015643,0.13168649388641537
3015644,231.7504478899173
3015645,7.5681181868766245
3015646,458.7694369820438
3015647,423.4346169075376
3015648,110.5825444193998
3015649,41.090289300921505
3015650,56.32911685428115
3015651,1928.402279938583
3015652,19.23974010365758
3015653,0.3106629859965206
3015654,8.837254702523854
3015655,10.813147798506796
3015656,0.15362296111639356
3015657,115.33945072069059
3015658,7.682282792868632
3015659,1.9428407745271632
3015660,3.9528019105212757
3015661,47.982127071708426
3015662,3.1535383095858855
3015663,636.1156670462752
3015664,127.73980684899036
3015665,2.703789984639981
3015666,4.094377685927087
3015667,249.98340284534189
3015668,25.95243717214385
3015669,961.492758450702
3015670,0.7694538852556932
3015671,5.6526444364867485
3015672,2.25428693714908
3015673,0.14537108488468714
3015674,3.0909065877491333
3015675,2809.2843334669487
3015676,0.19730108750589914
3015677,636.7106730940849
3015678,14.697426365763834
3015679,947.1559589699652
3015680,1037.0934820260816
3015681,222.2326117953529
3015682,184.0187971170971
3015683,146.2033559616848
3015684,3459.687025114277
3015685,35.18416540085182
3015686,0.634206417951587
3015687,17.364000297078153
3015688,29.75564858489864
3015689,0.3008864115605978
3015690,221.49811360893315
3015691,8.27434127943712
3015692,31.74932383216538
3015693,8.219416622510318
3015694,82.29652581556944
3015695,11.017426110889117
3015696,326.7495152153724
3015697,222.70453135892294
3015698,13.029691313683161
3015699,8.246863900283401
3015700,432.63492408771947
3015701,96.66207903889223
3015702,2988.4442199602995
3015703,6.090955063891765
3015704,18.03437677841582
3015705,2.438136970074976
3015706,0.1403387991744081
3015707,3.6681554429258747
3015708,1989.214469063832
3015709,0.25798298762365923
3015710,405.27877608932357
3015711,6.200482971759533
3015712,439.62928559414235
3015713,560.3496089275177
3015714,147.92280396770428
3015715,117.77735635607043
3015716,94.5149558537614
3015717,1901.02910838107
3015718,17.86534253964486
3015719,0.7273780165073579
3015720,14.515886666086507
3015721,15.79183197440886
3015722,0.23306119071122433
3015723,101.20124857658607
3015724,0.4351298305807322
3015725,19.050542040012225
3015726,3.4787985010072706
3015727,179.4710877512637
3015728,6.696440250752396
3015729,187.1647823077914
3015730,108.51526500848512
3015731,3.6603577976851107
3015732,5.701186479638604
3015733,171.26122722154727
3015734,36.52824836579139
3015735,1558.1243780112686
3015736,1.2277115566760521
3015737,2.73600832591312
3015738,2.1166117819367773
3015739,0.0961234939021162
3015740,1.13417981143378
3015741,580.6249389049998
3015742,0.1012319243706896
3015743,164.2262178545925
3015744,3.451236146929217
3015745,228.34189076103706
3015746,164.75435386397675
3015747,49.86561785125836
3015748,19.82780529637411
3015749,18.07916106672358
3015750,1045.4838373495522
3015751,2.9024002336134442
3015752,0.32568613135247754
3015753,5.197552656359057
3015754,5.1118817086523896
3015755,0.1388747187088751
3015756,54.825014060122115
3015757,0.11338964992775256
3015758,4.426499720606344
3015759,0.7011751535713503
3015760,26.834252103475258
3015761,0.1572681209477838
3015762,170.27290751970835
3015763,84.59945393754505
3015764,1.236983235540207
3015765,0.9597080768711564
3015766,78.38476944179266
3015767,11.559563827529306
3015768,312.2329264443196
3015769,0.9896737807209981
3015770,1.3352624191724174
3015771,4.069493463134892
3015772,0.13636343731817246
3015773,3.1877227379651494
3015774,2270.65342147209
3015775,0.16623869605426844
3015776,459.5576947600217
3015777,11.965482875103469
3015778,626.1384491584173
3015779,730.1461262041773
3015780,212.56807883978692
3015781,176.47674138558097
3015782,95.62795543630658
3015783,3014.466802685968
3015784,22.376442213935857
3015785,1.5688463138869604
3015786,14.980237354212703
3015787,22.941455309155106
3015788,0.20699667099838345
3015789,173.05892578869046
3015790,4.001602364494841
3015791,26.383865001103942
3015792,6.577909867937156
3015793,129.01374366195765
3015794,2.9462165624066547
3015795,213.51735486007965
3015796,172.47381825122434
3015797,7.684633793201865
3015798,7.020373932975305
3015799,272.8106845571315
3015800,60.97233420476519
3015801,2059.2719960156423
3015802,1.217856252334389
3015803,11.1525046736839
3015804,4.226833120401766
3015805,0.12593902703835133
3015806,1.9399554350550785
3015807,2651.5832037855203
3015808,0.13735249202380645
3015809,446.026375381247
3015810,9.53628578368278
3015811,848.9459885386744
3015812,616.3596978064647
3015813,262.1528234482839
3015814,166.74880569750331
3015815,57.56474297565517
3015816,3531.3410315082942
3015817,11.645616995344877
3015818,0.5083494270843669
3015819,22.375897144184318
3015820,15.444572500856516
3015821,0.45849878463956023
3015822,200.7715964133339
3015823,0.18845256809787247
3015824,4.446505283111491
3015825,3.4145282644287045
3015826,40.35438538281472
3015827,0.8681108125976035
3015828,270.3211406493497
3015829,202.80945724821626
3015830,3.144657558601538
3015831,3.427641855358473
3015832,163.90060193580308
3015833,60.237792170302654
3015834,1265.5572357597634
3015835,1.641507796355657
3015836,2.62617334701719
3015837,4.249827952694989
3015838,0.22758281840484224
3015839,1.8735061627135485
3015840,2437.1519020691862
3015841,0.11490662806804496
3015842,504.82151631459703
3015843,9.340407742559904
3015844,738.704702271126
3015845,488.7924685076886
3015846,206.160049122681
3015847,157.99493796438333
3015848,56.45869413663765
3015849,3128.713198215444
3015850,12.333207944912596
3015851,0.6605126816291784
3015852,19.214109732040747
3015853,13.838436165955263
3015854,0.13889385085899195
3015855,190.90295457788784
3015856,0.17267332873956817
3015857,4.477038297696524
3015858,3.5877679673140572
3015859,73.35355015307553
3015860,0.9108584209155974
3015861,133.24653073202427
3015862,168.32985534503732
3015863,2.9727287285321324
3015864,3.11027200663175
3015865,140.772374751351
3015866,46.60074402234438
3015867,858.5856498930457
3015868,1.575340080793041
3015869,3.7202125683614287
3015870,7.456595876185372
3015871,0.46346418194699
3015872,12.25451599186149
3015873,6517.103585020365
3015874,0.4501263574071352
3015875,990.1687483829761
3015876,49.10707580911615
3015877,1509.137535560959
3015878,1679.3323201522028
3015879,289.8856387565796
3015880,374.6687059376011
3015881,264.2532031232057
3015882,6657.923936076367
3015883,64.72927317021788
3015884,1.8194142127195119
3015885,41.86543214584544
3015886,46.09348306848671
3015887,0.6115081242317787
3015888,393.24124787288036
3015889,27.620887285185592
3015890,40.93453880247892
3015891,22.82782450664746
3015892,229.04624114455305
3015893,23.380561945213355
3015894,586.0502776957767
3015895,398.3057777831291
3015896,15.478816329915382
3015897,21.714643459986632
3015898,885.8622572003885
3015899,215.45012966650742
3015900,5932.0203847162375
3015901,1.1763071330107535
3015902,63.24188443114265
3015903,2.5913096166880085
3015904,0.2183357274473167
3015905,0.40760107424105735
3015906,1464.8120477179477
3015907,0.1260142698242779
3015908,162.70245932660256
3015909,3.8921588380905856
3015910,594.9397125374018
3015911,234.4235651285286
3015912,106.30331557844288
3015913,106.63389359868385
3015914,42.445879710310095
3015915,2328.2423455396756
3015916,4.615006265092187
3015917,0.26983198156207133
3015918,10.751270271768561
3015919,7.730167198248421
3015920,0.13691294265541742
3015921,192.68712580172598
3015922,0.4029679908706142
3015923,3.1560260202284365
3015924,2.161795632890825
3015925,27.123867897313175
3015926,0.5249544952865971
3015927,143.30666188614748
3015928,87.57253972462516
3015929,1.2681265739659175
3015930,3.135055645227602
3015931,98.89469700834262
3015932,20.320011618331602
3015933,493.37004015634403
3015934,1.5420455649394573
3015935,2.3289399663805557
3015936,6.301499882695337
3015937,0.14852523007880983
3015938,1.1771651026421717
3015939,2731.268560889377
3015940,0.15539062949477858
3015941,453.4995160045978
3015942,8.371746170592159
3015943,989.5688472372931
3015944,495.2896849207967
3015945,189.76716404850066
3015946,218.07770333335122
3015947,70.07385535701295
3015948,3802.815612235401
3015949,10.123778915003214
3015950,0.37459387230103625
3015951,17.90213162549385
3015952,16.942386257961058
3015953,0.20435985469707738
3015954,239.09056402829958
3015955,0.518150772988712
3015956,5.399819257200493
3015957,6.46262947204814
3015958,19.094938598637437
3015959,1.0281934276454694
3015960,571.1327829761967
3015961,203.5622114074721
3015962,2.7419506929514306
3015963,4.901792388344993
3015964,122.80876077140722
3015965,53.185034769839454
3015966,1038.3611828349044
3015967,1.6761441189751716
3015968,3.374854688852422
3015969,0.9388765573365678
3015970,0.09839948470996163
3015971,0.5987374691643607
3015972,924.3152172913078
3015973,0.09318969210394007
3015974,122.29218711081901
3015975,2.807519204572355
3015976,553.1887106947418
3015977,129.4278196555353
3015978,76.19502430123305
3015979,165.44080390552102
3015980,14.902213938909457
3015981,1669.12251377761
3015982,0.9411587408257144
3015983,0.20767136949437004
3015984,6.316948899317969
3015985,3.3979914498273596
3015986,0.10093217162281447
3015987,69.45491251688533
3015988,0.10339975279900974
3015989,2.87508689261924
3015990,0.4589597090252152
3015991,16.99590781721113
3015992,0.17138509859468654
3015993,114.63698437418049
3015994,67.05592464860925
3015995,0.39888115306677946
3015996,0.8269861429355474
3015997,40.02937639307925
3015998,8.97593065208564
3015999,168.24776039922287
3016000,0.8508249781194835
3016001,0.8360845267793247
3016002,5.173277030819475
3016003,0.11361718729554562
3016004,1.111155318699971
3016005,1584.8754042785133
3016006,0.10833521596446588
3016007,173.224770746734
3016008,5.48367404779597
3016009,717.8197033085276
3016010,290.38098648495
3016011,140.04660727444823
3016012,120.23613085831155
3016013,41.787323366791284
3016014,2272.386531577858
3016015,2.285320259175676
3016016,0.39398099133495756
3016017,18.85654509857062
3016018,11.551388273171813
3016019,0.12385126395993214
3016020,155.87578904913875
3016021,0.11063550987372317
3016022,2.9837643625111365
3016023,8.348624177441328
3016024,24.180095973599578
3016025,0.8021844771144063
3016026,321.6511176320979
3016027,160.99224885664347
3016028,1.080462855104822
3016029,2.512215138881102
3016030,159.6872838595271
3016031,18.552259146603628
3016032,966.4479222339004
3016033,0.6080614106057564
3016034,0.37325447330487893
3016035,2.4803658479036232
3016036,0.19149843897965366
3016037,1.4434343716275557
3016038,2295.251980085155
3016039,0.17159374912973369
3016040,578.9336744959126
3016041,7.83795762290767
3016042,742.2506229957908
3016043,520.2729943101401
3016044,193.51194249971817
3016045,85.57506677794406
3016046,57.80647754407127
3016047,3804.180853381456
3016048,5.9067594486765795
3016049,2.3548656360230487
3016050,18.97804319606096
3016051,30.12167112483912
3016052,0.21758289745713505
3016053,163.43996578835177
3016054,0.9514297155235975
3016055,4.286098497273002
3016056,2.6366325186822595
3016057,33.196794011158616
3016058,1.621181171968215
3016059,224.28840088846871
3016060,211.2470355092107
3016061,2.331016444559969
3016062,5.240097004054032
3016063,122.0071085250095
3016064,23.366460816976197
3016065,538.3910340541026
3016066,2.7204667085027463
3016067,1.421805938609599
3016068,2.8277851803201246
3016069,0.10218016139225679
3016070,0.3033839519031944
3016071,1273.1550401514874
3016072,0.09695243674812035
3016073,84.67802895557283
3016074,1.952104412377696
3016075,399.27894525329566
3016076,141.66720916413763
3016077,73.31537706197061
3016078,99.56682605095236
3016079,33.35917160399867
3016080,1753.2802613230458
3016081,4.472474298729766
3016082,0.41138722609224165
3016083,6.976729529279772
3016084,4.608566974092426
3016085,0.11144534303009469
3016086,81.81678751529664
3016087,0.10796074189848787
3016088,3.050073954805157
3016089,0.4267497245676153
3016090,24.981079141163075
3016091,0.4620888340162546
3016092,282.9156204207633
3016093,67.56441897264898
3016094,0.6098258364278104
3016095,0.6827239678935628
3016096,53.861279305723606
3016097,14.08032913495795
3016098,312.65363245096995
3016099,0.6431551564212196
3016100,0.4904990816372125
3016101,3.2761240601134336
3016102,0.10867210319752275
3016103,0.5202812574403289
3016104,2731.5634837878074
3016105,0.11327713129867242
3016106,409.74147565176634
3016107,7.53783150421233
3016108,669.5262161812518
3016109,426.93916681632135
3016110,154.77495156441077
3016111,143.69214101883603
3016112,60.923308951490704
3016113,2980.9125931051085
3016114,5.555158529241785
3016115,0.281165347401843
3016116,15.021844662019996
3016117,8.445784325841997
3016118,0.13661935940350312
3016119,160.64340388887945
3016120,0.1347825917052719
3016121,18.464620700713127
3016122,2.2543511705183605
3016123,40.205085657300486
3016124,0.7737887718884763
3016125,338.5203510078773
3016126,155.83656254218198
3016127,1.9461032142433456
3016128,2.0905654989579143
3016129,108.62528432771336
3016130,33.95599292995375
3016131,1031.9016408094415
3016132,0.9508915760241431
3016133,0.44600792272048123
3016134,2.925992360968606
3016135,0.20614527310822653
3016136,7.198703990813652
3016137,2523.2030481457073
3016138,0.22207789463636382
3016139,521.0696620728764
3016140,6.3730102761551874
3016141,818.7948063480089
3016142,767.5878375213066
3016143,173.52020176010598
3016144,118.2304174983748
3016145,112.39552112873154
3016146,3513.7577901994396
3016147,47.68442454651868
3016148,1.3121921620054853
3016149,26.602888864932723
3016150,26.181825532734948
3016151,0.2767453455916215
3016152,223.73874502750488
3016153,17.03068708727082
3016154,20.431441997543068
3016155,1.7217247292776032
3016156,128.19486403608678
3016157,8.734307615313254
3016158,218.98788662024768
3016159,245.58352766224476
3016160,10.965408742500218
3016161,11.917637472515585
3016162,233.76983551169533
3016163,80.31657626604424
3016164,2484.4445621523814
3016165,5.880090982277211
3016166,9.57812882285771
3016167,4.2026575295176825
3016168,0.12549477363140657
3016169,5.154494437040064
3016170,1865.9650858207103
3016171,0.1313131118124521
3016172,379.1854558979508
3016173,11.408782053907187
3016174,712.6232583201213
3016175,587.4100439781414
3016176,117.30078680186183
3016177,67.41208685095013
3016178,88.99067785281568
3016179,2929.72908909521
3016180,22.84548488566594
3016181,0.6285673983307273
3016182,27.686808103558
3016183,24.409404069880637
3016184,0.15556039656212453
3016185,241.8369199708358
3016186,15.520544560286774
3016187,12.578008263714699
3016188,6.938494129255533
3016189,81.91815216149107
3016190,10.15558162677546
3016191,133.52991434607645
3016192,278.68469537881293
3016193,5.87644281954878
3016194,8.172164687319048
3016195,105.72422066116101
3016196,70.39303278407161
3016197,1705.971015859157
3016198,1.508280226921995
3016199,12.845595974341906
3016200,7.024756491381953
3016201,0.21777963196441977
3016202,2.9434066454047567
3016203,3103.9866559789552
3016204,0.20338088365924578
3016205,604.4496821650536
3016206,5.731432092000156
3016207,1324.3566301568803
3016208,544.942356157587
3016209,166.72938772200322
3016210,317.28905475178317
3016211,58.50817911336035
3016212,4842.4137413422995
3016213,28.515824655268403
3016214,1.3452745251878149
3016215,20.06610252288651
3016216,16.932470641931047
3016217,0.2537332893536492
3016218,273.6815865323534
3016219,3.274456881897859
3016220,10.885077297940999
3016221,8.536069442241665
3016222,53.72124162102538
3016223,2.9991841101925965
3016224,230.12861903390248
3016225,271.9762444375186
3016226,6.211327867905034
3016227,7.862503357444063
3016228,206.69720344537373
3016229,46.84687732489815
3016230,1348.0461099206714
3016231,8.880826784657318
3016232,9.991470631477522
3016233,2.875627487304743
3016234,0.19538312709742528
3016235,3.1226434739610736
3016236,1852.4967935473721
3016237,0.14220159332547921
3016238,278.3321421683972
3016239,6.117828791557044
3016240,561.4624295680629
3016241,524.769389160685
3016242,152.3910846694556
3016243,91.53021556184589
3016244,57.67746960570046
3016245,2534.6001334515995
3016246,17.588863384490175
3016247,0.786100365812321
3016248,10.892702870153693
3016249,7.3374476229295365
3016250,0.1966905824406837
3016251,155.03732321429393
3016252,11.421325055775913
3016253,14.074716980244164
3016254,1.539306800402484
3016255,64.71532997384955
3016256,5.476219433586272
3016257,270.75452620109604
3016258,174.2540672445929
3016259,4.4553786978332415
3016260,5.918150854039532
3016261,249.6110016953407
3016262,34.491878953777295
3016263,1590.2428977228492
3016264,1.4956778525068517
3016265,16.000812151109354
3016266,2.5204345764541727
3016267,0.16162221431389487
3016268,1.7913937266804583
3016269,3998.123521533853
3016270,0.1353848192783791
3016271,366.1148689043925
3016272,7.2541790246845395
3016273,1482.9969787442233
3016274,506.0739446512559
3016275,213.19205429139828
3016276,137.34966754102564
3016277,57.457029526144986
3016278,4949.249130254544
3016279,7.797968510265135
3016280,1.3810533293582867
3016281,22.76659593998493
3016282,18.02708722745013
3016283,0.1478492143162723
3016284,343.6036749802609
3016285,0.1782207875136026
3016286,0.6102591165467827
3016287,6.69572632601637
3016288,29.60786651236625
3016289,1.4059452146373768
3016290,155.59646690940082
3016291,237.11386650225347
3016292,2.4953432079057425
3016293,7.8479472263212955
3016294,149.88838576572476
3016295,48.75760095860686
3016296,926.5389887931057
3016297,1.2681735351610957
3016298,3.3455945431989593
3016299,5.194244891017599
3016300,0.16308834446853704
3016301,6.374274038962923
3016302,1814.6625124233165
3016303,0.12694174317670126
3016304,402.47316749358043
3016305,9.085250492304809
3016306,849.3037923098316
3016307,573.3390499112171
3016308,188.25168952509614
3016309,100.0816491378328
3016310,123.2298597614506
3016311,3106.753584960234
3016312,24.898083493991837
3016313,0.791562377787092
3016314,20.51433011736188
3016315,23.967092531985386
3016316,0.1655313781956829
3016317,183.7344812276442
3016318,11.654611640832044
3016319,11.16558022235131
3016320,6.8268016969819705
3016321,76.7015602688357
3016322,9.436671194727014
3016323,181.39965515156334
3016324,236.03322104334728
3016325,9.582192682927804
3016326,7.115037047545598
3016327,152.2501170894391
3016328,55.4415562752463
3016329,1686.2778080745893
3016330,1.1690766913966986
3016331,4.205361773166685
3016332,2.82532632864413
3016333,0.20524140390428672
3016334,4.769785424408427
3016335,2132.377866028473
3016336,0.18872259928253002
3016337,386.1030115416324
3016338,8.193413961814686
3016339,605.5507986269789
3016340,681.9817989588355
3016341,154.84354233673653
3016342,110.7013404520258
3016343,98.95787347334038
3016344,2738.4586396666864
3016345,25.16322727319511
3016346,0.8533323717461815
3016347,19.6591344000749
3016348,20.339303601451075
3016349,0.2120274772428204
3016350,170.5462738005945
3016351,10.328469113990689
3016352,30.86265842468316
3016353,5.319344667082221
3016354,72.97991001692318
3016355,8.269392823988232
3016356,224.7432989905636
3016357,180.83224401817316
3016358,8.336397736199876
3016359,7.2516018191061855
3016360,196.56332154587335
3016361,50.793962110457485
3016362,2062.808493791036
3016363,1.7877454693108072
3016364,11.26277282392861
3016365,5.0139725304221034
3016366,0.12698526538080585
3016367,3.3201474095255765
3016368,4155.870053999428
3016369,0.11197006010067213
3016370,507.24383946453
3016371,12.995815148553067
3016372,1058.0987000455139
3016373,566.5323558551804
3016374,231.83400166915698
3016375,168.92310769950848
3016376,63.59510408652361
3016377,4132.444024485953
3016378,8.349431198045156
3016379,0.22408820341848046
3016380,14.12052796169428
3016381,17.557195817072827
3016382,0.12137478746922073
3016383,213.38685415924027
3016384,0.1575314627030395
3016385,6.238823219020841
3016386,1.2870898842856595
3016387,70.28470630851007
3016388,2.364774176255389
3016389,273.03346224204586
3016390,242.51998626261002
3016391,2.566128049634106
3016392,1.6396906151190842
3016393,205.39921420902957
3016394,119.61077692465622
3016395,1077.811803287138
3016396,1.9958924570305725
3016397,0.3961515289961728
3016398,11.118728809157512
3016399,0.34619152867921427
3016400,12.83922289299299
3016401,7824.904518763051
3016402,0.35398097041699406
3016403,1259.3935606686384
3016404,23.674376661182453
3016405,1909.1753424714482
3016406,1875.1638909622939
3016407,399.84058024617866
3016408,421.65531411722804
3016409,346.8006390717558
3016410,7904.509431165974
3016411,79.25585513245764
3016412,2.9257551853524832
3016413,90.25440870418012
3016414,95.20890528083835
3016415,0.3899277743448714
3016416,499.4669900152675
3016417,31.203287102416777
3016418,20.14179963982499
3016419,48.670069483952105
3016420,351.3157810007377
3016421,20.970596531396946
3016422,668.167022784277
3016423,424.94423360890596
3016424,29.24614750363011
3016425,29.876697447006876
3016426,871.1564137026411
3016427,279.38068865353773
3016428,7279.966475805865
3016429,833.4651998062245
3016430,63.83630906626991
3016431,11.447000517860516
3016432,0.311581885743195
3016433,12.373987559165197
3016434,7272.940947061827
3016435,0.24193869316293026
3016436,989.211651471774
3016437,25.47872212465668
3016438,1959.210317164112
3016439,1700.7691245994197
3016440,538.5569169836638
3016441,282.14410413685545
3016442,257.3327350951959
3016443,8872.31712172193
3016444,98.11302062836343
3016445,0.9673570951151649
3016446,55.281622700680124
3016447,67.28555577878222
3016448,0.6095405879605577
3016449,488.1838261358485
3016450,28.259141422221848
3016451,28.526282081578906
3016452,17.763980758388968
3016453,241.8805454768543
3016454,16.54464997793853
3016455,884.305371823645
3016456,552.1028684645175
3016457,20.014503145936835
3016458,23.195679505387407
3016459,947.5619273045908
3016460,211.76180050516533
3016461,5348.026055043711
3016462,548.6503571895169
3016463,57.60134034372565
3016464,8.926541605901162
3016465,0.20782276760241336
3016466,14.395173701589295
3016467,4408.739515367036
3016468,0.17318823401448677
3016469,687.7326355112326
3016470,12.032112290737423
3016471,1606.5777134536452
3016472,1088.8023339333417
3016473,554.2022247595627
3016474,96.67513347501183
3016475,186.34754864122004
3016476,6657.443446357212
3016477,36.38587708390531
3016478,1.9556473678434214
3016479,33.2186348809906
3016480,26.288980466397785
3016481,0.4338892505872102
3016482,418.2838828184801
3016483,26.1837580859585
3016484,17.35203720791095
3016485,10.64954753773896
3016486,115.42702378064256
3016487,7.92517130906091
3016488,696.5028172318564
3016489,480.6283766437861
3016490,16.99782190388943
3016491,33.1855377060504
3016492,523.6660664372158
3016493,107.61880530741283
3016494,1953.3086423075188
3016495,487.1445211831458
3016496,31.253526522615513
3016497,11.117022059427379
3016498,0.22271611774591812
3016499,16.22230627924181
3016500,6306.573969264434
3016501,0.20282490459763622
3016502,930.5614781015398
3016503,18.54360347517035
3016504,1687.360490113056
3016505,1582.5153824609695
3016506,476.9451204777951
3016507,244.33964827416963
3016508,184.02014929841368
3016509,8310.717826485597
3016510,41.45632222566347
3016511,0.949520405831036
3016512,63.077525458021356
3016513,62.341387449363
3016514,0.6418913661145393
3016515,473.5943120135197
3016516,32.3542738410657
3016517,25.639634116450818
3016518,24.639968029178824
3016519,217.9744147744756
3016520,11.517325244774515
3016521,688.7509198101069
3016522,521.8955661003057
3016523,16.510777001818344
3016524,24.32269047664377
3016525,793.3249522801544
3016526,180.269977024045
3016527,4281.045379165812
3016528,680.3138386187312
3016529,54.452166387258565
3016530,8.655942550947877
3016531,0.16796255660433193
3016532,14.60780465297918
3016533,3524.2416177495243
3016534,0.12464629185564728
3016535,623.4082252351784
3016536,13.003535485718567
3016537,1455.5205106125832
3016538,860.271393144324
3016539,441.07920892820846
3016540,74.58499851245858
3016541,145.50730062731807
3016542,5923.295449291441
3016543,34.35244161820237
3016544,0.346005736768491
3016545,25.87850017600719
3016546,26.397957092077974
3016547,0.19023580025157094
3016548,399.8850828035522
3016549,24.15848229338963
3016550,8.665711318417966
3016551,6.384395090254181
3016552,125.37559941388464
3016553,4.416058652393934
3016554,602.1386671276849
3016555,495.12607444114786
3016556,12.522822459981402
3016557,17.512814234886573
3016558,569.3987977701013
3016559,73.54845072925482
3016560,1439.3220864874627
3016561,607.6411229115422
3016562,14.97165298143024
3016563,10.89369718386588
3016564,0.24763233244640953
3016565,10.642099119085461
3016566,5510.228975678242
3016567,0.23480591042992277
3016568,965.9372986728079
3016569,22.6087210446895
3016570,1496.9643201553674
3016571,1715.4496016033156
3016572,340.66857747474273
3016573,345.6384327126265
3016574,257.2085236161242
3016575,6383.991603992338
3016576,62.61241974031989
3016577,1.010414292530399
3016578,48.87058536695605
3016579,49.26877779158095
3016580,0.4895653342064862
3016581,376.7172877130585
3016582,16.482293932993016
3016583,23.704833950715077
3016584,11.202233192137673
3016585,252.74115005236962
3016586,14.291861308963298
3016587,645.3736964267216
3016588,389.6555943806421
3016589,14.67028649476473
3016590,24.50630260603401
3016591,715.4042575507536
3016592,177.20331409461
3016593,5777.896416938834
3016594,309.78988222922544
3016595,60.517893251296364
3016596,4.772252891367218
3016597,0.20395069372068478
3016598,4.674239618209734
3016599,1560.7661031721625
3016600,0.28363324397192824
3016601,303.9213147553261
3016602,20.72023482454969
3016603,714.8186989781456
3016604,446.870471025837
3016605,192.11165072425212
3016606,62.51094745879255
3016607,72.21644786288742
3016608,2595.446259266769
3016609,25.07907980993112
3016610,0.8151906689015219
3016611,21.930102597385734
3016612,18.50501898856855
3016613,0.2585260410877138
3016614,171.80245957947068
3016615,9.305018925625037
3016616,7.162082682820751
3016617,8.606242516366096
3016618,66.02237166868855
3016619,6.538698912387095
3016620,220.10862568512064
3016621,190.89694494880766
3016622,2.2717841315135536
3016623,6.104754072871351
3016624,181.98191793971915
3016625,56.290361796741166
3016626,1298.1206281317313
3016627,1.0857663849473669
3016628,7.556695011202783
3016629,7.935790236749118
3016630,0.22831664619392508
3016631,12.008524655318544
3016632,3634.358936486285
3016633,0.21387537359321268
3016634,485.74672831063236
3016635,28.40822345912023
3016636,1327.0075286160086
3016637,917.4497411902852
3016638,375.5999271471592
3016639,83.79627974150698
3016640,171.30823032444872
3016641,5773.657407609149
3016642,71.44931644832104
3016643,0.9020660009879299
3016644,43.987433558130135
3016645,32.90568299682553
3016646,0.26159846636377315
3016647,311.58292258713107
3016648,15.427140105324435
3016649,6.837504824034171
3016650,2.7957190294237426
3016651,134.5290873705345
3016652,7.837277239653747
3016653,472.792601467807
3016654,408.25459371339343
3016655,9.737882924305426
3016656,18.541455875450243
3016657,312.31722786545356
3016658,75.73513644537636
3016659,1818.1678424557915
3016660,529.6960010922912
3016661,15.000725904603728
3016662,5.804818578123272
3016663,0.22717747071389155
3016664,3.548549926408028
3016665,3490.1015563450874
3016666,0.21188632604327665
3016667,684.7037986829932
3016668,8.263279942101375
3016669,1037.1065175815138
3016670,1240.354509944606
3016671,200.7853483744238
3016672,255.45504891430159
3016673,200.27123651845096
3016674,4002.3917614975417
3016675,39.265228108536135
3016676,0.9574278860389556
3016677,22.14177935362881
3016678,29.78304993875658
3016679,0.24348498930439974
3016680,231.0461680492186
3016681,1.5438804568988316
3016682,42.24240099709661
3016683,3.587525087352696
3016684,135.74095952592725
3016685,8.45337205527325
3016686,482.0047060506184
3016687,201.44867773712537
3016688,15.22518694441274
3016689,10.231247816882929
3016690,556.894551630758
3016691,106.85939570314974
3016692,4216.860779362847
3016693,2.4643888513931347
3016694,32.40207396310812
3016695,7.915847532285413
3016696,0.21749431268519198
3016697,5.985603865574964
3016698,3710.3276275295107
3016699,0.22947207942047437
3016700,723.5054341509679
3016701,11.672525281182839
3016702,1331.0300455096728
3016703,974.0424514402991
3016704,288.0859070503404
3016705,176.09157643198043
3016706,292.80782327836755
3016707,5059.756123129068
3016708,38.039075506103714
3016709,2.403080077671731
3016710,35.18443698352358
3016711,37.70018810831595
3016712,0.23122923156463762
3016713,277.9417897205504
3016714,5.903757897396844
3016715,47.40317328316322
3016716,6.603639599014309
3016717,262.9932117001451
3016718,8.311436288904728
3016719,381.0835841553433
3016720,264.31127610766043
3016721,11.651754229365565
3016722,21.80978621804125
3016723,365.7316909391831
3016724,108.83570657982436
3016725,4009.9881116737556
3016726,3.7322433994721345
3016727,6.130818021269041
3016728,5.707099881056459
3016729,0.1275553002353529
3016730,2.8881195903108035
3016731,1627.4620648167809
3016732,0.12108607316788146
3016733,369.5203215330622
3016734,6.796319302586622
3016735,678.5738043199594
3016736,375.00349478168016
3016737,185.68580478934544
3016738,65.82616878944394
3016739,86.75434818573304
3016740,2254.368593178147
3016741,11.155814642805264
3016742,0.7678015685735005
3016743,20.123449709013048
3016744,17.372519290148638
3016745,0.12753130026831203
3016746,145.33610658220084
3016747,3.3182953076275226
3016748,8.083102800623063
3016749,4.600770377964703
3016750,69.96745671346117
3016751,2.8216458315342154
3016752,194.57843638275745
3016753,177.19205372041412
3016754,3.4525778846301787
3016755,4.148604577986185
3016756,136.36182336359948
3016757,47.01280806210767
3016758,1489.4984640722553
3016759,1.4763878867531115
3016760,2.4470839392176114
3016761,4.5613808128297775
3016762,0.11834420809587663
3016763,0.6682066560352731
3016764,2104.817414039037
3016765,0.08834319819464917
3016766,156.6016034927883
3016767,3.449595817917705
3016768,720.2248528759378
3016769,179.9096631139945
3016770,156.1312417927623
3016771,49.34509618182334
3016772,23.72146995069538
3016773,2383.6961935601394
3016774,6.509980382860704
3016775,0.47276086360875275
3016776,11.250883866063925
3016777,6.698403774684035
3016778,0.09577350323485241
3016779,154.47891682107132
3016780,0.10132843515803722
3016781,2.7517500876390257
3016782,2.501280038424627
3016783,15.353857266216862
3016784,0.6397499492942621
3016785,53.48976322665631
3016786,130.42610389850128
3016787,0.125964584283653
3016788,1.0904989835552978
3016789,49.071455400200925
3016790,62.586646071015004
3016791,451.8095845344536
3016792,0.8129916820137217
3016793,1.015823795958431
3016794,4.811455523173241
3016795,0.14350150490693023
3016796,5.018529470752593
3016797,2508.095137738824
3016798,0.24912940322703664
3016799,418.9691375419186
3016800,9.840001036179164
3016801,876.423231216029
3016802,716.2147939641586
3016803,240.62678323753303
3016804,125.46215211530705
3016805,102.12204394327252
3016806,3693.317907668828
3016807,25.99220006542172
3016808,0.6316312758361585
3016809,20.413937769317027
3016810,35.08497198309386
3016811,0.29037399362901567
3016812,220.09962257394974
3016813,14.812077506017943
3016814,13.960071806599801
3016815,15.18225147978213
3016816,79.98879388738723
3016817,5.721602660486993
3016818,348.2638743440454
3016819,237.18036914313464
3016820,7.036525628588233
3016821,11.364097378792355
3016822,370.9430144634154
3016823,76.87885801998122
3016824,1905.4614123848378
3016825,9.574015558441763
3016826,24.65916616275553
3016827,3.5534105270943566
3016828,0.1395109877113746
3016829,5.465390102148485
3016830,3174.5663871749675
3016831,0.15612348203126922
3016832,561.4913285226661
3016833,14.319211989911615
3016834,844.1229592520334
3016835,1045.8137797338707
3016836,154.65979577919902
3016837,216.30419137813413
3016838,164.819106820225
3016839,3323.2259183902406
3016840,30.31721010450911
3016841,1.6565811078202963
3016842,24.762463960235024
3016843,30.011847960980088
3016844,0.4660219047310169
3016845,200.41493855044072
3016846,10.283901481213265
3016847,30.552136930337795
3016848,8.93591624435601
3016849,151.6189037699078
3016850,10.849118196741019
3016851,375.4807356501863
3016852,192.2824783036621
3016853,5.738130246436014
3016854,11.27121036592022
3016855,527.0964209297774
3016856,112.0252976480182
3016857,4017.4386121410257
3016858,1.0794952210795286
3016859,30.275000360931003
3016860,3.1054173966853558
3016861,0.36662071803328655
3016862,9.231887572413347
3016863,3588.732702228242
3016864,0.25646632714146284
3016865,662.3881936404164
3016866,18.46119591477184
3016867,919.8230656638157
3016868,1108.2403638828173
3016869,223.75392936326188
3016870,224.39093564172293
3016871,115.97783615574892
3016872,4051.196960080328
3016873,31.10848185432703
3016874,2.248231085259419
3016875,29.36806989850019
3016876,40.364452567403426
3016877,0.30830791172196675
3016878,258.36619511700366
3016879,21.44743720969617
3016880,27.194222888483026
3016881,22.09920465835687
3016882,154.00065098130793
3016883,16.331695165094334
3016884,349.4849064464703
3016885,252.5340296790451
3016886,13.864546817634466
3016887,16.108422517055935
3016888,430.91731206241184
3016889,134.38767361579096
3016890,3486.431254091189
3016891,1.7202556239291327
3016892,26.479856496032372
3016893,9.068887330161518
3016894,0.1667167037815033
3016895,6.203806104574273
3016896,2713.7625519401763
3016897,0.15358379428129632
3016898,380.79845854939833
3016899,10.834881835835715
3016900,1223.2012171937045
3016901,600.5550992129627
3016902,403.51406825413045
3016903,144.87124303181872
3016904,84.99532134795653
3016905,5364.421523889125
3016906,9.012423227875061
3016907,0.9954435931359292
3016908,32.09024078989073
3016909,32.266927663289664
3016910,0.23395004320620333
3016911,298.8366781657444
3016912,5.656400432758332
3016913,4.129096805018455
3016914,6.540645137574929
3016915,45.76761044425856
3016916,2.8890544702727707
3016917,460.2555505610373
3016918,334.86983382503587
3016919,5.738780124996765
3016920,5.631211895912188
3016921,290.6153405165386
3016922,87.30001376106104
3016923,1184.8197033799124
3016924,170.34213588004303
3016925,10.689165513804868
3016926,3.5245937057188863
3016927,0.36606562905812295
3016928,2.467691944531691
3016929,1871.1962073207192
3016930,0.32225074083427785
3016931,283.08160337133614
3016932,10.431516652970759
3016933,592.5225556400682
3016934,604.84628053804
3016935,133.5731452362538
3016936,125.18701228598322
3016937,102.37222156202866
3016938,2174.4720246441
3016939,16.720069029401714
3016940,1.1353839690762917
3016941,20.482382370297476
3016942,21.400132461067777
3016943,0.3276391975025812
3016944,137.78681093254988
3016945,10.673743992676481
3016946,19.141511338424426
3016947,5.382329720259101
3016948,116.45731330603921
3016949,5.504076075159338
3016950,516.5269535735911
3016951,119.87745318693793
3016952,3.3322422749678937
3016953,6.844172202805675
3016954,363.8072930653623
3016955,53.040846450508944
3016956,2028.9541870277583
3016957,9.57343459663795
3016958,25.768450415559236
3016959,1.0772047187299483
3016960,0.09438196734236529
3016961,1.0340149595612707
3016962,1289.1766783457213
3016963,0.08523171292383892
3016964,80.25791197931231
3016965,3.174686361298616
3016966,644.6141759035247
3016967,234.16488449117583
3016968,262.54607055836885
3016969,32.90058132509322
3016970,31.915760216093847
3016971,2230.240659314067
3016972,3.5414065237437966
3016973,0.27736235707253204
3016974,7.280150160970797
3016975,6.441064299204315
3016976,0.09051234983690076
3016977,125.45562903916922
3016978,2.176305878358992
3016979,2.7090492022998034
3016980,1.096349122357781
3016981,15.357111173437655
3016982,0.2253721625791845
3016983,138.52649134244135
3016984,140.4694777844809
3016985,0.5531221549479417
3016986,2.682516023724859
3016987,147.70689537401364
3016988,19.437258128060396
3016989,203.78447921949393
3016990,6.350649794260506
3016991,0.6693482330249187
3016992,5.679626879905191
3016993,0.19475647451084552
3016994,3.9158371362674838
3016995,4566.787562883617
3016996,0.1968116968412721
3016997,669.786455777596
3016998,15.179817707987178
3016999,1569.3631431942697
3017000,593.6234077150301
3017001,555.0669062668417
3017002,226.793107622717
3017003,90.19080219240733
3017004,6397.164000066481
3017005,25.716711631276056
3017006,0.5439745454000281
3017007,23.630135378637874
3017008,20.123962198052535
3017009,0.24280073617160272
3017010,420.627452126668
3017011,5.882931956297664
3017012,2.4059470027646843
3017013,7.562819739558908
3017014,66.63526432305197
3017015,1.646092123639169
3017016,590.7414145410833
3017017,310.47342858816086
3017018,1.863672554012187
3017019,12.677804519348925
3017020,523.0493996550996
3017021,93.77288382870363
3017022,1301.2856225494806
3017023,25.878683425301038
3017024,5.3238884703222595
3017025,4.5423343620944285
3017026,0.13775924327317177
3017027,0.6884172158276741
3017028,1485.5664880307372
3017029,0.12151051203646772
3017030,156.37295805414684
3017031,11.496801633067085
3017032,737.2506054373964
3017033,307.70679697513333
3017034,219.04465445203542
3017035,49.12616159377578
3017036,44.705237638938854
3017037,2543.03878835799
3017038,6.548790782543262
3017039,0.2777969176315434
3017040,10.689004123434449
3017041,16.139822445718558
3017042,0.13663111103730247
3017043,131.23967508601007
3017044,4.7820324476420915
3017045,7.403852530298182
3017046,11.898501027868207
3017047,51.49249345814511
3017048,0.9947375473311297
3017049,114.64334586565914
3017050,146.88477487302688
3017051,0.8978954112819983
3017052,5.134170830365614
3017053,154.45519484240262
3017054,28.643842970815584
3017055,284.2747584269946
3017056,4.543874063837247
3017057,1.692694204931416
3017058,3.829461143441125
3017059,0.11952510081728375
3017060,3.343526744554397
3017061,1467.3781810391472
3017062,0.11056868520686045
3017063,97.84225000127358
3017064,6.926508603162459
3017065,683.3139110220466
3017066,227.0788573837148
3017067,167.2783052966928
3017068,39.402798246047645
3017069,33.65721657474221
3017070,2526.83356206931
3017071,10.593090042235845
3017072,0.19012691819459912
3017073,10.94029247865364
3017074,9.376836143642354
3017075,0.11511844423170518
3017076,125.86287392882903
3017077,0.8874731427766859
3017078,3.3163002472725065
3017079,1.7164207005443646
3017080,54.105803359406636
3017081,0.6073013834170984
3017082,124.15835954088264
3017083,145.89090218085175
3017084,0.37972306422540125
3017085,3.9964275988924185
3017086,96.24110756092016
3017087,18.132232059028286
3017088,169.73451448749967
3017089,6.9136405733847575
3017090,1.0157601069344517
3017091,2.6713452328905003
3017092,0.1099124665351521
3017093,2.039161104371637
3017094,1455.225297908347
3017095,0.10308301977164258
3017096,140.24367003061693
3017097,8.511189722062397
3017098,817.1357148412603
3017099,299.75342431754353
3017100,287.180003591051
3017101,33.43836023702494
3017102,43.9488990787733
3017103,2753.912839333348
3017104,4.158081966967839
3017105,0.21597181254465936
3017106,6.340200720859065
3017107,16.914519074043973
3017108,0.10798503675366194
3017109,149.9863276942727
3017110,0.5961503706541023
3017111,7.228520663539614
3017112,2.252435674754764
3017113,24.63943980817335
3017114,1.3145618859544856
3017115,189.88309621851326
3017116,210.51215713129525
3017117,0.6634150439128337
3017118,3.7474970694234284
3017119,70.78108985284373
3017120,77.50866384906138
3017121,316.4268898782075
3017122,4.165162517479005
3017123,3.2845251113495495
3017124,2.7173952943479827
3017125,0.43019538042084265
3017126,2.446942244852296
3017127,1550.8858455143013
3017128,0.16360760666416496
3017129,134.14610868119965
3017130,2.890912322009997
3017131,763.8638252337887
3017132,283.69416013391975
3017133,291.00539129195056
3017134,83.56405858788224
3017135,65.71328011265109
3017136,2543.4658216741263
3017137,6.0055886739579885
3017138,0.8018687344930513
3017139,12.416743097636989
3017140,15.644255708533844
3017141,0.14514453880494824
3017142,185.9949458092646
3017143,5.8101965629702
3017144,10.658716710043032
3017145,2.523069706969936
3017146,34.722964925301234
3017147,1.2769638150298037
3017148,112.57420531497301
3017149,157.9678235069294
3017150,0.5968129765375839
3017151,3.7201424071562665
3017152,120.16688014238932
3017153,40.31700818610157
3017154,522.827968219114
3017155,7.797415841509437
3017156,2.5723764286516726
3017157,3.486142290117514
3017158,0.09968476097880763
3017159,0.686797740703483
3017160,1290.13745607607
3017161,0.09530448862339166
3017162,106.81560426878075
3017163,4.04743827576937
3017164,626.9316922169768
3017165,187.88433815379585
3017166,138.1145510889712
3017167,95.14488051513544
3017168,35.28518813547809
3017169,1712.1997191321277
3017170,3.0551557807651766
3017171,0.18973487920178128
3017172,7.778000946256155
3017173,9.754386139563554
3017174,0.09804780221252243
3017175,137.48055665226934
3017176,0.21652125403486994
3017177,2.632630312533702
3017178,1.7175019472156707
3017179,38.61236109517812
3017180,0.8822465428538694
3017181,43.51938797220426
3017182,105.27846506558348
3017183,0.6342320628350793
3017184,1.762610440415605
3017185,62.98728071202909
3017186,25.269756650330592
3017187,402.70073604574407
3017188,0.07147747798959099
3017189,0.539023536079734
3017190,6.4625126323606485
3017191,0.33460105705945037
3017192,2.463750116468389
3017193,2716.6571718085156
3017194,0.16243455681948427
3017195,267.70144462221316
3017196,6.65352508339086
3017197,941.8643704311642
3017198,575.6754168121679
3017199,577.4376485324576
3017200,151.4257859754302
3017201,94.70013672574579
3017202,3836.601045590102
3017203,13.786524274109333
3017204,0.9148860978400418
3017205,20.014758654650105
3017206,20.626843562750622
3017207,0.1666785924171889
3017208,227.60007076576
3017209,0.3242348722610217
3017210,11.063800183613179
3017211,7.727840309344897
3017212,63.62504433262192
3017213,3.260297071364961
3017214,206.34097743032527
3017215,210.4078708797713
3017216,1.5601567460801817
3017217,6.819246671731913
3017218,343.90279666912124
3017219,55.1370447771644
3017220,1142.6268400999038
3017221,23.510200145046582
3017222,8.701567986741203
3017223,2.5950834963667826
3017224,0.18286267894827465
3017225,2.961661744858792
3017226,1522.2279316050053
3017227,0.10624989084252985
3017228,382.27224378958306
3017229,7.879736319257924
3017230,420.1028832588642
3017231,390.3463146451263
3017232,167.21274831881058
3017233,109.33144444572378
3017234,44.96227128760081
3017235,2078.9819096678757
3017236,7.778373551429065
3017237,0.5035578289810523
3017238,14.38170198656877
3017239,13.21842055773824
3017240,0.11958172693394348
3017241,128.82905527671446
3017242,4.339686885304374
3017243,2.8381692912859204
3017244,5.034470944198167
3017245,66.50387925183632
3017246,1.2546880948448653
3017247,72.39783148121661
3017248,112.92343413729297
3017249,2.1122118393329137
3017250,4.647479291774636
3017251,165.94198304615182
3017252,42.79955490670384
3017253,1055.0837978165232
3017254,35.01487083224655
3017255,6.6557739532343545
3017256,4.521911518551246
3017257,0.2906276537229706
3017258,2.856505159777784
3017259,2369.7801169847503
3017260,0.13389952469893007
3017261,133.9148471159898
3017262,6.103452623196367
3017263,783.1188842020207
3017264,287.02759374117426
3017265,264.51961098522804
3017266,42.679482878073905
3017267,41.59625772851278
3017268,3047.15756594139
3017269,12.902436503354288
3017270,0.87146396098824
3017271,11.854666208962364
3017272,12.690932180279624
3017273,0.1493187466078888
3017274,164.23509501137733
3017275,5.146502169395842
3017276,7.040784361952668
3017277,3.3167236447821633
3017278,62.1244693550967
3017279,2.039395161339413
3017280,119.4735948689169
3017281,183.32179423815325
3017282,1.004788646099864
3017283,4.124979746497808
3017284,121.9253932363838
3017285,18.697950986081576
3017286,394.87038613407225
3017287,4.0937629481449145
3017288,2.8348924520362675
3017289,5.058805810156747
3017290,0.2830485080042169
3017291,6.125132353691031
3017292,2608.578531720119
3017293,0.32645541931716254
3017294,604.663517407672
3017295,11.055577176886715
3017296,769.7876182831293
3017297,770.5739866376896
3017298,242.83740044827238
3017299,164.59804236576858
3017300,114.33589444004221
3017301,3553.230966709275
3017302,28.70218118785361
3017303,1.2040255995765308
3017304,20.005231856995895
3017305,25.94542802290816
3017306,0.3078414608681135
3017307,220.50758436194465
3017308,18.18548240719913
3017309,14.654883190859573
3017310,5.986059371309429
3017311,130.89212236030718
3017312,9.868501124771276
3017313,929.8705315821074
3017314,246.41159927930457
3017315,7.362017338560374
3017316,7.259334571921716
3017317,589.129743136779
3017318,101.63739105826504
3017319,2106.529088366466
3017320,9.615070673423535
3017321,34.94024316345996
3017322,6.113709626904668
3017323,0.20337516429913827
3017324,4.036640287177876
3017325,3704.274211467242
3017326,0.18887477649488651
3017327,411.07153585938426
3017328,7.548494502891416
3017329,1276.6231442984736
3017330,612.0988995782565
3017331,866.0378698037745
3017332,89.85821273233886
3017333,95.21773257382493
3017334,5372.809708019864
3017335,12.25852223748491
3017336,0.5118879711468243
3017337,19.940470789220726
3017338,14.593430816681366
3017339,0.23156063505613073
3017340,288.6666625110392
3017341,1.0940226111056581
3017342,5.296504305504132
3017343,3.2090442038761267
3017344,77.61637357654581
3017345,1.248048006059302
3017346,283.8047541641643
3017347,298.87099636788463
3017348,2.7618036566649264
3017349,5.278464998339073
3017350,514.2476152861819
3017351,72.44599565914602
3017352,848.6717221710676
3017353,67.29586084925783
3017354,9.793063684500053
3017355,7.975488627402423
3017356,0.22459052211009212
3017357,3.064793308522647
3017358,2651.6372022513347
3017359,0.15070924340869962
3017360,345.54234598441286
3017361,5.332973576949665
3017362,1175.0654645019904
3017363,465.373616658084
3017364,294.872767734377
3017365,168.09399132868674
3017366,87.59351808409563
3017367,3460.610872044417
3017368,11.676661125949796
3017369,0.4670243868438123
3017370,29.053413652119303
3017371,25.881445259302517
3017372,0.174797581561284
3017373,235.83403749470193
3017374,2.7409341917559864
3017375,2.5439251445065816
3017376,7.3423063368339445
3017377,108.52193481078555
3017378,1.2892275858749154
3017379,93.90975769836172
3017380,218.44580285048693
3017381,1.962922490683309
3017382,3.891531387842157
3017383,169.07508409708655
3017384,134.87056236919867
3017385,1044.3546765843712
3017386,0.9224852483480397
3017387,3.031688040786668
3017388,3.545953659800845
3017389,0.12746343585961747
3017390,1.1800898909194275
3017391,1602.9112774393784
3017392,0.12544653471935416
3017393,142.20625265175696
3017394,6.0611956120180475
3017395,640.9197179427462
3017396,265.2859490875529
3017397,133.9703674891366
3017398,51.866969993216664
3017399,56.04010621405599
3017400,2260.7154395436837
3017401,6.415282215813714
3017402,0.5738153200188126
3017403,20.792405546768954
3017404,13.409515847471667
3017405,0.13444636747330407
3017406,160.73065003046378
3017407,0.355710100862769
3017408,3.8780966938069907
3017409,3.017146531176903
3017410,105.4364482169886
3017411,2.0018643702303605
3017412,85.50470048371746
3017413,133.9669668689144
3017414,0.7894633412309703
3017415,4.142503053882446
3017416,182.62487628391276
3017417,27.206211344191953
3017418,527.5585805176916
3017419,11.19301459980696
3017420,0.9584527765885041
3017421,1.2328760465276882
3017422,0.13805985290311384
3017423,2.537297592438849
3017424,1324.5993875005129
3017425,0.14840269148365726
3017426,242.75419381538174
3017427,8.53960889791951
3017428,495.0600318011503
3017429,470.2582223498353
3017430,140.81028923399242
3017431,52.80544376567502
3017432,75.48659750438512
3017433,2032.102038807002
3017434,20.744022834828876
3017435,0.42265869965827524
3017436,9.679168609956891
3017437,15.237279889282444
3017438,0.1733183632914475
3017439,114.34125118285651
3017440,9.070933279160291
3017441,2.1676004185236533
3017442,3.430250774538307
3017443,76.07423015190578
3017444,3.856013862379823
3017445,533.3423139485778
3017446,136.04150596909994
3017447,2.854200465692069
3017448,4.529530067900757
3017449,364.857271232515
3017450,31.993733629458184
3017451,1081.8853525885138
3017452,0.7152663503472572
3017453,9.205112407361943
3017454,2.5708786179084937
3017455,0.18160705025553556
3017456,4.333166182122464
3017457,3366.929548306956
3017458,0.2372965247498058
3017459,782.0027778835876
3017460,18.640417233332318
3017461,1041.880011437434
3017462,1232.3250276088163
3017463,309.7746318852656
3017464,253.3552454372678
3017465,207.22201868128386
3017466,3994.308193505796
3017467,37.197218921442406
3017468,0.6736941860914014
3017469,19.4272916111023
3017470,33.97894572922026
3017471,0.34449723746263017
3017472,235.50798286641958
3017473,9.37193012583319
3017474,36.77243276855647
3017475,8.63107974444731
3017476,138.21200615456948
3017477,12.918909903654733
3017478,661.4260729634117
3017479,253.3866287935346
3017480,14.071948311973973
3017481,8.380870206580001
3017482,732.8989758557882
3017483,124.47520510581654
3017484,3357.7348320408387
3017485,7.267053913039639
3017486,31.20163921982155
3017487,3.8274630647856016
3017488,0.4007689501622862
3017489,5.459395614639202
3017490,3404.732737044158
3017491,0.5370058548815184
3017492,719.1054701642458
3017493,11.284453615782041
3017494,736.797597576373
3017495,913.5982073264588
3017496,269.83114937614147
3017497,215.67389674875488
3017498,172.89520227545054
3017499,3394.7193494599974
3017500,30.640042995201934
3017501,1.4086929668945374
3017502,26.2085624857972
3017503,23.49607010700782
3017504,0.5084328172181845
3017505,176.13674652597783
3017506,1.1921130726858635
3017507,35.29746335168942
3017508,6.146855129076614
3017509,399.9806526037645
3017510,12.799723255701114
3017511,513.581695657769
3017512,164.2752309240988
3017513,6.003490235401536
3017514,9.640140842297354
3017515,390.97302255811036
3017516,69.31773937469498
3017517,2944.658940132015
3017518,1.6434360591681951
3017519,9.07580427338865
3017520,3.1209336325211723
3017521,0.10144579470889398
3017522,0.39472257587831006
3017523,744.6411190194121
3017524,0.10657902950266916
3017525,202.04101745609088
3017526,5.2089375756556135
3017527,320.74107293251495
3017528,219.95104814168027
3017529,108.24041919285276
3017530,38.824554062247046
3017531,30.396064748129216
3017532,1496.7627134555337
3017533,3.642017222878401
3017534,0.39191972114845197
3017535,8.682554764605479
3017536,8.67865624469511
3017537,0.1497299909600181
3017538,69.61692696658025
3017539,0.16394461781682784
3017540,6.024986429377068
3017541,0.8011401126920829
3017542,32.17939324639452
3017543,0.166562277625623
3017544,404.5361929237614
3017545,108.9973245484499
3017546,1.6054221147302397
3017547,1.0558697110553088
3017548,216.12493362161175
3017549,17.03598221531468
3017550,505.3998580362808
3017551,1.1335983808963914
3017552,1.3258915336139498
3017553,4.895081600099
3017554,0.17856607348619977
3017555,3.5542382491182027
3017556,2899.072125957899
3017557,0.2361468782907263
3017558,564.4801922795754
3017559,15.234417253641102
3017560,778.7824848430595
3017561,894.9833360785597
3017562,302.50567095231906
3017563,226.73453898279845
3017564,158.0278019409905
3017565,3603.906494525467
3017566,28.56280028027963
3017567,1.7961105056949416
3017568,20.861684026253272
3017569,26.892252194810837
3017570,0.25065103960442625
3017571,195.63107951097425
3017572,4.275283670089757
3017573,37.95716332273089
3017574,8.103553738487202
3017575,270.56609261040717
3017576,3.244220844617276
3017577,424.82829079469445
3017578,208.95218429554788
3017579,8.567105015559978
3017580,9.218410468269822
3017581,481.0317391876071
3017582,76.22424311202573
3017583,2458.311704483636
3017584,1.1675173372050511
3017585,23.63653287450785
3017586,4.464625579070014
3017587,0.1540593011653847
3017588,1.9074510285868584
3017589,3006.1640405819926
3017590,0.15871920837615902
3017591,490.7353886715184
3017592,14.947753761530947
3017593,1013.9238243204418
3017594,701.1104479545664
3017595,406.96818758878635
3017596,160.6947231378009
3017597,84.05919655537285
3017598,4045.5965616686917
3017599,14.650383681107947
3017600,0.6312509421842354
3017601,26.166082872707875
3017602,23.322785941317314
3017603,0.5179715527518156
3017604,209.31027680190343
3017605,0.27326301488102195
3017606,5.164895642810667
3017607,4.327676618350015
3017608,86.32217216675664
3017609,0.8687999453561411
3017610,163.85458485382728
3017611,226.26914032902496
3017612,3.835664350362759
3017613,3.504757917729617
3017614,220.34317893446712
3017615,77.90895968454065
3017616,1265.5806646382484
3017617,1.5457391359982702
3017618,2.640907172308311
3017619,4.143880259019752
3017620,0.22319282386480263
3017621,2.8959833869060203
3017622,2714.259351587009
3017623,0.13647480438852105
3017624,544.1074813584977
3017625,10.751077941225342
3017626,879.5429438396001
3017627,555.6634166958045
3017628,259.3978752471197
3017629,149.08788462616607
3017630,83.62223771194441
3017631,3286.549515984706
3017632,14.167939831860172
3017633,0.7651408061174412
3017634,19.965060824576522
3017635,18.61667638475529
3017636,0.1516934525046074
3017637,192.3285040541851
3017638,0.2365748952551386
3017639,5.087951337871324
3017640,3.4573592038025405
3017641,116.37128697827337
3017642,1.0034471021246094
3017643,97.46209924750187
3017644,172.3047998502185
3017645,3.1573437733338467
3017646,3.531142234370797
3017647,209.11770416804654
3017648,59.662800127715585
3017649,859.3150188042539
3017650,1.4230148347876366
3017651,3.8910685784496613
3017652,9.5329446430917
3017653,0.4726325261961009
3017654,13.57987453071428
3017655,7627.053778824468
3017656,0.5920283372742997
3017657,1189.8098526959643
3017658,44.78297056733345
3017659,1852.7834808253417
3017660,1989.1749424264203
3017661,439.7705249208444
3017662,527.6430229873964
3017663,384.09355460469243
3017664,8036.095347995507
3017665,82.58419506870939
3017666,2.2533316246933466
3017667,50.96985331724147
3017668,59.99705741035792
3017669,0.7203118701443354
3017670,506.59941152333255
3017671,39.14778092293002
3017672,64.72386104751408
3017673,26.682345563501382
3017674,370.33852256983056
3017675,34.866192045979595
3017676,1249.8287860759247
3017677,522.2895734771406
3017678,19.648091079327212
3017679,22.148564061674286
3017680,1515.5471066475736
3017681,248.76916227720827
3017682,7136.41205650706
3017683,1.372690243231189
3017684,109.51909541147168
3017685,2.5094159351670475
3017686,0.17197176506760536
3017687,0.3922627329387745
3017688,1338.5610683415855
3017689,0.1131488580635863
3017690,134.1505380222737
3017691,3.7403464999623237
3017692,554.2079651878623
3017693,220.2301079052374
3017694,136.65769352678453
3017695,124.5188136708541
3017696,47.59133503367508
3017697,1901.9111801683714
3017698,4.361504215875403
3017699,0.2623968186715774
3017700,11.47383967005375
3017701,7.339905100604842
3017702,0.1303193350122649
3017703,113.51222180408328
3017704,0.4722884369572631
3017705,3.4878802791815735
3017706,2.2210681810952093
3017707,44.91255113366193
3017708,0.5156666296380001
3017709,57.6115562154751
3017710,83.65229148814585
3017711,1.466468191692667
3017712,2.973739717872818
3017713,124.51359683016449
3017714,18.06158331323899
3017715,463.61096693763733
3017716,1.301992858600382
3017717,2.4075392962424056
3017718,6.208491071162305
3017719,0.1611683481555615
3017720,1.102403034548083
3017721,3119.796585095665
3017722,0.16305936333045037
3017723,487.72037262181993
3017724,9.639175053705538
3017725,1007.1112857241465
3017726,528.2253609137891
3017727,281.3512964108789
3017728,261.3905116371295
3017729,78.64831796797479
3017730,4058.847981376828
3017731,10.625592903644575
3017732,0.3630774914364235
3017733,21.111387599955307
3017734,19.533057914349534
3017735,0.21155717980058697
3017736,222.92663069821404
3017737,0.5580028534669775
3017738,5.551436364234857
3017739,6.551722715385336
3017740,27.735301088228496
3017741,0.9798250245670886
3017742,300.0460776910319
3017743,200.23742514047927
3017744,2.7471636853525445
3017745,5.168591024390527
3017746,142.4251381817562
3017747,60.98516884392996
3017748,1057.1261974370452
3017749,1.6354889549631193
3017750,2.9673381840429216
3017751,0.9370858615392395
3017752,0.07904436274270453
3017753,0.5367249081262782
3017754,1002.4665322104131
3017755,0.07392637295771277
3017756,89.36597833875074
3017757,2.896433595638611
3017758,450.5334406791696
3017759,116.45284533487471
3017760,92.76650677383462
3017761,131.40461921305607
3017762,16.298358824985183
3017763,1477.5169253058582
3017764,0.9367046494105058
3017765,0.19314578938785767
3017766,7.617626347357614
3017767,2.9896808505710464
3017768,0.07761904664745681
3017769,67.63961545004558
3017770,0.1135427565380742
3017771,2.925114017568071
3017772,0.47559926839406846
3017773,63.24060020422367
3017774,0.16788001909001268
3017775,60.81760134302546
3017776,63.586599701443824
3017777,0.37095854202853357
3017778,0.724768902765758
3017779,60.15582155903672
3017780,8.276060562458689
3017781,165.39984276326294
3017782,0.5727830598159185
3017783,0.6766179988082401
3017784,5.053943620785193
3017785,0.10984208958178034
3017786,2.114875777652977
3017787,1651.3050869081385
3017788,0.1045780238273419
3017789,166.30087797640843
3017790,6.849594960005418
3017791,771.9492835642158
3017792,302.4315152547723
3017793,186.90605313617752
3017794,117.97367128648087
3017795,65.84655663986469
3017796,2363.418357205405
3017797,2.4110653310945196
3017798,0.36143172311964233
3017799,17.938258479424942
3017800,13.51674189784227
3017801,0.12060304744768911
3017802,158.25007123582017
3017803,0.15482453184724468
3017804,3.2275953115134595
3017805,8.885232549404037
3017806,39.55117649531094
3017807,0.8065834362507301
3017808,177.34564808317535
3017809,152.57465000238764
3017810,1.120231098367872
3017811,2.3989269741348465
3017812,240.82174046912357
3017813,24.28927185946981
3017814,983.8865650014292
3017815,0.541303582456519
3017816,0.3153379698861
3017817,3.0176345742628787
3017818,0.2309001019613443
3017819,1.4176803820151946
3017820,2417.9986492815237
3017821,0.20087888856326053
3017822,679.0672588194682
3017823,9.870075234798183
3017824,903.2375133765266
3017825,564.6444616865069
3017826,262.4573156283865
3017827,120.0843747827053
3017828,71.48218676870974
3017829,4118.885215591686
3017830,6.573727535343433
3017831,2.6241409914146865
3017832,26.13465812081308
3017833,38.2921351545449
3017834,0.2738003978539876
3017835,199.39443129808376
3017836,1.1877451547551277
3017837,5.629422844668004
3017838,2.603580071992213
3017839,51.94271617691937
3017840,1.9384419797226942
3017841,162.6450802704946
3017842,227.0119258839554
3017843,2.718125571503907
3017844,5.114639626406109
3017845,177.22058030443455
3017846,29.45436080695385
3017847,607.4424599761911
3017848,2.495159509171204
3017849,1.3036162175687234
3017850,3.1152827763386286
3017851,0.10389033268824865
3017852,0.31914546910730063
3017853,1449.6809025987964
3017854,0.09865449657110367
3017855,91.01152344925141
3017856,2.5777394191348035
3017857,417.3508083085212
3017858,145.29014195827116
3017859,106.29752840596875
3017860,114.80047292243337
3017861,53.553230975500234
3017862,1809.9718246988973
3017863,5.341483347346725
3017864,0.41313774948778853
3017865,7.6810637635375505
3017866,5.0405708874738
3017867,0.11155831259940459
3017868,87.48455367003753
3017869,0.1418173966793647
3017870,3.01442038036921
3017871,0.4710803138275436
3017872,47.718470403802606
3017873,0.50832088005853
3017874,143.460449973733
3017875,71.68908754426985
3017876,0.5886261347391674
3017877,0.7362192040215053
3017878,66.47769280864843
3017879,16.430056548404156
3017880,312.88602413688517
3017881,0.5253390703903708
3017882,0.47302381573060326
3017883,3.5622432790173395
3017884,0.12538959043472148
3017885,0.5369422443862788
3017886,3069.7503651053926
3017887,0.13006405700941587
3017888,501.0840338284378
3017889,9.676389320320315
3017890,811.3069098880194
3017891,519.5901535692901
3017892,225.08872780522347
3017893,110.25052724313677
3017894,109.8541966549542
3017895,3328.654979103346
3017896,7.767536903301104
3017897,0.29552836442235614
3017898,19.999278645735686
3017899,9.054858027654552
3017900,0.1454622425854584
3017901,210.23176380863546
3017902,0.19427739611628742
3017903,25.021307725054214
3017904,2.5664316476915867
3017905,80.00511932286643
3017906,0.8890989064931951
3017907,193.01884640674004
3017908,192.7699755533784
3017909,2.2325467262650167
3017910,2.217137641077503
3017911,132.60628200340608
3017912,42.823943762650124
3017913,1126.2552562407986
3017914,0.8273873127022732
3017915,0.6198919258147337
3017916,3.086257122571859
3017917,0.21732925004209186
3017918,6.9459907481775645
3017919,2592.1093751677554
3017920,0.22178769787236954
3017921,480.7594111678756
3017922,7.5845087986566435
3017923,816.9901335634268
3017924,831.0049678093126
3017925,172.9218830939774
3017926,130.31138347921555
3017927,123.76944887720803
3017928,3339.751221288679
3017929,51.330160694393626
3017930,1.402830833001781
3017931,28.609100054376874
3017932,25.63892719518499
3017933,0.2797750778150716
3017934,216.83778748751956
3017935,18.549196766213893
3017936,24.01283681773119
3017937,1.7903556059732575
3017938,149.79396372495037
3017939,8.749354983267192
3017940,325.87937455129907
3017941,223.56468579765803
3017942,11.678087284971616
3017943,12.443035035403081
3017944,290.28791397104385
3017945,80.65608521259054
3017946,2458.4795654743507
3017947,6.4001813510539645
3017948,13.703070180546288
3017949,4.795835137995016
3017950,0.16598728100409332
3017951,6.121708688487506
3017952,2117.8655171059904
3017953,0.18443509781642276
3017954,379.58502123807625
3017955,12.05408370338025
3017956,814.1018781525672
3017957,741.7986216983176
3017958,157.77986344762843
3017959,88.91028323423035
3017960,115.57089758573035
3017961,3257.9875853316294
3017962,23.316173927876243
3017963,0.7126273006616397
3017964,34.32827080368219
3017965,25.560274547113547
3017966,0.19780809245855743
3017967,287.98136145853783
3017968,16.452115212709977
3017969,16.048289125288
3017970,7.30049042468104
3017971,143.48611416133323
3017972,12.012701575147133
3017973,214.0541087229257
3017974,312.0060413217412
3017975,6.7700377676439185
3017976,8.618085549839522
3017977,183.51072761506907
3017978,87.21464569555324
3017979,1872.212851858693
3017980,1.451750780516823
3017981,16.567955979276306
3017982,7.057200203532545
3017983,0.2515661061629773
3017984,3.0159430816959083
3017985,2958.2702132247464
3017986,0.2148289488042574
3017987,597.8949462886327
3017988,5.17302010297756
3017989,1235.1502783454607
3017990,558.8450980702104
3017991,180.6934173142214
3017992,294.28519094981965
3017993,66.08750633092727
3017994,4567.678791804386
3017995,27.08055138541383
3017996,1.2136992615497282
3017997,21.146670873201465
3017998,16.814778292995957
3017999,0.26203173120872647
3018000,267.17020409569557
3018001,3.4789330659558555
3018002,13.936182418954184
3018003,6.9974005780512
3018004,81.97858377827683
3018005,2.9578732587847942
3018006,145.43598371865704
3018007,249.0996072780757
3018008,6.004577737131202
3018009,8.814410043332265
3018010,290.54615615865436
3018011,57.431647179918066
3018012,1391.4937030177623
3018013,8.429396577689804
3018014,9.926818398036678
3018015,3.2947960539314995
3018016,0.2606903643262313
3018017,4.437356342630947
3018018,2154.23404602818
3018019,0.165586617069419
3018020,316.1119003965996
3018021,7.63963774570931
3018022,709.5596704899342
3018023,665.0391153622616
3018024,212.83239740776517
3018025,131.07013051371754
3018026,95.61178359622754
3018027,2990.021823502941
3018028,23.76370654265866
3018029,0.9064409187481673
3018030,14.03815260834674
3018031,10.857416666063754
3018032,0.25292084578620655
3018033,181.0124174097416
3018034,13.868618152190992
3018035,23.45226495445838
3018036,1.7539414674412113
3018037,145.5589094375657
3018038,6.757323594199754
3018039,528.4417933444231
3018040,201.58963398395812
3018041,4.736039941178389
3018042,7.289816208143523
3018043,456.81611176218354
3018044,49.06041706561374
3018045,1901.5602731023555
3018046,1.5384901949591157
3018047,28.33950457809411
3018048,2.521711169590171
3018049,0.17841753289376183
3018050,1.800359399762193
3018051,4450.412108120549
3018052,0.15285694829912858
3018053,356.0850528348477
3018054,8.288901147494004
3018055,1543.200216190394
3018056,492.69258923892767
3018057,290.5523719139136
3018058,152.76607551121677
3018059,67.07472177661654
3018060,5243.710934668738
3018061,9.269861332317346
3018062,1.3983510490518636
3018063,22.38296815193247
3018064,19.589977369807826
3018065,0.16933377287647855
3018066,285.1134143376252
3018067,0.24461167089336483
3018068,0.6848360806690891
3018069,6.594197886378499
3018070,40.136136617808994
3018071,1.5519830827103707
3018072,123.76317008537507
3018073,249.11152150463533
3018074,2.5871845093896386
3018075,8.57634513594944
3018076,228.39167668162065
3018077,51.30963787599035
3018078,949.2621962638964
3018079,1.0264225737564208
3018080,2.929908604157426
3018081,5.622431068308781
3018082,0.2013954063948207
3018083,6.083890806384463
3018084,2195.60932185208
3018085,0.18414672036639967
3018086,448.192895953508
3018087,11.537037010275007
3018088,921.0162510018656
3018089,668.7413848639212
3018090,242.89769760527514
3018091,139.6719200037099
3018092,157.10947350185864
3018093,3502.517638140211
3018094,36.60915180806307
3018095,0.8750549808787209
3018096,20.76398859103731
3018097,27.560880437431276
3018098,0.20453897767724027
3018099,226.33140283231617
3018100,14.738663804161389
3018101,20.97479952963265
3018102,6.176000028718678
3018103,135.71809419055938
3018104,10.349174268322843
3018105,362.23884854275286
3018106,263.95656294991466
3018107,12.59174234390165
3018108,8.568396379880236
3018109,244.57773506266548
3018110,69.95561304000178
3018111,1962.7586089777533
3018112,1.104707479875649
3018113,6.7256279261556955
3018114,2.9677779003644917
3018115,0.22088041799795433
3018116,3.3798276339292603
3018117,2284.8977156646934
3018118,0.20233119936224123
3018119,410.76368019814674
3018120,9.804803761621848
3018121,637.3176112499322
3018122,777.4953276981566
3018123,184.4387998198774
3018124,137.78295035146107
3018125,118.38921108947946
3018126,2864.7948005046082
3018127,29.036237770476017
3018128,0.8380426534550856
3018129,19.92210397999498
3018130,19.64865898510109
3018131,0.22754500328700125
3018132,169.3387032074729
3018133,10.080596016047558
3018134,41.718822226251696
3018135,7.521625544432084
3018136,98.0435590171428
3018137,9.476420313422318
3018138,290.5006577920102
3018139,191.06128562347155
3018140,7.845292478710731
3018141,6.9220767095518525
3018142,269.994579601856
3018143,50.81195330804983
3018144,2197.022215868213
3018145,1.6141923818621149
3018146,15.642215055852775
3018147,5.288974272353301
3018148,0.15214678142155863
3018149,2.8230109647892507
3018150,4635.446299657795
3018151,0.13591972937833047
3018152,556.410553876494
3018153,19.899610924452038
3018154,1234.2265969577943
3018155,643.3828644893632
3018156,302.3522167675813
3018157,197.57459764712985
3018158,93.14677433385235
3018159,4623.4726997916305
3018160,11.46869540788202
3018161,0.2683947675030789
3018162,15.8882404537632
3018163,22.776844235668154
3018164,0.14780306719143996
3018165,253.36892705863522
3018166,0.24349731758590548
3018167,7.715962561828525
3018168,1.3622414742739593
3018169,96.69037726807241
3018170,2.3778059106472123
3018171,209.81608243152266
3018172,289.00704074975437
3018173,2.814411008600724
3018174,1.6034697303860928
3018175,324.1618277179774
3018176,137.17299360553855
3018177,1343.8035275037025
3018178,1.623275208641921
3018179,0.39268414443721333
3018180,12.87556621085774
3018181,0.4574867050905457
3018182,15.422780594887286
3018183,9986.355169260903
3018184,0.43841906644051326
3018185,1600.6579208603591
3018186,26.359819273180683
3018187,2261.0171552681495
3018188,2365.0974365585007
3018189,632.4690779796191
3018190,655.3485900644453
3018191,473.3354077579049
3018192,10137.516611884115
3018193,85.1169383308794
3018194,3.0854927096487943
3018195,97.54003056596778
3018196,113.67012678622167
3018197,0.6801090302098853
3018198,647.3505655794272
3018199,35.61260440741213
3018200,29.557590197401296
3018201,46.77300738012838
3018202,507.9740928095547
3018203,26.428699703565428
3018204,1520.161502488962
3018205,613.3692125207087
3018206,37.17736916393989
3018207,35.289312586088386
3018208,1601.0952162516726
3018209,286.32359521322314
3018210,9153.450517677546
3018211,1048.029501112392
3018212,125.18162865326272
3018213,14.384161640657618
3018214,0.41243304282922594
3018215,14.781651174470234
3018216,9809.032082563996
3018217,0.32147167950880584
3018218,1317.5224454059146
3018219,31.421888904456964
3018220,2469.168260490955
3018221,2180.5833846755786
3018222,864.5864733775227
3018223,420.8776753523723
3018224,392.0132114354646
3018225,12175.795675504673
3018226,129.90977434421092
3018227,1.147266285523305
3018228,79.2980651927186
3018229,83.88938411143113
3018230,0.7340404382017859
3018231,640.2437258938306
3018232,28.35222876460145
3018233,50.454683852526436
3018234,17.399985942724275
3018235,391.92541770885805
3018236,24.001293283406074
3018237,1991.2129154034928
3018238,746.6843246860309
3018239,22.91550151586436
3018240,32.14261243903759
3018241,1793.7956221937716
3018242,287.1645879507191
3018243,7014.60048578591
3018244,856.9161912554036
3018245,109.51010957144523
3018246,10.232809686149444
3018247,0.269226874832207
3018248,15.829017767135747
3018249,5567.594378534577
3018250,0.2382733371327504
3018251,850.3093557018249
3018252,16.37480520688058
3018253,2033.7063133550116
3018254,1394.5722678569732
3018255,903.741724095815
3018256,146.25388613429206
3018257,270.6843007897587
3018258,8314.406767857188
3018259,43.651204311839145
3018260,2.2436794686742103
3018261,41.19399609439718
3018262,26.425629983242736
3018263,0.49669135909798884
3018264,579.4385419982656
3018265,26.704930140686205
3018266,28.111880373567857
3018267,10.827978559138813
3018268,203.028945018411
3018269,10.599045914582742
3018270,1672.6559445404373
3018271,655.9047909235024
3018272,21.372048665770965
3018273,42.98698661028495
3018274,1007.4312859892984
3018275,147.0058478657827
3018276,2534.236228219494
3018277,559.486398765763
3018278,53.870606404167006
3018279,13.008943512375781
3018280,0.2887862173511969
3018281,19.222562378789565
3018282,8170.663379213492
3018283,0.26782017218352655
3018284,1178.7282372212942
3018285,24.496747609562878
3018286,2072.6418009110757
3018287,1914.855321100551
3018288,780.8746756552267
3018289,366.1921928242718
3018290,260.27876603455354
3018291,9506.66944061297
3018292,60.60355888741939
3018293,1.0723283386496227
3018294,60.33235521100779
3018295,76.57942217289755
3018296,0.6847784861437908
3018297,586.0830176378744
3018298,28.37986611871589
3018299,37.0427085312842
3018300,21.308686846306607
3018301,371.4896406506673
3018302,16.3276771847082
3018303,1549.9491177173718
3018304,701.5564982295233
3018305,21.267071722287742
3018306,26.790512821916302
3018307,1450.2201161530672
3018308,224.46485602368227
3018309,5430.797135312031
3018310,963.4249241784687
3018311,85.06546608693937
3018312,10.309306208483552
3018313,0.22717667044232
3018314,16.090861966795533
3018315,4398.338794831439
3018316,0.18166432995699375
3018317,777.0271852722472
3018318,15.745303324798824
3018319,1797.1045686283571
3018320,1152.1275181196659
3018321,685.3961203305689
3018322,110.52037438899563
3018323,179.83725325660492
3018324,7234.686430814524
3018325,46.903557745028124
3018326,0.4121054595241447
3018327,30.506946325974937
3018328,31.619484516470425
3018329,0.24190900703926108
3018330,510.02226562478097
3018331,25.318343852723288
3018332,12.926208204524318
3018333,9.763782027812198
3018334,193.84446850857992
3018335,5.523210828490296
3018336,1400.1666061057217
3018337,664.4015894641512
3018338,15.476959094366627
3018339,23.04656508852664
3018340,1091.4824229184453
3018341,91.1058313146828
3018342,1813.4943774956157
3018343,686.5546570548532
3018344,29.45289686578345
3018345,11.323483663383632
3018346,0.31307736084146787
3018347,11.350445587302683
3018348,6848.847354133218
3018349,0.29348127568911875
3018350,1236.1140204957594
3018351,27.966220346217316
3018352,1661.2828604635774
3018353,2053.5940678685433
3018354,539.2553977606807
3018355,496.331731685558
3018356,368.2433126283994
3018357,8061.731965167243
3018358,78.62921725767787
3018359,1.0726447246452107
3018360,55.242535990596586
3018361,55.054330587153764
3018362,0.5410731222404911
3018363,462.1429779304775
3018364,21.743717714443278
3018365,38.68687427622449
3018366,12.504959022940671
3018367,399.6845431657125
3018368,18.793005972027455
3018369,1467.716252415265
3018370,503.74219037412195
3018371,16.4945664710097
3018372,28.89289041644655
3018373,1419.7136777449116
3018374,236.12545617631517
3018375,7012.0530936676205
3018376,394.3040124690645
3018377,101.50818284795255
3018378,4.916254792671882
3018379,0.23368728061405358
3018380,4.754375904389118
3018381,1644.368933719491
3018382,0.3212188491724555
3018383,309.1127803427301
3018384,28.304039922906032
3018385,764.1730446819362
3018386,467.79469501115
3018387,237.93818046616988
3018388,91.4746390155271
3018389,102.38019509491048
3018390,2770.627147857709
3018391,31.99719763271016
3018392,0.8438247348551898
3018393,23.549918895876537
3018394,20.457522895243944
3018395,0.2809403963016915
3018396,177.71968908208063
3018397,9.252552761402036
3018398,9.901144218702582
3018399,7.704726058374396
3018400,95.71665797700445
3018401,7.635638224705073
3018402,290.69408074843966
3018403,190.83105527005605
3018404,2.7092893618687603
3018405,5.979322500210985
3018406,272.44886443967056
3018407,58.81037708814545
3018408,1394.4111787510155
3018409,0.9230882449097637
3018410,12.779542963178885
3018411,10.617560344551213
3018412,0.259443663048004
3018413,12.82892259620982
3018414,4375.8057192522065
3018415,0.24064799570829704
3018416,634.3243737777207
3018417,38.755559073584266
3018418,1588.761944952048
3018419,1103.7707953099675
3018420,549.3740580297881
3018421,111.48952642814345
3018422,164.3476423813526
3018423,7009.721257416907
3018424,84.6466767297071
3018425,0.9698665796098472
3018426,59.13233776487234
3018427,35.814910492079946
3018428,0.29485609814169933
3018429,405.6300381650723
3018430,21.854782267089693
3018431,9.482559816457291
3018432,3.217808133421911
3018433,204.37649199344426
3018434,9.161689999990866
3018435,842.8863327253658
3018436,513.9989649478912
3018437,12.519112526223672
3018438,20.80680658147665
3018439,552.5056737236041
3018440,95.0398300155004
3018441,2116.068216012697
3018442,629.3587018204427
3018443,23.271786986085075
3018444,7.112552839361249
3018445,0.27745416283753344
3018446,3.9974978288932626
3018447,4579.311535100414
3018448,0.2605412418124516
3018449,893.2186187440839
3018450,10.310078678824976
3018451,1374.8029008892581
3018452,1619.7976378162523
3018453,350.36241244744673
3018454,421.44138460370374
3018455,322.6239426514626
3018456,5142.756023736423
3018457,45.14324535994001
3018458,1.1163774748844217
3018459,31.096013992267682
3018460,36.509651041817435
3018461,0.3083699004624103
3018462,314.32334891291305
3018463,1.797513485663097
3018464,55.67160649430321
3018465,4.360592119226116
3018466,258.8016312844814
3018467,9.910732758048258
3018468,1149.480983369671
3018469,287.01953435481744
3018470,22.884236079015132
3018471,9.12066756679373
3018472,1904.1920985827915
3018473,142.36803498155055
3018474,5555.962202346333
3018475,2.686627264521692
3018476,61.904710116941416
3018477,8.62531625638304
3018478,0.2905803631385447
3018479,7.0940670541761275
3018480,4870.522745055236
3018481,0.2999729005866972
3018482,1035.8763240760127
3018483,15.965010787823239
3018484,1716.067897811586
3018485,1341.1304928040706
3018486,463.330612792326
3018487,270.9941222965648
3018488,451.0059167546737
3018489,6663.01338296955
3018490,58.02691062707737
3018491,2.5342343806695595
3018492,58.18027695893736
3018493,51.476865790926105
3018494,0.34232279397741794
3018495,416.78185324248153
3018496,6.484512933806118
3018497,68.91748663744467
3018498,8.217997598801379
3018499,406.9726555411188
3018500,10.382620234577926
3018501,975.3723986046284
3018502,382.9277803878783
3018503,15.052913958307364
3018504,28.330057806052352
3018505,749.9898871481116
3018506,167.71267363281694
3018507,5195.717255521802
3018508,3.6150554766112153
3018509,10.223185181772216
3018510,6.53415528193545
3018511,0.18227841640814357
3018512,3.27892008215259
3018513,2066.8202877589406
3018514,0.16447792006184772
3018515,447.055361562231
3018516,7.118914320739123
3018517,883.0860341457341
3018518,475.57879951185316
3018519,240.48181105557643
3018520,95.35295819969475
3018521,142.5719720988255
3018522,2891.6587467914032
3018523,13.8415839389487
3018524,0.8868584392243439
3018525,24.104211609918547
3018526,20.005558281180534
3018527,0.18776158489276926
3018528,179.03132051633966
3018529,3.7125815758468153
3018530,12.79529643286376
3018531,4.9931623954463324
3018532,121.63606686380187
3018533,3.0161075894488456
3018534,432.2803112925588
3018535,180.67846346696643
3018536,3.8752743838901575
3018537,4.8523261109957385
3018538,233.7461270179325
3018539,62.35491434588248
3018540,1876.0833408221888
3018541,1.4452286068433562
3018542,4.283324483204695
3018543,5.039016729654799
3018544,0.1466682224637134
3018545,0.7512973757275372
3018546,2465.3570768195464
3018547,0.10894938090294566
3018548,162.8728831448498
3018549,4.087695329625757
3018550,814.0594091622148
3018551,204.2986478676871
3018552,194.71552826229873
3018553,61.53956955953781
3018554,28.567960606309452
3018555,2625.8711922158673
3018556,7.014310980503844
3018557,0.4865095364365146
3018558,12.682167968862567
3018559,7.3719101598815895
3018560,0.11327529207648318
3018561,163.06478619496215
3018562,0.15901528317065558
3018563,3.1570394033640152
3018564,3.077699630819194
3018565,32.00298245951802
3018566,0.7239497446387806
3018567,44.68955439983495
3018568,146.22249965482257
3018569,0.15399090866427226
3018570,1.2066834108672164
3018571,62.37207258144197
3018572,66.58510471195693
3018573,504.95052989626737
3018574,0.6474419129677157
3018575,0.7570949663879165
3018576,5.212077026724121
3018577,0.16148406902982565
3018578,5.587614487021319
3018579,3039.913783021133
3018580,0.2762609855825678
3018581,528.0695224669959
3018582,13.236033271239505
3018583,1087.8722339991557
3018584,932.0042020703337
3018585,368.848247892353
3018586,166.54064420754244
3018587,155.05044860602138
3018588,4273.318057735519
3018589,33.58845856737115
3018590,0.68502779974579
3018591,26.366743503557405
3018592,46.79841321431744
3018593,0.2974277428299959
3018594,271.0164184631429
3018595,18.714800144671184
3018596,17.74585165472016
3018597,12.437511343609714
3018598,147.93650118678138
3018599,6.9823523801421725
3018600,665.1513623650176
3018601,268.7585595950439
3018602,8.73119218626988
3018603,14.173658884100172
3018604,662.2124470314691
3018605,104.05246646097892
3018606,2344.1940237556496
3018607,11.526361076348117
3018608,51.01254897668951
3018609,3.9603836092673688
3018610,0.18269446889961805
3018611,5.472048034749101
3018612,3584.107192108991
3018613,0.20681122566070473
3018614,613.2741192959511
3018615,20.484711941139448
3018616,917.6022825450021
3018617,1199.2929111784617
3018618,211.2392293810258
3018619,262.7057480177014
3018620,235.1383503726568
3018621,3620.2373000378416
3018622,38.2821367283218
3018623,1.7829318670136327
3018624,26.047823506320572
3018625,30.933208226826874
3018626,0.5549671423384437
3018627,219.3405658441689
3018628,12.374197186126327
3018629,43.85216157014723
3018630,8.556438359020042
3018631,257.0625184112509
3018632,15.091866352933927
3018633,719.7738325658845
3018634,212.5451878863324
3018635,6.214586050317053
3018636,15.272340844185655
3018637,812.5016953050726
3018638,136.35193228953992
3018639,4157.002976332605
3018640,1.089043344934207
3018641,50.915441304694816
3018642,3.222183018739827
3018643,0.3895874598915004
3018644,10.010445168108834
3018645,4252.445776804409
3018646,0.28385881722433476
3018647,765.3914952248878
3018648,23.043425628929338
3018649,1046.7305101196162
3018650,1302.6615109913607
3018651,312.0727794921637
3018652,313.4636897422688
3018653,169.25968296544383
3018654,4558.163877319121
3018655,46.16349659113127
3018656,2.312295401348195
3018657,40.03211801355858
3018658,43.7797862974273
3018659,0.32980136424171647
3018660,310.61378988005026
3018661,25.794685169372507
3018662,36.333797593261174
3018663,21.786161587262015
3018664,222.2325014482269
3018665,18.231809630943992
3018666,660.966323565091
3018667,299.9233936832912
3018668,15.074616738653049
3018669,17.79335765384822
3018670,833.8580936453451
3018671,139.3730027719226
3018672,4065.9284018901594
3018673,1.6880712943315028
3018674,50.343333207758974
3018675,8.757461506578835
3018676,0.17974105123407907
3018677,5.910899488115505
3018678,2822.9061849666646
3018679,0.17712953315722402
3018680,389.485316354653
3018681,12.898741860567664
3018682,1299.6009835248085
3018683,654.0133383442408
3018684,569.3422942590913
3018685,127.64076420541751
3018686,94.64469482303349
3018687,5329.968604240728
3018688,9.432231984079767
3018689,0.934896631456943
3018690,34.102150027577466
3018691,32.665375293903
3018692,0.2416896060284779
3018693,308.13703149555863
3018694,6.37063401971729
3018695,3.7985329124089464
3018696,6.840313068931924
3018697,70.50063017814266
3018698,2.928208683892982
3018699,276.52252814122295
3018700,333.26026695195293
3018701,5.571288890861553
3018702,5.943245713429043
3018703,453.7805526018969
3018704,88.52608471822658
3018705,1237.2510469573565
3018706,131.95532755115622
3018707,11.237446614186625
3018708,4.310110716288796
3018709,0.2472514635747795
3018710,4.191937070146032
3018711,2005.7827666614373
3018712,0.24629848996866605
3018713,271.46573372641325
3018714,9.001310774890976
3018715,481.41641518962814
3018716,590.6386911554838
3018717,114.6591305320786
3018718,123.8663186790158
3018719,115.86612048551375
3018720,2192.572246340988
3018721,15.910603973728403
3018722,1.0690960750229384
3018723,15.529156794567632
3018724,24.463447113365365
3018725,0.26575747746720446
3018726,145.97336210655303
3018727,12.057305212421726
3018728,12.979395032190807
3018729,5.631942224082696
3018730,115.75846806112902
3018731,6.340448421507681
3018732,235.31880137545159
3018733,153.84771638995184
3018734,3.688744850822706
3018735,7.728855367031201
3018736,224.24736015399077
3018737,52.62783192281739
3018738,2147.5114187051317
3018739,5.6132987629809366
3018740,20.599843020687143
3018741,1.5455557697252948
3018742,0.1600495101467907
3018743,1.8432677992676614
3018744,1610.0254032619362
3018745,0.14698050481168393
3018746,111.98118377239928
3018747,5.789248773509463
3018748,844.8858585531697
3018749,298.62980989299064
3018750,269.5590848514451
3018751,42.95374864929967
3018752,47.95329239335982
3018753,3028.743813379295
3018754,6.300802272946793
3018755,0.32432155291051273
3018756,10.254672095998965
3018757,10.69844280416522
3018758,0.13908693813471204
3018759,185.99195667825987
3018760,4.045946668815528
3018761,3.4422780127484875
3018762,1.7286173367368292
3018763,28.177184915810965
3018764,0.30219381347458607
3018765,169.48388386768053
3018766,188.50050900178903
3018767,0.7487494122939633
3018768,4.1223650282881295
3018769,135.3298963590705
3018770,32.34111168185349
3018771,230.29496826718196
3018772,11.445899567131617
3018773,1.9550263783949149
3018774,7.874297429378741
3018775,0.22098788765394747
3018776,4.82734096324587
3018777,4618.587707786595
3018778,0.21888239507436721
3018779,627.8111201424341
3018780,18.077606378577908
3018781,1706.199364230856
3018782,590.3129451529348
3018783,448.3287899046198
3018784,207.06601004391953
3018785,108.1372021078187
3018786,6626.87925638263
3018787,29.150391772385866
3018788,0.6886681765629211
3018789,30.968663276441145
3018790,21.571146581866266
3018791,0.26665045999940684
3018792,425.0156800060005
3018793,9.548630228490243
3018794,2.9185394922991503
3018795,9.12197882134162
3018796,76.29734097635519
3018797,2.095859044217519
3018798,553.8026092229602
3018799,358.47478506757113
3018800,2.500656687257822
3018801,16.523180998894237
3018802,368.19265778413
3018803,92.77715772570643
3018804,1284.261763734067
3018805,35.6860419152227
3018806,12.35940876668447
3018807,5.799199504938442
3018808,0.1819833042039758
3018809,0.9851992870821072
3018810,1895.90767025916
3018811,0.17030134130174523
3018812,187.3833354661101
3018813,11.12281477662003
3018814,854.8274603608415
3018815,380.4484665125345
3018816,207.33106812561763
3018817,57.559619577506055
3018818,54.07945706622581
3018819,3018.451262768541
3018820,9.272484390402166
3018821,0.3414087095073353
3018822,16.048661372586345
3018823,21.733423519969378
3018824,0.17230757137868583
3018825,170.41147081047083
3018826,7.6908066141282525
3018827,6.62268450355192
3018828,13.06401211170415
3018829,74.80064270040738
3018830,1.290727505849282
3018831,144.04468596600626
3018832,184.7032019530839
3018833,1.2874065503840353
3018834,7.431476037707972
3018835,145.1649930378812
3018836,30.939030587585776
3018837,351.2855404378204
3018838,7.236156626529316
3018839,3.8612730047041355
3018840,5.445652487987485
3018841,0.15230229419467778
3018842,4.887889844732481
3018843,1945.4516281488168
3018844,0.1409694264312685
3018845,134.1193346426147
3018846,10.859015942532432
3018847,865.7284023618155
3018848,341.53829835432373
3018849,193.75740795641124
3018850,41.56046153413717
3018851,50.53291384218184
3018852,3277.6304602872215
3018853,15.488961895130187
3018854,0.20165981771264546
3018855,18.20763712939643
3018856,12.268713764103365
3018857,0.13745537147541279
3018858,187.75887880223613
3018859,1.1335693468964532
3018860,4.878030469703746
3018861,2.4311830506544556
3018862,77.88297925829934
3018863,0.7852475025624545
3018864,179.73505815427058
3018865,223.6499988896111
3018866,0.5830180976511327
3018867,5.3620887735776614
3018868,119.99213506391098
3018869,20.590591770066396
3018870,207.33605692646918
3018871,9.730843146512482
3018872,3.3488270517268233
3018873,4.6945114581731
3018874,0.18552637356418186
3018875,3.1576125294240387
3018876,1905.9911940367103
3018877,0.18393320619620204
3018878,189.18991525398798
3018879,12.261471167911179
3018880,1210.572897007475
3018881,471.0388255629583
3018882,287.4245851724259
3018883,40.32303072330393
3018884,71.90562918964619
3018885,3853.3991459839895
3018886,6.256902324550851
3018887,0.34151336039293456
3018888,12.214077486031284
3018889,26.135264765589163
3018890,0.19731146853058257
3018891,275.9527028509246
3018892,1.0384054849060866
3018893,8.200066578847935
3018894,3.07449184679062
3018895,32.244304593106996
3018896,2.0754543342428144
3018897,340.76838692777545
3018898,326.0883825171686
3018899,1.1592647117322943
3018900,5.759312992518516
3018901,146.77802132895152
3018902,105.32887482841389
3018903,457.0054287082298
3018904,9.074848277833034
3018905,6.910292280642658
3018906,4.046820253655626
3018907,0.5228599120828642
3018908,2.584647878153698
3018909,1718.4408861363543
3018910,0.1792066117678079
3018911,160.2773341772927
3018912,3.949522080022599
3018913,854.3225559513337
3018914,299.76959732018844
3018915,232.2228111606227
3018916,82.36404570238965
3018917,80.76032116594466
3018918,2694.0273546290855
3018919,6.721323319881254
3018920,1.011788246680366
3018921,13.54496749598316
3018922,18.195787913900936
3018923,0.15174188585290768
3018924,211.90324832260856
3018925,6.230980630255966
3018926,8.118339805466452
3018927,3.4545199983390047
3018928,40.87537466922972
3018929,1.5482528226334518
3018930,106.42854753454198
3018931,175.02430408008325
3018932,0.8553010879676027
3018933,4.6414546056419645
3018934,97.31141047737061
3018935,43.99873553896255
3018936,538.9524830479036
3018937,11.46128094946574
3018938,3.1642296446440215
3018939,5.19740203224423
3018940,0.1468359796826118
3018941,0.9908739709665039
3018942,1433.4799097637772
3018943,0.12468844035874875
3018944,148.62560051689653
3018945,6.568629415206136
3018946,781.903910721058
3018947,250.4689530221766
3018948,143.61855613622666
3018949,113.26937528583196
3018950,59.438441764377814
3018951,2174.9241418921415
3018952,4.309211836864072
3018953,0.20839587978712934
3018954,13.24895818292762
3018955,13.094698099335067
3018956,0.13080757103534088
3018957,161.6788895283646
3018958,0.237440233716223
3018959,3.5570733108315125
3018960,2.71386301009846
3018961,55.3811960835902
3018962,1.2013368274223093
3018963,44.02193199245805
3018964,147.2222327167707
3018965,0.9079806730965585
3018966,2.657093898949225
3018967,59.841431185733214
3018968,31.864080655492288
3018969,440.12976715257344
3018970,0.06188075425443648
3018971,0.4234713307825548
3018972,9.14629386389123
3018973,0.4218089568977018
3018974,3.8792469736167545
3018975,3628.546589196993
3018976,0.24068788002430502
3018977,343.4982255563119
3018978,9.223279261355215
3018979,1278.5792610520225
3018980,760.8802621965328
3018981,557.1024428052856
3018982,174.19842104525233
3018983,179.92134093727432
3018984,5049.848365759167
3018985,22.432265613166386
3018986,1.4607600104790683
3018987,27.2054251678938
3018988,30.482137819408447
3018989,0.24981674457660946
3018990,319.09402366325577
3018991,0.7631551883519476
3018992,11.055119463905577
3018993,12.332532819365385
3018994,87.33816105304199
3018995,5.146473704524209
3018996,235.2215041102459
3018997,324.4275506924833
3018998,2.3654860813426324
3018999,10.348316470728063
3019000,409.39483354132506
3019001,70.96720191240082
3019002,1383.8883840002352
3019003,43.1096135152287
3019004,13.758314201511585
3019005,4.091121051119946
3019006,0.2980275017723643
3019007,4.995123776807755
3019008,2291.85452624045
3019009,0.21263013056148825
3019010,519.8968896590403
3019011,9.76738882131316
3019012,625.903524767008
3019013,558.8448496912945
3019014,209.79337539833725
3019015,163.80748529426413
3019016,79.50326990257778
3019017,2966.7166695665187
3019018,12.498859094832238
3019019,0.7979369696102689
3019020,23.524703739725126
3019021,22.285305592210648
3019022,0.2269638047861774
3019023,198.64858211171872
3019024,8.551391882507948
3019025,3.8637976124269766
3019026,6.719778077527266
3019027,87.11563276328684
3019028,2.0557286097225362
3019029,104.2903146766572
3019030,176.39681293612225
3019031,3.6391852434389955
3019032,8.041326278564954
3019033,187.03729308161013
3019034,53.78804131722172
3019035,1539.3870519344975
3019036,70.45147562006284
3019037,17.436912762904065
3019038,7.412179754801775
3019039,0.43729136514450995
3019040,4.494129397537663
3019041,3610.616192275247
3019042,0.25691333659004884
3019043,254.36437414642748
3019044,9.411930891390867
3019045,1327.2294761855712
3019046,478.2425223673424
3019047,412.1215540492368
3019048,65.72935107112599
3019049,66.6261590738321
3019050,4675.593363403922
3019051,18.790424034498294
3019052,1.52034430501651
3019053,17.097286781360904
3019054,18.09470321158849
3019055,0.28077907368973143
3019056,273.3842020058637
3019057,11.404059573913921
3019058,8.671517791262753
3019059,4.464806148734378
3019060,86.12317378006125
3019061,2.8051609834074696
3019062,213.12430601899996
3019063,283.09130186260575
3019064,1.613922584843076
3019065,6.667926382266511
3019066,266.0064845967714
3019067,31.285144219218285
3019068,596.007178008086
3019069,8.205268894352852
3019070,4.762920664355762
3019071,7.021699860714034
3019072,0.31450076762994356
3019073,9.179285123554893
3019074,3129.034041199923
3019075,0.28050157221420313
3019076,653.5490990605689
3019077,14.332793635064933
3019078,812.7705026198646
3019079,815.7921952457937
3019080,263.09421055544794
3019081,170.1729814206814
3019082,123.24037178863098
3019083,3867.5668984624836
3019084,36.69828897384011
3019085,1.4693167469187771
3019086,24.002693592964576
3019087,26.2330416790646
3019088,0.3273254461074896
3019089,257.50635118638525
3019090,26.23716568812658
3019091,20.16356262313109
3019092,7.581026688775963
3019093,155.04893001924066
3019094,10.58760703013607
3019095,415.0720580658003
3019096,260.66886192995696
3019097,9.129704494626942
3019098,9.680152105839577
3019099,419.55050289474855
3019100,116.31374094571797
3019101,2422.3195701575987
3019102,8.219321034693168
3019103,33.84426568069733
3019104,10.224543178897806
3019105,0.28341600182192744
3019106,7.110713538600933
3019107,5348.242678833297
3019108,0.2559014199075478
3019109,553.5832913142098
3019110,13.464235943940087
3019111,1751.6263661469545
3019112,855.0840531700557
3019113,739.6072273263869
3019114,109.07472574244925
3019115,154.69307892378148
3019116,6498.1816377917685
3019117,17.16668401814982
3019118,0.7472790428711051
3019119,22.520792051722818
3019120,21.944142154479955
3019121,0.30364975859044835
3019122,410.5499895202013
3019123,1.9440089865056975
3019124,8.089713769627984
3019125,6.833560984650293
3019126,108.83400982866937
3019127,1.8152746882424995
3019128,386.6919026459127
3019129,458.06070421520826
3019130,4.977405143499924
3019131,8.739273584520516
3019132,355.0948864144752
3019133,88.10748570181741
3019134,1171.0808598993162
3019135,53.84589221022123
3019136,20.50397039218255
3019137,12.591493676421345
3019138,0.3509167518522041
3019139,5.440298325439571
3019140,3350.3535934339266
3019141,0.273300396268258
3019142,446.64541069045043
3019143,10.217021416762801
3019144,1455.581152051081
3019145,630.9183509506571
3019146,339.21637042947106
3019147,266.17361744154016
3019148,153.346236681789
3019149,4559.001012825116
3019150,14.432529362754355
3019151,0.6080334183356537
3019152,42.357384610846026
3019153,37.59971965119849
3019154,0.32260462947727814
3019155,336.2186376007611
3019156,5.429099749283441
3019157,4.688512763630054
3019158,9.964933640717112
3019159,151.18207495348707
3019160,2.1236068245972697
3019161,121.14519955171556
3019162,295.48713888257333
3019163,2.967082603833282
3019164,7.4149280066613645
3019165,202.05915224122592
3019166,157.42959898956235
3019167,1385.9310692774604
3019168,1.8072347583664579
3019169,7.652646217980764
3019170,5.105228420023874
3019171,0.1575949126947236
3019172,1.8085316316752753
3019173,2073.6361079541207
3019174,0.16095814793040306
3019175,136.2480751956515
3019176,9.68764545213097
3019177,760.0106451830158
3019178,334.5318845201979
3019179,157.4934634488796
3019180,48.38207594990285
3019181,102.28204323483406
3019182,2751.538054095901
3019183,9.047568960651365
3019184,0.686459827974395
3019185,23.888689140907335
3019186,18.380306678539917
3019187,0.15228607554555976
3019188,186.28886646375872
3019189,0.4235765305603903
3019190,4.01616607988703
3019191,4.054319963043379
3019192,160.50306112499402
3019193,2.6752239454248885
3019194,98.00854779975145
3019195,155.84723558963807
3019196,1.265081860986221
3019197,5.312228582926011
3019198,124.24378017199287
3019199,27.856411475298543
3019200,411.8886102599281
3019201,23.461446245952157
3019202,0.8147280009118828
3019203,1.5479566185853526
3019204,0.1455489810766054
3019205,2.2934104218422684
3019206,1559.8301865792782
3019207,0.1478916401894116
3019208,234.1768779874714
3019209,11.15116252687443
3019210,486.6904608288694
3019211,448.1330297479788
3019212,132.5070434997703
3019213,45.720650431645886
3019214,69.94350776456287
3019215,2165.2275383836454
3019216,20.12347253550808
3019217,0.4253072853989943
3019218,12.895454937717256
3019219,15.896127839532769
3019220,0.1924469715198087
3019221,120.76825003016832
3019222,12.83975176744031
3019223,3.097036075075606
3019224,3.363265861566402
3019225,97.60382909834289
3019226,4.723259961410364
3019227,322.60814601014494
3019228,151.25621199895573
3019229,3.6395717670174053
3019230,4.5358985666946054
3019231,219.1044674834357
3019232,30.879339550626188
3019233,1051.9851662992185
3019234,0.6100296828449546
3019235,5.722727685673062
3019236,2.9793120054031834
3019237,0.1488280864713575
3019238,5.640849204894705
3019239,3790.0713271213745
3019240,0.18421457164699984
3019241,809.7777152676875
3019242,19.50967712802803
3019243,1190.3954494913921
3019244,1335.849596619813
3019245,313.7765559989001
3019246,238.36607102224343
3019247,200.16090384330855
3019248,4222.034933704749
3019249,41.88427361450445
3019250,0.6590005411578748
3019251,23.188585748264437
3019252,33.92284544477801
3019253,0.28956770594814735
3019254,259.87643667571746
3019255,11.534303319688714
3019256,38.184336554880645
3019257,9.854582307327693
3019258,148.78488365321178
3019259,13.651294695002356
3019260,413.2971430779234
3019261,296.08864571213667
3019262,17.37550963053027
3019263,9.722700680883099
3019264,522.3396136635182
3019265,119.64513213300906
3019266,3554.148472564023
3019267,5.165334067313032
3019268,25.281911442944068
3019269,4.756631307175781
3019270,0.4291766996744152
3019271,5.404376917228695
3019272,4029.7818221300563
3019273,0.5688813846682595
3019274,674.9650475836628
3019275,14.615142792392653
3019276,789.9273868120955
3019277,1032.7301211880724
3019278,265.89458408039667
3019279,218.78882397742547
3019280,266.07952132578845
3019281,3567.1384797050405
3019282,39.70395945309813
3019283,1.714591808586236
3019284,25.653891073291987
3019285,26.090018676081232
3019286,0.5750934381934717
3019287,172.29826810381238
3019288,1.297913040110585
3019289,39.091158518963795
3019290,8.061218619961224
3019291,628.1213524878112
3019292,15.770468273907081
3019293,330.924850348832
3019294,181.79907987886665
3019295,7.885340241810089
3019296,11.525239585910859
3019297,293.2037330645474
3019298,64.93074063691873
3019299,2944.3439156356826
3019300,1.9961162221222886
3019301,6.856856912323251
3019302,3.943251732371139
3019303,0.13514433695459419
3019304,0.4665111234208011
3019305,936.0792350947592
3019306,0.1383252934619505
3019307,235.89024176022178
3019308,6.974499121227282
3019309,344.3277458855047
3019310,270.4246379412699
3019311,94.81137183455952
3019312,38.45907172343968
3019313,37.478257697291724
3019314,1645.1407696364413
3019315,5.00317061001884
3019316,0.43521080440376797
3019317,11.081642991289147
3019318,9.867470174195738
3019319,0.1913067201435225
3019320,88.3213241767265
3019321,0.2145466810395472
3019322,7.14443921950569
3019323,1.2024207517453056
3019324,50.43421594632297
3019325,0.1997039087042548
3019326,259.20968050342134
3019327,130.86729662505815
3019328,2.3869410900253136
3019329,1.5607748343057686
3019330,156.35523901228402
3019331,23.12415629735105
3019332,482.5852924645227
3019333,0.8712809636405717
3019334,2.299544305363658
3019335,8.650143065102293
3019336,0.21606448888354723
3019337,3.981202097698581
3019338,3754.865085649017
3019339,0.2787784281214606
3019340,668.8037703843211
3019341,22.974683739536708
3019342,943.3663309500898
3019343,1094.3240967893018
3019344,330.47649897992585
3019345,262.42018069703704
3019346,232.46011301385727
3019347,4321.736429292047
3019348,35.77877909019308
3019349,2.752664813218371
3019350,21.318452118313576
3019351,35.84941961810982
3019352,0.3098733204663012
3019353,249.92825812785222
3019354,10.882408829605474
3019355,54.77925416952912
3019356,12.04166073832854
3019357,409.6324163753146
3019358,4.887074457179332
3019359,330.41030840240956
3019360,266.66943895533103
3019361,12.235485613908955
3019362,11.756250692625748
3019363,404.4183767241731
3019364,90.84279503122619
3019365,2984.074347307353
3019366,1.5674722399450858
3019367,18.184416136672017
3019368,6.293120352743019
3019369,0.2107016725717077
3019370,2.9880752752167963
3019371,3985.956765693546
3019372,0.2124002252799697
3019373,700.9008266176847
3019374,21.669729215835144
3019375,1404.508946994507
3019376,955.7840363738514
3019377,386.3408741542183
3019378,231.05966129907816
3019379,119.57006876636953
3019380,5596.026922955557
3019381,19.49858543782997
3019382,0.812841166350179
3019383,35.88936984360806
3019384,24.97472156664467
3019385,0.6591672876615199
3019386,311.82892225598283
3019387,0.3423556228295998
3019388,7.143944347552671
3019389,5.549798386947028
3019390,129.34784220984957
3019391,1.3787747639987764
3019392,210.16854865918918
3019393,317.2252215428026
3019394,5.747237534485279
3019395,5.8158814897314715
3019396,262.4694297040128
3019397,80.63366872052414
3019398,1759.683118286588
3019399,1.7919512657651901
3019400,6.625727096916609
3019401,7.639935782150088
3019402,0.371934164553286
3019403,3.415662760831423
3019404,3406.6257329534023
3019405,0.21164651946025015
3019406,717.4709544040921
3019407,17.146350296329203
3019408,1110.7655352225452
3019409,760.2280234189199
3019410,278.90534113722276
3019411,212.9146518115567
3019412,167.13972369824535
3019413,4271.956495278106
3019414,20.146545763195082
3019415,1.4237819692823745
3019416,27.998264078395007
3019417,24.996758283504853
3019418,0.21765717615627972
3019419,271.17642434639646
3019420,0.326955242087725
3019421,8.639519865244859
3019422,6.476288218956759
3019423,199.23868093960274
3019424,1.4796182399216784
3019425,111.01382885311737
3019426,270.1461071811193
3019427,5.114245508121758
3019428,5.608364199439051
3019429,200.53601984915463
3019430,75.07127788088377
3019431,1232.148961467537
3019432,1.860588256643534
3019433,7.625338874101342
3019434,12.581746541999792
3019435,0.6422529774744001
3019436,18.773102477017602
3019437,9570.019198247364
3019438,0.6129366209567212
3019439,1345.7014837436695
3019440,47.802251807871514
3019441,2107.0288978238873
3019442,2382.114680865968
3019443,401.4257958099007
3019444,545.0872304721445
3019445,414.9521353187718
3019446,8889.917513068925
3019447,87.41677499082685
3019448,2.367877500193361
3019449,56.81301543853728
3019450,59.52397392967368
3019451,0.6922197274312583
3019452,607.7135517147763
3019453,53.95147848244423
3019454,67.79886842281536
3019455,27.95994511653345
3019456,392.2248533794803
3019457,36.63437518741752
3019458,784.0732829047208
3019459,652.1083535985122
3019460,25.163007969125438
3019461,32.13827104950718
3019462,1240.7935756468485
3019463,274.93956253006337
3019464,8016.302770566859
3019465,1.5314472064187084
3019466,84.15274740681683
3019467,3.083867315134442
3019468,0.20126992936093394
3019469,0.60380074031855
3019470,1729.5951824483395
3019471,0.1403699401958978
3019472,176.17212104732687
3019473,5.027335541183996
3019474,588.5384715247448
3019475,273.66975107718866
3019476,132.87603848390498
3019477,135.39834743333526
3019478,74.49983069740881
3019479,2142.47571630678
3019480,6.021216726356495
3019481,0.31587235344598485
3019482,13.672875696550085
3019483,9.64179781519613
3019484,0.14318672633093762
3019485,149.800293137418
3019486,0.6205029229859206
3019487,4.234758412446215
3019488,2.45043673182382
3019489,67.74845859082747
3019490,0.6947375283373837
3019491,69.27739033018644
3019492,90.24014633923136
3019493,1.9011742543450925
3019494,4.395496286949656
3019495,115.06622078123344
3019496,21.657107462664992
3019497,481.96728120437564
3019498,1.0035475040134154
3019499,3.429728521834847
3019500,9.63166416366087
3019501,0.1980362487375886
3019502,1.8171272141459287
3019503,3631.1385491403694
3019504,0.20010229259737566
3019505,563.8756208501569
3019506,13.114137379309339
3019507,1369.6030847982488
3019508,725.27612903214
3019509,278.31468335275144
3019510,270.0198228957065
3019511,142.96098315804315
3019512,4979.175623963417
3019513,14.584919612237892
3019514,0.42382028818020645
3019515,24.521320510501948
3019516,22.97326819945273
3019517,0.2484937043107722
3019518,301.0766864951821
3019519,0.7505038604872007
3019520,7.817356407064842
3019521,8.238735768618692
3019522,32.062177459185285
3019523,1.4506853841506697
3019524,369.03465847586915
3019525,267.7515102877025
3019526,4.285582395238819
3019527,7.746007601313314
3019528,147.42488046729312
3019529,76.63310382153708
3019530,1329.671153752525
3019531,1.677442115763773
3019532,4.4794442882012335
3019533,1.5259478564314546
3019534,0.13760284191799538
3019535,0.8400368647312416
3019536,1223.9224259860064
3019537,0.13011299356302508
3019538,118.25054980725737
3019539,4.384782872516235
3019540,762.2262617117862
3019541,177.85273695600716
3019542,83.86009871022524
3019543,138.31743207930174
3019544,26.68455231721882
3019545,2031.5475795179575
3019546,1.357922132283254
3019547,0.26493744266774377
3019548,8.837242312828549
3019549,4.835332902920275
3019550,0.1284829559503287
3019551,102.219284350241
3019552,0.16569195318192806
3019553,3.9042033654588084
3019554,0.8388757671038469
3019555,63.510346498316565
3019556,0.22822826380649236
3019557,71.37113422908459
3019558,93.3235850535891
3019559,0.5384555359587004
3019560,1.0686751302350546
3019561,59.81917358269434
3019562,11.51558121119658
3019563,230.40798558363565
3019564,0.7583990483377321
3019565,2.0528000238044846
3019566,7.15008190027487
3019567,0.14712556400686225
3019568,1.8786127764727365
3019569,2471.741040974126
3019570,0.13834034669593645
3019571,221.3016013863629
3019572,9.488685650311993
3019573,951.5220471531578
3019574,437.3024450107954
3019575,179.65246972144303
3019576,157.31121065604106
3019577,140.00698141882137
3019578,3065.74266348514
3019579,3.6149321596031836
3019580,0.4798232287033498
3019581,28.493786716879917
3019582,19.62642060645488
3019583,0.1530593956808272
3019584,257.25855158492493
3019585,0.18086304770952755
3019586,3.891509463701135
3019587,11.134687466325735
3019588,62.74524372804356
3019589,1.1335666278696224
3019590,261.8716286794718
3019591,211.37765952213277
3019592,1.522922947762041
3019593,3.874553644610281
3019594,173.20171972907616
3019595,30.158197973009113
3019596,1215.9429924375997
3019597,0.670563838557915
3019598,1.2452673373333543
3019599,3.5547882078538935
3019600,0.22643180382701114
3019601,3.408863628808879
3019602,2905.5089264786193
3019603,0.21961766953974735
3019604,692.487461049775
3019605,10.742134682864506
3019606,942.4610413827414
3019607,599.5688804105935
3019608,223.35514420485046
3019609,99.8623738455831
3019610,73.04993235268867
3019611,4460.658040087957
3019612,9.776555669827458
3019613,2.4869659900167203
3019614,29.37309697225714
3019615,42.22193793400752
3019616,0.29883019861647214
3019617,206.04783402811262
3019618,1.9392516164945017
3019619,6.775664141640851
3019620,3.11024670723366
3019621,60.113764575207796
3019622,2.2997220763129476
3019623,155.51007032764477
3019624,295.70972463838825
3019625,3.1248794474128543
3019626,6.726305354437786
3019627,139.57605623321092
3019628,30.93857146715054
3019629,613.5598332611394
3019630,3.1059899255001278
3019631,3.845929253100401
3019632,4.425563283531425
3019633,0.13688886926652188
3019634,0.5036885222055119
3019635,1961.9193192484743
3019636,0.12940372162667996
3019637,104.91354035586079
3019638,2.939334955475795
3019639,543.3501837396666
3019640,226.71228806366406
3019641,109.15137344514535
3019642,171.60938645089828
3019643,90.14852222341979
3019644,2410.965029781115
3019645,6.888893406668919
3019646,0.47044322997393584
3019647,11.542579870071382
3019648,7.656762789768696
3019649,0.14073783730406123
3019650,111.98329858529242
3019651,0.1760258740229341
3019652,3.880118142916709
3019653,0.6875582981591013
3019654,126.33343565057318
3019655,0.6085034961248331
3019656,161.9102735131508
3019657,95.75235044916498
3019658,0.8590874647556475
3019659,0.9878068439997723
3019660,61.126919328629036
3019661,22.37917988003694
3019662,404.3845902001983
3019663,0.485350299282793
3019664,0.4380989804251809
3019665,4.802816943010662
3019666,0.1489611321510405
3019667,1.4895762926758678
3019668,3487.1651980867923
3019669,0.15146677375755385
3019670,499.1951005017292
3019671,12.612256358787116
3019672,901.8784467161914
3019673,571.1067692552971
3019674,209.4918836781029
3019675,143.82986216904405
3019676,173.7515254484125
3019677,3785.3986853316815
3019678,8.188085411956664
3019679,0.32631819359853254
3019680,24.929980063852135
3019681,12.716020776237775
3019682,0.1636486959955243
3019683,223.55936765388495
3019684,0.2132569147065891
3019685,28.403322814442795
3019686,2.9426969937564658
3019687,125.9205560687389
3019688,1.0898371992242846
3019689,205.55411896846994
3019690,229.70657516732606
3019691,2.775548873466131
3019692,3.059711642122502
3019693,115.27060020588098
3019694,46.63286276664752
3019695,1316.8450828337527
3019696,0.9897005572222437
3019697,2.9656233161764294
3019698,3.52548440347234
3019699,0.21658201056781642
3019700,9.23073918320276
3019701,2794.602094541285
3019702,0.19621048859564452
3019703,492.56988816363975
3019704,9.279427608496054
3019705,842.5846639071461
3019706,821.6109576911869
3019707,146.93573563357057
3019708,122.4524510353767
3019709,115.41998589991564
3019710,3588.486595321895
3019711,48.45585922914771
3019712,1.6358044192090828
3019713,28.73315029778368
3019714,29.258145066392654
3019715,0.24690918948166488
3019716,245.32217503311117
3019717,23.75145570568066
3019718,20.477105500035492
3019719,2.152857572116744
3019720,151.72152073931437
3019721,11.937034454508295
3019722,217.45597789653098
3019723,264.33803373371916
3019724,13.46850217503446
3019725,13.815275578379948
3019726,263.5858915828431
3019727,61.640162491494586
3019728,2587.924033634045
3019729,4.686229420731321
3019730,10.219249544106965
3019731,7.1823241709684975
3019732,0.211960209448591
3019733,9.866070776518889
3019734,2902.570120704498
3019735,0.22043769445908995
3019736,518.2786285346787
3019737,15.939791591224335
3019738,1101.4942973687798
3019739,891.5712738033172
3019740,175.93200784131034
3019741,99.3637205084855
3019742,131.09665262022136
3019743,4226.627508240916
3019744,34.01994751615138
3019745,0.9724654083513563
3019746,41.073099408954356
3019747,39.046492996861254
3019748,0.24466691307251226
3019749,413.2042376070581
3019750,32.135461049058414
3019751,22.53335712166806
3019752,10.936345638925028
3019753,187.35228010010678
3019754,15.302687716965135
3019755,169.01784226991046
3019756,457.06549212596406
3019757,9.448926630603442
3019758,13.78223717622673
3019759,161.97912831599217
3019760,92.90003914834443
3019761,2179.6807928411667
3019762,2.185399787968922
3019763,17.997157426733907
3019764,10.539826043427125
3019765,0.23660211069101764
3019766,4.143334716112302
3019767,3882.10573251453
3019768,0.20939715123536756
3019769,710.1271999238866
3019770,8.164619106961277
3019771,1664.2832449670186
3019772,661.9646026307134
3019773,220.14957350080874
3019774,330.04683416613585
3019775,112.14762479837651
3019776,5458.44859548488
3019777,38.6448685200687
3019778,1.9450045570874372
3019779,27.33008397172679
3019780,22.894266142661156
3019781,0.26742349697558293
3019782,343.89634224764853
3019783,6.271079799750718
3019784,15.307267734605016
3019785,10.844395665704678
3019786,104.59114111008799
3019787,4.3170881326582355
3019788,177.3603550497046
3019789,304.6195226142952
3019790,8.615958524099009
3019791,11.449985375346273
3019792,263.2752782135413
3019793,59.68206812391021
3019794,1590.7628167692765
3019795,8.896881259892226
3019796,15.61718891138691
3019797,4.653531640966413
3019798,0.2884542627327471
3019799,5.219046508579404
3019800,2749.318711311417
3019801,0.1949431188764764
3019802,377.0627645794511
3019803,11.428595621515248
3019804,815.6180929822234
3019805,794.4117202351445
3019806,228.34505150644088
3019807,143.34089529666605
3019808,114.22397552008341
3019809,3614.7701779858216
3019810,30.398369765181737
3019811,1.2113501292550464
3019812,17.814727795586286
3019813,14.339731781980824
3019814,0.27395204521473593
3019815,226.8831155733251
3019816,21.25845957350189
3019817,23.10343743369258
3019818,2.493871718474586
3019819,163.23618669235034
3019820,8.318192666842885
3019821,350.3814923041966
3019822,256.22499177973265
3019823,7.563183338686893
3019824,9.886828245787546
3019825,386.2314028577561
3019826,57.388719212252504
3019827,2401.1290235390807
3019828,1.4578768531319954
3019829,25.664060755779285
3019830,3.681906560369525
3019831,0.21175401316042433
3019832,3.353603427102802
3019833,5254.944167854536
3019834,0.18163762629475053
3019835,467.9555986414512
3019836,11.885567026173497
3019837,2292.4863438337034
3019838,693.620467777266
3019839,297.410424760242
3019840,194.163660066878
3019841,113.98809045469903
3019842,7007.050057148072
3019843,11.210201318324762
3019844,1.8566414692595665
3019845,31.901808842645558
3019846,26.009381468152416
3019847,0.19780430500922597
3019848,431.99090475902665
3019849,0.2818424776125705
3019850,0.988951437628775
3019851,9.310799884005338
3019852,67.34181163797558
3019853,2.104623636829418
3019854,160.33320988171684
3019855,342.4345844342556
3019856,3.3224760154784896
3019857,11.356327448449202
3019858,179.37669976650474
3019859,61.48957934777295
3019860,1160.0625352609964
3019861,1.071983321850154
3019862,4.2214932308079565
3019863,8.739955225655628
3019864,0.24288468311726003
3019865,9.034584328399653
3019866,2977.174837041696
3019867,0.22234211303089407
3019868,596.0730731886955
3019869,14.364996601309507
3019870,1107.480036640465
3019871,825.5788274672453
3019872,270.74397836424095
3019873,156.56797465015143
3019874,214.62641388668388
3019875,4277.422321424366
3019876,51.216334428958945
3019877,1.2591902762364746
3019878,30.071291639947273
3019879,38.64184539918396
3019880,0.23823383873922244
3019881,281.7251010375795
3019882,23.260132881871407
3019883,19.870031293822226
3019884,9.62376178449969
3019885,205.39152824427714
3019886,14.325523947021027
3019887,276.1618571004279
3019888,425.9205143344962
3019889,15.05051304125398
3019890,10.226914721054326
3019891,227.58408149249652
3019892,78.11934875525746
3019893,2348.3919628404064
3019894,1.3244359893270004
3019895,6.96254911537648
3019896,4.930745382417554
3019897,0.29891653734976437
3019898,5.908453208266494
3019899,3013.318020818283
3019900,0.277775532742548
3019901,510.8393776293297
3019902,12.426005989797092
3019903,767.5866595069633
3019904,868.1581232850211
3019905,192.1962604025854
3019906,148.54419689385898
3019907,126.81819173202449
3019908,3362.827588331802
3019909,36.10662463412656
3019910,1.331960023966846
3019911,28.219717881218145
3019912,30.03326229648037
3019913,0.29956687332845316
3019914,228.66271437714812
3019915,19.520477340700733
3019916,54.73545977190762
3019917,6.703733056429073
3019918,117.26228539840132
3019919,11.872888571373101
3019920,259.5950882174879
3019921,249.84236049726815
3019922,10.40257804482495
3019923,9.94268452049809
3019924,252.33241486136438
3019925,57.350836841018086
3019926,2602.7231378018446
3019927,1.683906001475035
3019928,14.139550201674515
3019929,7.722694387111292
3019930,0.1827200560939965
3019931,4.074215618235809
3019932,5065.193716571777
3019933,0.16936085078172086
3019934,600.6082745974566
3019935,19.642909938346975
3019936,1363.924684680466
3019937,739.8981293308383
3019938,316.1037896232443
3019939,223.30030478374243
3019940,126.84432017809984
3019941,5060.49909019324
3019942,11.826103252849656
3019943,0.3005023367312839
3019944,19.5473469573417
3019945,27.653410751855038
3019946,0.17463533318307556
3019947,273.11050133063674
3019948,0.3004982869736471
3019949,9.824474857301011
3019950,2.1448106989359363
3019951,143.7554073118369
3019952,2.6446503511425217
3019953,214.08936872436118
3019954,298.5623169566747
3019955,3.562935722362953
3019956,2.3663398617644242
3019957,235.3872876764318
3019958,121.88845567493136
3019959,1278.4563835018132
3019960,1.5438502626867021
3019961,1.299375711810349
3019962,18.33496459671638
3019963,0.7822810069613276
3019964,24.641076366970832
3019965,12932.891833452157
3019966,0.546472906472525
3019967,1965.5828350831991
3019968,32.363599384125045
3019969,2903.574120287384
3019970,3038.55020714869
3019971,691.6784649172996
3019972,740.8587835541321
3019973,535.4146457443608
3019974,12976.81724545213
3019975,95.934049803247
3019976,4.2647290366363935
3019977,122.19763542397618
3019978,141.306223354517
3019979,0.8473603291893197
3019980,876.4621348090195
3019981,49.20812536640557
3019982,41.277624384601864
3019983,59.38646789317936
3019984,594.5043637819298
3019985,35.639353496113586
3019986,1083.0004303844375
3019987,813.4259689101456
3019988,52.286524962888734
3019989,44.73874095417572
3019990,1458.2791576329735
3019991,327.33676883312387
3019992,12051.273890256292
3019993,1388.4381310830117
3019994,105.75486279445634
3019995,19.33033405514709
3019996,0.5686188598047479
3019997,19.968146474028053
3019998,13018.199065341913
3019999,0.3720940298885636
3020000,1522.3235728505094
3020001,37.766265011703176
3020002,3058.894451797489
3020003,2657.1570110571556
3020004,919.4703421600758
3020005,470.30772867582846
3020006,458.43601091941105
3020007,13653.677836587249
3020008,147.69622029534318
3020009,1.7116575955985018
3020010,94.8585281669233
3020011,108.19339528609561
3020012,0.9176050509436372
3020013,857.2255480309826
3020014,45.810352821093225
3020015,51.590480811475246
3020016,23.281607664530906
3020017,451.0362464980463
3020018,28.12747624005175
3020019,1387.0592105372066
3020020,984.9777470066307
3020021,36.92305016102852
3020022,41.57020285680313
3020023,1602.3385704453547
3020024,311.84355280399916
3020025,8194.868847237687
3020026,923.2552301007146
3020027,100.92692621760025
3020028,17.927345263558152
3020029,0.45581540002387044
3020030,26.668532836157407
3020031,7790.147067610778
3020032,0.3575870954780768
3020033,1131.1777398132563
3020034,23.077457329929903
3020035,2743.055453745305
3020036,1884.5698152386217
3020037,1003.2490023669405
3020038,198.7807358879156
3020039,326.72518960457614
3020040,11598.986214437022
3020041,66.17638149420975
3020042,3.2637536586439655
3020043,58.12193493649951
3020044,37.990294011249006
3020045,0.7897185681879686
3020046,818.1241526112735
3020047,55.477305958004486
3020048,39.18744164517804
3020049,17.238387936713877
3020050,269.2404623626844
3020051,13.742949527142615
3020052,1133.955633014595
3020053,930.813877189018
3020054,33.50236814203975
3020055,62.31813894752934
3020056,945.39468785616
3020057,176.29934989460597
3020058,3492.3061734699577
3020059,908.9276993580162
3020060,64.42271219568799
3020061,18.979435114940994
3020062,0.42140253136645006
3020063,25.6335173878371
3020064,10174.809749923226
3020065,0.3397250918456613
3020066,1364.4709915169465
3020067,29.24532594796965
3020068,2625.4852181137076
3020069,2351.90020430775
3020070,782.3797100139908
3020071,407.6126184297133
3020072,328.8988584418726
3020073,12074.847971072255
3020074,59.62396520998673
3020075,1.5032275997205253
3020076,81.20457246176858
3020077,84.29585541841597
3020078,1.1332305580387265
3020079,744.2476991105699
3020080,41.12390496553249
3020081,40.10188178678696
3020082,26.34052556598186
3020083,395.886698820632
3020084,20.182036858380695
3020085,1008.4995350281418
3020086,882.4961505203562
3020087,33.222663877408706
3020088,41.436802366397536
3020089,1273.3668564850766
3020090,271.1608184555485
3020091,6369.009261889266
3020092,1287.5760077226569
3020093,78.61479064112909
3020094,16.65336296224159
3020095,0.4005666727023919
3020096,27.116025249653987
3020097,6000.376598504329
3020098,0.2755757536966805
3020099,1004.8596056099992
3020100,22.800806093605356
3020101,2383.09576377105
3020102,1502.0472619330524
3020103,746.351570089176
3020104,144.6126346308477
3020105,261.79752084608657
3020106,9331.344261237016
3020107,58.97842115748989
3020108,0.6302621719530974
3020109,39.37693512976527
3020110,42.05887924305465
3020111,0.37324740193078587
3020112,704.3250163249927
3020113,49.938706730604316
3020114,15.661815086772584
3020115,11.957823250860041
3020116,238.30057359770234
3020117,8.91334743013722
3020118,975.9656157505403
3020119,918.2286422632864
3020120,23.361400041442202
3020121,36.85398540634062
3020122,989.5285398316361
3020123,115.09949729951467
3020124,2361.672923390617
3020125,924.3319398287379
3020126,29.229726854916496
3020127,12.388654116253221
3020128,0.3361035615711761
3020129,14.643888710096013
3020130,7469.9729187661205
3020131,0.31246266575356424
3020132,1230.1277631120342
3020133,29.652665723201903
3020134,1948.0860561296968
3020135,2305.8778577707503
3020136,487.7379606262699
3020137,477.68582567575345
3020138,363.89114256930935
3020139,8255.296021448143
3020140,76.45033078974379
3020141,1.4564586456381527
3020142,49.708930252394076
3020143,59.868600109911924
3020144,0.5855768341827268
3020145,542.7537181491824
3020146,25.691109110821746
3020147,36.45932241685246
3020148,17.12473906856359
3020149,429.4367482721658
3020150,20.951040874126146
3020151,840.1554809703775
3020152,624.768220041505
3020153,24.366009945214536
3020154,37.45046952767873
3020155,1038.083341309901
3020156,228.23943195510842
3020157,7532.585576243705
3020158,434.07804120574457
3020159,76.65951353250061
3020160,6.117709395725391
3020161,0.2765587714141723
3020162,7.279079407479099
3020163,1928.5947792293575
3020164,0.3590076163917025
3020165,321.9277918529785
3020166,31.62857216391716
3020167,876.6633318816346
3020168,518.5295194221306
3020169,228.26098886137638
3020170,84.27996783755408
3020171,132.52688637963706
3020172,3044.5697616600214
3020173,36.07402009366244
3020174,1.177946838040028
3020175,30.143826614945667
3020176,21.61274146143155
3020177,0.31914704994572746
3020178,198.20197308785157
3020179,13.620315790590643
3020180,10.830330252120618
3020181,11.536873026743324
3020182,124.28602921561733
3020183,9.074840723785373
3020184,245.93630111305893
3020185,229.6198591857782
3020186,3.2008018909897475
3020187,8.16938420579124
3020188,234.6570175567246
3020189,59.76886585701632
3020190,1587.4530823670902
3020191,1.1515639173769188
3020192,7.508320342115101
3020193,14.024448631978105
3020194,0.3039153312217923
3020195,20.695847226796037
3020196,5803.854013432777
3020197,0.28097192960780903
3020198,688.4352084234475
3020199,46.494366344553406
3020200,2031.7990197450433
3020201,1369.5638185038567
3020202,585.4100585598685
3020203,139.6954899661329
3020204,204.69410494775164
3020205,7992.60373582903
3020206,94.03246977623017
3020207,1.441593967163761
3020208,67.80336168074236
3020209,46.36744026912673
3020210,0.35766303342568523
3020211,566.6060123916184
3020212,30.18626828691235
3020213,14.064515603678359
3020214,4.587787756871105
3020215,236.3336728963036
3020216,13.728736104693304
3020217,629.7742242404223
3020218,697.8089146796207
3020219,19.57194451526058
3020220,36.73502169245727
3020221,475.0188341314292
3020222,98.78515972405161
3020223,2567.4386824431103
3020224,782.7418243008606
3020225,23.35064071039292
3020226,9.261692791095328
3020227,0.30703152453038574
3020228,5.946305450801981
3020229,5144.277341979134
3020230,0.27421732846074115
3020231,953.2800899595312
3020232,12.997178218391033
3020233,1534.41924377347
3020234,1739.9380293554386
3020235,279.50364962395344
3020236,340.049187959395
3020237,345.1675736361161
3020238,5346.3343199988485
3020239,55.06388500999715
3020240,1.4468456349365926
3020241,40.324202991804725
3020242,43.4903361890588
3020243,0.3198114804066203
3020244,348.60822412628914
3020245,2.7205791737015628
3020246,54.665367737622375
3020247,5.3955074141204635
3020248,301.9434373937999
3020249,11.172802070579477
3020250,676.7325318248464
3020251,354.8407448401435
3020252,21.66013652725554
3020253,13.645166891607124
3020254,803.4748026997258
3020255,129.1713503307451
3020256,5489.855925589557
3020257,2.697062471071875
3020258,47.21698789692474
3020259,13.852738281510351
3020260,0.3150730255791242
3020261,11.16130887419941
3020262,5725.53146839639
3020263,0.29309308805800355
3020264,1087.0991431128161
3020265,17.03326412454002
3020266,1972.1519290731696
3020267,1435.0104393981144
3020268,465.22656256509947
3020269,265.8046503042913
3020270,468.2138190857479
3020271,7394.633204584878
3020272,52.992795362786154
3020273,3.5699522559380235
3020274,61.1862652292079
3020275,50.81036643001277
3020276,0.3525580174802797
3020277,472.7292181603397
3020278,11.619881525275087
3020279,75.10004675596286
3020280,10.316144398537531
3020281,458.3567632878099
3020282,13.239003281443548
3020283,568.64369814058
3020284,453.6215188833794
3020285,18.11962505381386
3020286,32.82634605292827
3020287,586.9723498660948
3020288,130.61490407909278
3020289,5369.899003250738
3020290,4.4205885277278885
3020291,8.478456499892367
3020292,9.830802480021548
3020293,0.21897944720344378
3020294,4.727100024425235
3020295,2537.992092258989
3020296,0.19455520582440952
3020297,534.8637339994539
3020298,11.004223074400283
3020299,1061.089742344196
3020300,577.2600398972961
3020301,257.1767854452205
3020302,102.86614325194935
3020303,197.63471504479793
3020304,3549.651912066701
3020305,20.394239893106352
3020306,1.2721527143145819
3020307,33.56285631635302
3020308,26.744637473416088
3020309,0.1902213343575239
3020310,232.9044278578421
3020311,6.200100997528766
3020312,16.767388326906246
3020313,7.122714220804946
3020314,200.8542259915166
3020315,4.420342586969128
3020316,323.76688184819386
3020317,276.57060809580764
3020318,5.410414801986925
3020319,6.871042414343695
3020320,217.69241190876187
3020321,77.63519516577425
3020322,2276.8575845554046
3020323,1.4651457786541093
3020324,3.289605535609773
3020325,7.3330935217338755
3020326,0.1924290690621289
3020327,1.2240053145479697
3020328,2622.3758480139436
3020329,0.14982689740464486
3020330,205.2776211567135
3020331,5.524600585873584
3020332,1095.5313954410224
3020333,242.47261538708742
3020334,217.10671934943298
3020335,62.05028917916714
3020336,52.817976986414955
3020337,3484.281984703443
3020338,10.445160470230972
3020339,0.7149623589120079
3020340,22.493214762467613
3020341,10.377571043206684
3020342,0.14035201899438093
3020343,227.37554997413935
3020344,0.1903395314710002
3020345,3.5394739515155753
3020346,4.02366100585887
3020347,48.582915525280136
3020348,1.1392631594125815
3020349,54.16525697689213
3020350,177.1108974209113
3020351,0.1825453863022759
3020352,1.9093633744239966
3020353,71.00777063306774
3020354,76.76090612233988
3020355,617.706748898234
3020356,0.891730818077978
3020357,1.9916372825504318
3020358,7.604357747717068
3020359,0.20335813973489794
3020360,7.8799806804499015
3020361,3794.714607377804
3020362,0.3205254919208916
3020363,622.4737512273067
3020364,15.581166253698493
3020365,1241.2313000866295
3020366,1051.7324718729958
3020367,371.78036108420423
3020368,199.03590523914917
3020369,179.68412304095327
3020370,5130.954817624098
3020371,43.79462009641921
3020372,0.9403717631243879
3020373,29.855664538892878
3020374,47.238757621549844
3020375,0.3368509365154471
3020376,336.9458943739491
3020377,25.864078714847214
3020378,23.8197771454273
3020379,17.588343036247203
3020380,203.3208432940493
3020381,8.99944935224543
3020382,523.6337776557093
3020383,357.2284400232042
3020384,11.409572693171928
3020385,16.529168214929733
3020386,571.5694594052229
3020387,117.20786354401658
3020388,2890.535405646673
3020389,9.773413038746748
3020390,38.33147760619984
3020391,4.333685657696196
3020392,0.1572131948255056
3020393,6.140189254213
3020394,3777.494051713995
3020395,0.16662892248785732
3020396,601.9978995997975
3020397,20.231819988426423
3020398,834.3793337604594
3020399,1190.6813971558324
3020400,171.9135910349792
3020401,242.9809898651701
3020402,221.57602673788114
3020403,3458.7335648536705
3020404,38.12764494787223
3020405,2.155428131701073
3020406,27.739917340123416
3020407,30.960573398254947
3020408,0.4887496775494377
3020409,221.42541865479453
3020410,15.304074073844648
3020411,52.21145245981229
3020412,9.144234136791393
3020413,274.0245396258563
3020414,14.010449197526128
3020415,396.5599048190513
3020416,207.46559266682254
3020417,6.665054416174868
3020418,16.195165755967253
3020419,556.2292859418739
3020420,121.85897342805288
3020421,4181.153741261964
3020422,0.8220350755983584
3020423,35.56618428396106
3020424,4.785998986843016
3020425,0.46089808071968763
3020426,14.188392395773361
3020427,5125.3283511237205
3020428,0.2976102617836066
3020429,860.1038883803799
3020430,23.219925912552206
3020431,1264.3167513991532
3020432,1545.1655150819781
3020433,317.0981402964056
3020434,366.43684528474625
3020435,198.50267342198651
3020436,5392.832856333254
3020437,44.382596457323054
3020438,3.2784105687938117
3020439,45.41633251548691
3020440,52.89898643383358
3020441,0.33823186072857664
3020442,363.48736532499504
3020443,37.9434014104002
3020444,42.72659739927145
3020445,25.019162570977123
3020446,238.82425688853024
3020447,22.764478556298894
3020448,457.67823383853874
3020449,389.8304298466044
3020450,23.87064724856445
3020451,25.634553639942016
3020452,655.3320498461982
3020453,165.69640685875413
3020454,4907.540019319893
3020455,1.470723403125382
3020456,36.156955383535724
3020457,13.30439512933579
3020458,0.2902436654827885
3020459,9.54827964439666
3020460,3997.7081335646662
3020461,0.2608980005906285
3020462,529.2016575038734
3020463,20.152622893942578
3020464,1650.6670753358853
3020465,866.8256228669197
3020466,559.9322304529486
3020467,181.36296118695864
3020468,143.90421811180752
3020469,6661.934766625911
3020470,13.822907532658455
3020471,1.4688913191006518
3020472,53.43522808869241
3020473,49.93858584782615
3020474,0.3588270911778734
3020475,446.51311289864367
3020476,10.901181713305924
3020477,6.036558410135101
3020478,10.546990665834164
3020479,119.56522324568166
3020480,3.9253241388107014
3020481,339.05968084840396
3020482,460.5902153649851
3020483,8.482954850977599
3020484,9.231122409474123
3020485,417.88069747493216
3020486,127.96029591757302
3020487,1629.5441609766347
3020488,144.8869329186204
3020489,20.641871790247887
3020490,1.8017587781705409
3020491,0.027475184278079406
3020492,2.755757967019917
3020493,1041.4655001545284
3020494,0.0
3020495,134.61968459071375
3020496,2.4381965580000657
3020497,222.02285597067606
3020498,276.09021499871307
3020499,67.28342893096976
3020500,63.57619006580002
3020501,48.30816743315665
3020502,1105.8292722108822
3020503,6.149369723642904
3020504,0.42102387355142984
3020505,5.270922784484802
3020506,6.339496655626204
3020507,0.0
3020508,77.23907050812774
3020509,5.844792525945576
3020510,8.03945966808787
3020511,2.6708518460471837
3020512,41.6383372795613
3020513,2.5582363979467986
3020514,107.64806546634321
3020515,70.19051674853787
3020516,2.1292757554797137
3020517,2.985234526018326
3020518,114.82513023134452
3020519,31.31952606845538
3020520,1127.5486697612023
3020521,4.228492237043398
3020522,9.331639570576737
3020523,1.392064836957687
3020524,0.14737532407673704
3020525,1.7170695949781667
3020526,1627.352503970845
3020527,0.12521240571020592
3020528,117.30933264542374
3020529,3.0530741880800485
3020530,785.6371265776306
3020531,294.45350417398447
3020532,270.5068453831105
3020533,55.31508154483576
3020534,38.20526043540316
3020535,2764.354925425074
3020536,4.693780526337225
3020537,0.37906778181308676
3020538,9.556576131078568
3020539,8.413518940137314
3020540,0.10197889030223187
3020541,180.57200675876774
3020542,4.278673305822254
3020543,3.626777770888603
3020544,1.6410767351810385
3020545,10.235276863982048
3020546,0.2691787612844528
3020547,164.70349978632646
3020548,193.98004666676928
3020549,0.6873715164565253
3020550,3.206798326303297
3020551,172.44453673262296
3020552,22.549741616790197
3020553,251.27994465807498
3020554,7.444049808465469
3020555,1.1034652486362766
3020556,7.771090794045317
3020557,0.3028934034125532
3020558,5.24022466865496
3020559,5167.638363239172
3020560,0.22596998774789254
3020561,749.1742119606719
3020562,10.801329677172577
3020563,1895.2702604137987
3020564,693.7477647845161
3020565,542.3154305084038
3020566,268.7907059138987
3020567,101.5496315899186
3020568,7288.406158386701
3020569,25.887596698853446
3020570,0.6441330005143424
3020571,30.1848643661547
3020572,21.969985759597133
3020573,0.2905332900463253
3020574,516.3133298480069
3020575,10.818802877056356
3020576,2.7310261896539267
3020577,8.469211637274586
3020578,36.505591976952665
3020579,2.288404578631734
3020580,611.6897340695784
3020581,454.23465057325177
3020582,3.0746725270562996
3020583,16.118371518646377
3020584,473.7842689537565
3020585,84.82906366281497
3020586,1426.290348570325
3020587,35.548448849041634
3020588,9.876027356044544
3020589,6.196602496842799
3020590,0.18514332249512813
3020591,1.0132390988643505
3020592,1899.9347889115659
3020593,0.174584605802202
3020594,221.32868788200466
3020595,10.769244669891597
3020596,864.9403783451484
3020597,426.84903998297426
3020598,213.7672866389996
3020599,62.72511341809503
3020600,34.5803309067728
3020601,3043.2776222894736
3020602,7.90080206212357
3020603,0.3289183246621478
3020604,12.706718029894065
3020605,21.37738012792382
3020606,0.17492597053442446
3020607,175.69184634525303
3020608,7.184916376576419
3020609,5.988835591717932
3020610,11.749484506112415
3020611,33.79874332576826
3020612,1.278712755788121
3020613,149.5400398369223
3020614,199.39263834757
3020615,1.45662777803899
3020616,6.291864174142539
3020617,158.47874017604235
3020618,27.66727994021831
3020619,348.6665607450623
3020620,4.6656201292924555
3020621,1.8180791478157023
3020622,4.300724346535736
3020623,0.1240880884480573
3020624,3.4788176231211483
3020625,1460.3786138735873
3020626,0.10856113175697707
3020627,130.48560057467392
3020628,7.280775628494908
3020629,686.1520352169143
3020630,239.1448980650224
3020631,151.16773577874156
3020632,49.6450280740759
3020633,27.436746703756317
3020634,2382.680907704838
3020635,6.581488407427048
3020636,0.15924065681608437
3020637,10.69917410647509
3020638,9.056290920650863
3020639,0.09682677828273246
3020640,130.05075934935664
3020641,1.0078121407018437
3020642,3.455056015029478
3020643,2.037807340082788
3020644,20.025262018888053
3020645,0.8412103330388541
3020646,110.3372955229081
3020647,165.56071659766422
3020648,0.4831280504987633
3020649,4.603778395917127
3020650,88.89181092753502
3020651,20.747575522574678
3020652,167.00949452849062
3020653,10.826212305772138
3020654,0.9558874434894874
3020655,3.4645569001937027
3020656,0.05321572242005342
3020657,2.3801472669845385
3020658,1651.1267120047255
3020659,0.04935144924403357
3020660,146.48037063925935
3020661,6.104900870931158
3020662,755.5291757907734
3020663,279.9163761428056
3020664,181.57738914432042
3020665,32.062191515082404
3020666,32.2279679416153
3020667,2493.5267459934785
3020668,3.86572968305298
3020669,0.14808677069365828
3020670,7.086252158496021
3020671,12.873597204495102
3020672,0.04084704362103577
3020673,136.37359044593651
3020674,0.7486405703248764
3020675,4.233227038862403
3020676,2.0566955873192594
3020677,12.775689222676741
3020678,1.4174421001336897
3020679,174.0116065322977
3020680,164.84056034870895
3020681,0.7181718936494654
3020682,3.5074657487958003
3020683,63.25313134042793
3020684,54.78720754503339
3020685,302.9671120788624
3020686,3.529388037428225
3020687,2.550966347684101
3020688,3.6153573019416085
3020689,0.6105799003365036
3020690,3.1119994555403436
3020691,1490.1744819214716
3020692,0.13316586059868232
3020693,138.847260990066
3020694,2.516677542770126
3020695,713.7584872143048
3020696,237.42570974162948
3020697,192.60485234603507
3020698,73.89369939146955
3020699,47.00299588058243
3020700,2384.2948515064045
3020701,4.875953976591407
3020702,0.8326105392266187
3020703,9.317829640776525
3020704,14.482906476833998
3020705,0.0957184532921816
3020706,169.01995182215248
3020707,6.957090755751586
3020708,4.455382862078854
3020709,2.4235220423521664
3020710,17.02549632411354
3020711,1.4394056209063508
3020712,80.07557504068039
3020713,150.67697138752973
3020714,0.8277065084468487
3020715,3.468573132021897
3020716,80.86591189811497
3020717,32.8205462850022
3020718,444.0079372817858
3020719,12.116807909019036
3020720,2.409850800558603
3020721,4.968004954119738
3020722,0.21982712931132878
3020723,2.3355450591270177
3020724,1764.972795857856
3020725,0.1607845570009953
3020726,220.98273023759185
3020727,3.9937727556254665
3020728,970.5649594429132
3020729,351.79057124046784
3020730,203.84637915251867
3020731,152.79303266155455
3020732,37.04646139415031
3020733,2678.951875564848
3020734,3.7243297816176946
3020735,0.2819022405219393
3020736,10.932798955805758
3020737,15.755655547770393
3020738,0.1452842802891175
3020739,215.34490879602046
3020740,0.5148021105557972
3020741,4.16455692871266
3020742,2.420864280098682
3020743,30.99131034757398
3020744,1.2750660410162662
3020745,62.09547035065863
3020746,183.0569005267212
3020747,1.012416941547242
3020748,2.930809993119873
3020749,67.8821937213154
3020750,43.196482275691864
3020751,568.0728436935825
3020752,0.4687684189131026
3020753,0.862173942440273
3020754,9.245091764327446
3020755,0.5673612797488645
3020756,4.519377318240096
3020757,4433.357562277794
3020758,0.28112845211917825
3020759,489.1792348715086
3020760,6.6783206643022925
3020761,1439.536193578677
3020762,947.2762003086264
3020763,653.9591851492049
3020764,258.31953556315585
3020765,137.10218038711864
3020766,5904.591350232707
3020767,23.068585902199903
3020768,1.5129644855800897
3020769,29.251908689128964
3020770,34.42857886833193
3020771,0.2830053796629132
3020772,410.22200663181707
3020773,1.3222036167575746
3020774,10.15406879591857
3020775,13.433840241719944
3020776,52.90591412220256
3020777,4.5777387985186335
3020778,314.93462145434654
3020779,414.63346106756654
3020780,2.71108905781601
3020781,11.386288024794121
3020782,464.53926125452256
3020783,72.24581915662259
3020784,1822.2965801230232
3020785,65.74137793855886
3020786,16.31473157313576
3020787,4.225995579353983
3020788,0.358050833146319
3020789,6.227529946536754
3020790,2778.358941197285
3020791,0.24440441113467723
3020792,701.9419396036227
3020793,6.752870252610537
3020794,702.4303657916885
3020795,691.7540926625206
3020796,241.58877070971292
3020797,227.7457014641264
3020798,66.2600345249711
3020799,3450.0416464766236
3020800,16.421233312439533
3020801,0.9012659868425421
3020802,22.47889578318547
3020803,22.647974433186498
3020804,0.2701957378513727
3020805,266.5541894042439
3020806,12.026859279738199
3020807,3.4239170828882184
3020808,10.24457205270673
3020809,49.02088063127842
3020810,2.265119688506834
3020811,112.10279232152405
3020812,220.22936290325794
3020813,4.594082014003226
3020814,8.954589261747218
3020815,226.59574240424317
3020816,62.45284084581733
3020817,1992.9150344277862
3020818,94.73413922872186
3020819,14.7201760287067
3020820,5.8602548210149505
3020821,0.366624221870335
3020822,2.7087537830752324
3020823,2377.0198878772717
3020824,0.13144538255236302
3020825,191.2791057223444
3020826,4.396253739616535
3020827,881.6994973443853
3020828,338.1153020740451
3020829,279.91281092612746
3020830,64.89057379826478
3020831,35.94709345943397
3020832,3003.245948820064
3020833,9.326629155222294
3020834,0.8350059698609386
3020835,10.218303006747218
3020836,13.352456643234536
3020837,0.12849905358118124
3020838,156.34589962257945
3020839,7.583767519701033
3020840,4.74520131324693
3020841,2.988902388841872
3020842,33.60761321879085
3020843,2.2686127694407383
3020844,120.55765977559243
3020845,182.5938448956137
3020846,1.2751148214734238
3020847,4.528979942977214
3020848,81.41485900332192
3020849,23.724981521380894
3020850,388.3007001012207
3020851,7.865610097949106
3020852,3.5848005234789797
3020853,7.6684934285119635
3020854,0.27308464472358945
3020855,10.562574890527767
3020856,3741.836188184133
3020857,0.2946057719160519
3020858,714.6276934322358
3020859,8.546955409480749
3020860,929.3647750446979
3020861,950.8793283690273
3020862,251.95353747727808
3020863,209.62006839389042
3020864,115.83741443275494
3020865,4383.435087037209
3020866,42.86142656862445
3020867,1.5510783789902698
3020868,22.85717272676156
3020869,36.202877179201856
3020870,0.33946657782942163
3020871,296.1602397713529
3020872,30.927765506686704
3020873,20.75884558557317
3020874,5.881302092739933
3020875,86.14344160922582
3020876,10.25357989281093
3020877,407.7571533869806
3020878,327.8792682661566
3020879,9.795573724452607
3020880,10.268824451466667
3020881,518.5096974563897
3020882,112.29948350095628
3020883,2755.335204612755
3020884,10.20994868142323
3020885,41.99295133381743
3020886,12.331570586142673
3020887,0.3162620975186186
3020888,8.734479761978305
3020889,7045.285535342884
3020890,0.3002952718199698
3020891,999.6755584784025
3020892,8.90937721350188
3020893,2275.957026158735
3020894,1252.3067770887033
3020895,1062.889194069121
3020896,182.87832891171425
3020897,115.68009900013635
3020898,8671.917256853885
3020899,21.104132746010436
3020900,0.825760467069991
3020901,26.38517419940883
3020902,32.496162840903246
3020903,0.3796672008445893
3020904,557.7233581594629
3020905,3.599459725663536
3020906,8.89409474877763
3020907,7.755949723352719
3020908,62.59642963190436
3020909,2.3948259847275915
3020910,500.83499298589004
3020911,653.8817785022467
3020912,5.622742012089923
3020913,10.795731022883198
3020914,546.9384573710644
3020915,115.77686079550968
3020916,1619.4022174859917
3020917,137.7231498734515
3020918,19.93449608930702
3020919,15.458088591286826
3020920,0.6242363520112544
3020921,7.727575391924415
3020922,4854.60834768766
3020923,0.39936481114802114
3020924,863.4550313356992
3020925,6.608799030149216
3020926,2059.357155153453
3020927,1055.651537713463
3020928,524.6162978907572
3020929,416.84056226920046
3020930,100.1160292993989
3020931,6709.960678213148
3020932,23.95939952764582
3020933,0.7961314095329114
3020934,44.340953614972605
3020935,48.362844684557615
3020936,0.45775585972261706
3020937,529.2218226505963
3020938,8.592430961211624
3020939,5.262986787017274
3020940,12.941357367388239
3020941,72.79733387053633
3020942,3.108542663185572
3020943,191.79137277745517
3020944,485.34750770519554
3020945,3.5308221946722242
3020946,8.940763543271386
3020947,261.0646839340831
3020948,235.14126808393468
3020949,1931.03560119975
3020950,3.438525492061571
3020951,7.12969200191134
3020952,5.337436886932868
3020953,0.17798361200072513
3020954,2.60918346235697
3020955,1993.8894134190052
3020956,0.16945406273010905
3020957,157.41745908908382
3020958,6.576358592704808
3020959,774.5280366579177
3020960,352.6919314405825
3020961,166.37118152441724
3020962,47.85471369027738
3020963,45.49908992282701
3020964,2620.068369812485
3020965,7.327920999427369
3020966,0.7305491504675893
3020967,19.187804752881945
3020968,18.845333722763357
3020969,0.15805120909125187
3020970,191.2586830297317
3020971,0.5512235621010609
3020972,3.8131721224167676
3020973,3.519012348123473
3020974,42.76169535379654
3020975,2.796862150974421
3020976,118.23007408983968
3020977,175.2780673147815
3020978,1.1662023871290317
3020979,5.557460235103774
3020980,160.46352589648853
3020981,31.61624717641992
3020982,434.3012112026016
3020983,16.864678446521587
3020984,1.3561154506804531
3020985,1.663781881575882
3020986,0.17936281119514644
3020987,3.362872952584422
3020988,1592.4209549303048
3020989,0.18364439578386094
3020990,237.5505602340852
3020991,6.139354757160908
3020992,510.6217836372657
3020993,495.5555030272674
3020994,131.23260837804582
3020995,47.11288058301574
3020996,52.490537767191746
3020997,2133.3616786516873
3020998,16.588054077323786
3020999,0.4772732990247594
3021000,10.470591652155077
3021001,13.564545511279597
3021002,0.2089660257321196
3021003,126.63564985677748
3021004,14.006689044132504
3021005,2.4158156232869277
3021006,3.8269134802146203
3021007,43.03710685019784
3021008,3.9109260175139373
3021009,697.6603573925296
3021010,178.70969742847137
3021011,3.7657453680511646
3021012,4.9113728462217425
3021013,280.13923780997567
3021014,32.77429058069545
3021015,1151.6169655548342
3021016,1.1847192784236735
3021017,5.37554486598851
3021018,2.835411595421111
3021019,0.14674913492630634
3021020,5.642857534090008
3021021,3695.67361137779
3021022,0.1439968401579886
3021023,734.1289216302085
3021024,9.88539193431602
3021025,966.6766918087128
3021026,1253.482285357426
3021027,264.6024272853055
3021028,213.92189701190466
3021029,122.22126268754027
3021030,3888.5321716694925
3021031,32.40223574797718
3021032,0.6333539376707444
3021033,19.377790700575883
3021034,33.450865681688256
3021035,0.1853956859928442
3021036,256.6048909213241
3021037,11.489786563617438
3021038,27.214174601029644
3021039,8.309646826246542
3021040,58.901361937556295
3021041,11.1070953711482
3021042,322.46056719316863
3021043,284.836928341852
3021044,15.901954761153844
3021045,8.628688197329222
3021046,445.33171926619667
3021047,99.84273105238161
3021048,3297.3977953850613
3021049,5.613334298696
3021050,18.60173417528876
3021051,3.6572943913930245
3021052,0.23875045665141947
3021053,5.676149111651146
3021054,2881.935879773863
3021055,0.3487500591605405
3021056,518.2238217881384
3021057,7.132786807437291
3021058,574.1159301109891
3021059,794.6689299428554
3021060,187.59943660737795
3021061,141.89078887774352
3021062,115.2604918109519
3021063,2697.242662647594
3021064,23.917878738091996
3021065,1.294097064915777
3021066,18.29837185510271
3021067,19.640802205414136
3021068,0.3276679913977991
3021069,128.7902776129893
3021070,1.2490700169628937
3021071,20.628628745368903
3021072,5.508807489862452
3021073,196.1428159539738
3021074,10.045987569735123
3021075,220.37578340857945
3021076,146.5745205416267
3021077,5.561858898884301
3021078,8.596716737653521
3021079,211.2009016152157
3021080,51.32198832433126
3021081,2008.6436185145346
3021082,2.1047846696691344
3021083,5.459125575790968
3021084,4.149726128880496
3021085,0.1746595373224979
3021086,0.524300035869976
3021087,1147.2098866993913
3021088,0.18424312139744706
3021089,296.1915288498802
3021090,5.083153623738882
3021091,436.9980413259293
3021092,370.9339798339596
3021093,120.91626656859988
3021094,46.94445687241662
3021095,39.69862562669661
3021096,1958.9307810861985
3021097,4.739053950715079
3021098,0.49182182924954154
3021099,10.218202547078496
3021100,9.723339049934374
3021101,0.22991107838925576
3021102,104.43444124139518
3021103,0.31734075821888774
3021104,7.172619596250201
3021105,1.0879375756931844
3021106,29.121085681315577
3021107,0.2283692790370725
3021108,304.31180246995103
3021109,153.18812191412803
3021110,1.971877857584481
3021111,1.6669891792670795
3021112,163.86842946200005
3021113,29.181744078433628
3021114,558.5913298840475
3021115,1.6903050309631173
3021116,2.1975144197375274
3021117,10.156978480726455
3021118,0.2570028209408106
3021119,6.201454617482373
3021120,5000.795639187316
3021121,0.3061236736919141
3021122,966.9099164481867
3021123,15.8622973875134
3021124,1215.5845654383988
3021125,1547.0878672910699
3021126,453.99418804902723
3021127,363.7084508042954
3021128,177.36079260947565
3021129,5841.253904275997
3021130,46.26843332982445
3021131,3.3001742025510206
3021132,26.15945205562021
3021133,42.42744393019927
3021134,0.3330445509552947
3021135,347.4144830932979
3021136,12.73714525446638
3021137,54.814365996280074
3021138,12.627751566038674
3021139,201.06191541932483
3021140,5.372535928778945
3021141,378.03434162800767
3021142,387.4618252534453
3021143,14.856558964211997
3021144,14.282761646778773
3021145,542.4552287801944
3021146,118.34901978839818
3021147,3657.7305981745258
3021148,2.960952324544388
3021149,25.18161267804599
3021150,8.466635700330679
3021151,0.28369913428279664
3021152,5.591201226676061
3021153,5470.188207638823
3021154,0.2976335730245229
3021155,1099.8402034915941
3021156,14.196118881010888
3021157,1721.3137824532512
3021158,1527.9734547514215
3021159,591.5507249020393
3021160,362.91966690360425
3021161,98.48469581320286
3021162,7612.179838169655
3021163,24.950319309247327
3021164,0.9364248497591782
3021165,40.647501797344034
3021166,27.650889482523535
3021167,0.7200655222159322
3021168,440.3264304312935
3021169,0.7346655303610719
3021170,6.9256507393896785
3021171,7.3724112149960455
3021172,60.86409037580419
3021173,1.5032671143885834
3021174,279.14348595947826
3021175,453.3179898881412
3021176,6.401919323759339
3021177,7.533786199816493
3021178,352.1294630211121
3021179,120.61268166320664
3021180,2306.2392649571325
3021181,4.2948580045979
3021182,6.1479006451971285
3021183,7.356608417544657
3021184,0.4809101602035345
3021185,4.460080337850489
3021186,4614.247878847684
3021187,0.2607159623486084
3021188,1077.2590656694506
3021189,11.252064912226482
3021190,1423.4186599578834
3021191,1115.3279726072196
3021192,424.83374877306835
3021193,309.0447851156862
3021194,97.5153243796787
3021195,5468.221375825715
3021196,28.209750222117677
3021197,1.3744473965826254
3021198,29.909473031507968
3021199,28.196600552021497
3021200,0.2643678877225545
3021201,362.0559977984681
3021202,0.614226943633148
3021203,8.281001075218164
3021204,6.156439589815957
3021205,79.65082319735922
3021206,1.6478188538856362
3021207,156.62489244413223
3021208,355.454513616703
3021209,4.979848928751021
3021210,6.295175449431158
3021211,258.5564926558845
3021212,89.96675045929385
3021213,1596.9716979951186
3021214,3.3916703310300544
3021215,7.96512434388689
3021216,14.177547474460624
3021217,0.9224915516969149
3021218,23.744985082109256
3021219,10246.009981003997
3021220,0.6081076371636057
3021221,1466.8142264646233
3021222,27.39635017869302
3021223,2447.5778694273768
3021224,2636.149967663375
3021225,474.3873559964292
3021226,616.6842440753665
3021227,408.6156801658863
3021228,9524.779077660187
3021229,92.9096473298383
3021230,2.7004360144229613
3021231,63.49700534470496
3021232,67.32213324223468
3021233,0.8548090364417474
3021234,714.1357137881774
3021235,67.41445871490508
3021236,58.08526563365738
3021237,31.283946876200826
3021238,244.36412834816906
3021239,36.788965265006155
3021240,814.6796361837503
3021241,816.0602418381692
3021242,24.645380679220164
3021243,36.791087772277876
3021244,1368.6584333611495
3021245,292.17849342218597
3021246,9005.90815677657
3021247,2.414265107141073
3021248,96.67205611436461
3021249,2.7754204315234463
3021250,0.24492302975390068
3021251,0.5084556437268773
3021252,1839.2965634785126
3021253,0.15403071464015497
3021254,228.95391691444112
3021255,4.41596291391422
3021256,615.9320850508216
3021257,329.55691785377616
3021258,130.37333612284593
3021259,155.74673187205414
3021260,40.33122776814366
3021261,2267.275308952139
3021262,7.400300088860283
3021263,0.2830975365619874
3021264,13.659129883237329
3021265,9.132220762302344
3021266,0.1432026620879439
3021267,143.22436740896129
3021268,0.8051537806381575
3021269,3.5407277312340533
3021270,2.8161622585329336
3021271,28.531290310270045
3021272,0.6618784398074137
3021273,60.33646123985136
3021274,105.93258806592542
3021275,1.5545826508971239
3021276,4.39155408677041
3021277,118.12007419941408
3021278,25.212989168444494
3021279,564.9354722160386
3021280,1.8895713837321355
3021281,3.0098880298890593
3021282,9.763525073653497
3021283,0.26391270624201235
3021284,2.22265161008637
3021285,4765.743377336384
3021286,0.26732831807409574
3021287,761.7944205282398
3021288,8.222654987443342
3021289,1581.1832933162982
3021290,934.7436094604135
3021291,330.0956744294612
3021292,398.84552475403433
3021293,64.56197448669626
3021294,6068.092112448927
3021295,16.220062305750798
3021296,0.5369617401304599
3021297,28.893751370947466
3021298,27.57844924988591
3021299,0.3129813305172948
3021300,408.9649192474489
3021301,1.4143593510118324
3021302,6.690660450568318
3021303,9.614884344542649
3021304,22.29040674926647
3021305,1.6086808550746785
3021306,426.4330623769989
3021307,384.15786135201785
3021308,4.451962478818715
3021309,8.43619544925204
3021310,157.12258303836924
3021311,96.35153231658525
3021312,1504.3436652071161
3021313,3.2593596976829438
3021314,4.364731184200335
3021315,1.2788074126554414
3021316,0.12463339459495351
3021317,0.7369922258880387
3021318,1303.6227201278125
3021319,0.11851109330212728
3021320,167.99220189144754
3021321,3.079883270074659
3021322,524.6167024952852
3021323,208.79477628466356
3021324,108.00128779662217
3021325,149.63695263784672
3021326,19.273194439473457
3021327,1978.7571126368048
3021328,2.057835504006638
3021329,0.24053541883923157
3021330,8.204068229957029
3021331,4.08406325280095
3021332,0.10803454014254403
3021333,100.528612165948
3021334,0.23106780328103033
3021335,3.510966544221327
3021336,0.6470363065196406
3021337,25.323436982896983
3021338,0.19209327847775973
3021339,70.4864271268817
3021340,89.92373595126853
3021341,0.5036089053232918
3021342,1.08347721937928
3021343,60.23137755481981
3021344,11.326057703081002
3021345,224.27796139295216
3021346,1.351136942974493
3021347,1.1339433590294405
3021348,7.469022918623176
3021349,0.1685462039540916
3021350,2.169992570317863
3021351,2440.53948931585
3021352,0.16489069371967877
3021353,326.04230291849666
3021354,6.038426809094128
3021355,1190.8671121451441
3021356,502.7890493007974
3021357,206.62712367266496
3021358,165.94614952748185
3021359,47.74864768266365
3021360,3407.6959590445385
3021361,4.682893518428874
3021362,0.5118574035496122
3021363,25.52742044996798
3021364,22.493236038520312
3021365,0.1548234028072862
3021366,280.43965419205085
3021367,0.38805866919327275
3021368,3.6697469182854694
3021369,11.658903650076184
3021370,28.578024264745917
3021371,1.1917976386672453
3021372,294.45425290123075
3021373,280.4286334155914
3021374,1.7409606728519504
3021375,3.589897876500279
3021376,226.84344868029646
3021377,29.22365806000521
3021378,1341.118127906824
3021379,1.1367788281570594
3021380,0.5356353663036589
3021381,3.2547927922366218
3021382,0.1918163526064655
3021383,2.063657867615829
3021384,3006.974029144783
3021385,0.1719013170052786
3021386,715.5842124133244
3021387,5.944230642465841
3021388,846.5571593873611
3021389,646.3916705773909
3021390,221.30255654149542
3021391,121.99781956032128
3021392,57.567199448393914
3021393,4515.900115579415
3021394,8.462623281493393
3021395,2.1563453277328164
3021396,26.5117453370109
3021397,33.101723102297214
3021398,0.21028089894933194
3021399,193.9416008909478
3021400,2.4147752418187807
3021401,4.4665475259405305
3021402,2.698487712710643
3021403,29.9150298097484
3021404,1.9113872418506708
3021405,158.2057160240055
3021406,246.67028034042744
3021407,2.7153911914245876
3021408,6.726062502373639
3021409,134.79529430078915
3021410,25.68771253813186
3021411,591.170342602231
3021412,4.980988753608249
3021413,1.7040538913162262
3021414,4.539470693891314
3021415,0.14143970776842535
3021416,0.4969530413275808
3021417,1853.97945161197
3021418,0.13522591593889252
3021419,154.38773858294337
3021420,1.886196323700903
3021421,552.817510077
3021422,219.2246339263729
3021423,111.70877541354221
3021424,139.8149727643728
3021425,53.97513765281706
3021426,2434.747219175443
3021427,9.280999456353708
3021428,0.4474806754210964
3021429,9.575264023159681
3021430,7.6425059461397735
3021431,0.12494800178838844
3021432,114.9459029409014
3021433,0.27332924727030133
3021434,3.659212377500107
3021435,0.6430947691349511
3021436,45.87742839785776
3021437,0.639453298502932
3021438,203.27626426603672
3021439,100.65410798538731
3021440,0.7673867062070651
3021441,0.9667929737198325
3021442,63.11959204712929
3021443,23.76465967140734
3021444,399.98590482154395
3021445,0.8964907031197067
3021446,0.6912024803742154
3021447,5.006185484975316
3021448,0.17693956690150983
3021449,0.782549989423137
3021450,4006.733578726186
3021451,0.18085985210668576
3021452,664.6104027399866
3021453,7.201645648398876
3021454,948.2484656988264
3021455,704.6371941390373
3021456,248.1953638440317
3021457,135.86269613444878
3021458,98.35225559511139
3021459,4326.194107396259
3021460,9.14766567753846
3021461,0.3110087419657927
3021462,18.39096803446884
3021463,13.693837316916667
3021464,0.17681881245208886
3021465,259.3689942566123
3021466,0.40845346128034465
3021467,22.551007715815995
3021468,2.569129896396734
3021469,65.10196801935331
3021470,1.1038880434484901
3021471,206.86489787975856
3021472,256.7571567745267
3021473,2.9978958489194065
3021474,2.9488236126484524
3021475,119.38142150944877
3021476,43.027498920516095
3021477,1299.1148529257869
3021478,1.5818434366585552
3021479,1.0838998965326543
3021480,2.8491084079143874
3021481,0.10827697103596971
3021482,7.783059295145643
3021483,2175.7883050424393
3021484,0.1033016886291226
3021485,402.8319384435604
3021486,4.76444551113727
3021487,675.1919712507884
3021488,631.6254252001166
3021489,126.8852236881163
3021490,92.59681207845699
3021491,81.56144117816724
3021492,2653.0169794713233
3021493,34.51364610718309
3021494,1.045397382009564
3021495,22.33877518923793
3021496,21.947787350510744
3021497,0.140183916798291
3021498,187.3729674319493
3021499,18.24943018754172
3021500,15.28164012403595
3021501,1.5766745739308377
3021502,67.08335858634936
3021503,7.363788684901675
3021504,160.25692845640745
3021505,220.8789509113632
3021506,11.110754611871993
3021507,11.185125375061771
3021508,194.39216204950125
3021509,55.61895331313412
3021510,1892.9573693498191
3021511,3.5627184474682143
3021512,8.423020706248291
3021513,7.71962306351671
3021514,0.19633590820626792
3021515,10.392257982121166
3021516,3028.8319147681423
3021517,0.20337666355894438
3021518,534.7239916193936
3021519,11.451232575819034
3021520,1097.254788935413
3021521,874.5895510612717
3021522,168.70090737163108
3021523,112.74251235867621
3021524,98.6144528512911
3021525,4379.409017092778
3021526,27.807684398739024
3021527,0.9946950019731645
3021528,37.08418891709145
3021529,36.58488634922695
3021530,0.21943464870978313
3021531,401.28030236867295
3021532,34.518451218648195
3021533,15.952160581832768
3021534,9.144721538378596
3021535,117.6710842115568
3021536,13.94318394186038
3021537,148.711818151652
3021538,477.6513019666764
3021539,9.053004471925899
3021540,13.554063812716974
3021541,140.1913383274377
3021542,87.18131830856888
3021543,2220.167338861329
3021544,2.3708808476895187
3021545,17.995602413965106
3021546,9.25188447367628
3021547,0.3095270536170427
3021548,4.684058976132295
3021549,4431.132465678923
3021550,0.2541654306346126
3021551,792.578335122031
3021552,5.77681500829653
3021553,1880.0738854330696
3021554,687.4355544616686
3021555,200.63483894872894
3021556,317.8080724079285
3021557,69.29919999601265
3021558,5537.545597940313
3021559,39.00607726336718
3021560,2.1299954301401964
3021561,25.815780804456995
3021562,19.400639695461706
3021563,0.32039320962663087
3021564,380.04061980874644
3021565,6.935751857928271
3021566,13.08047115963856
3021567,8.604613533994415
3021568,48.65039728345895
3021569,4.65328679700035
3021570,140.46681718062268
3021571,371.2128249237546
3021572,9.172969021771024
3021573,10.383015499084035
3021574,233.79947106555665
3021575,55.70383334922101
3021576,1633.0743637198602
3021577,16.543989066943098
3021578,13.690289460175133
3021579,5.1197278056637225
3021580,0.29321987627412016
3021581,6.745605516249707
3021582,3406.6865186897467
3021583,0.20449903337130657
3021584,462.4762530859272
3021585,6.675071494578165
3021586,924.9345362666162
3021587,980.1046083711173
3021588,236.61472447646673
3021589,193.93599963662885
3021590,105.65758879283794
3021591,4229.130683866975
3021592,29.064540073227388
3021593,1.3893319949003862
3021594,17.588319880067733
3021595,15.153489169142585
3021596,0.26983444230471126
3021597,259.423765244582
3021598,25.053630215918123
3021599,23.614210326428477
3021600,2.412811512410109
3021601,90.07124728111727
3021602,7.893127380404879
3021603,370.3044131001755
3021604,335.1986640255469
3021605,8.73689556483515
3021606,10.933435250330705
3021607,482.6588583461385
3021608,57.12998478247284
3021609,2789.595985841183
3021610,2.0853010054551127
3021611,31.87565231229767
3021612,3.461589915270981
3021613,0.17917577709204305
3021614,2.3919388184522377
3021615,4486.291053229863
3021616,0.16959770859304418
3021617,531.9054568312696
3021618,5.711470567111956
3021619,1923.2826676700586
3021620,670.5782050678993
3021621,292.14066641602886
3021622,169.99315345826224
3021623,56.560585959311595
3021624,5330.266453334948
3021625,9.875779511846849
3021626,1.8549490028741271
3021627,26.265065412637554
3021628,25.296426101930752
3021629,0.17396704760415704
3021630,387.60646168178874
3021631,0.4941824343567696
3021632,0.7737507158737167
3021633,8.303286845822093
3021634,26.372496194463775
3021635,1.9366719163204689
3021636,146.98685727772119
3021637,334.3863239759128
3021638,2.9685476139986857
3021639,11.144478277648503
3021640,167.96937977928312
3021641,56.85149723234135
3021642,1087.0479453517949
3021643,1.5037124095679462
3021644,3.947046402074844
3021645,10.270054982136077
3021646,0.24906775575796528
3021647,12.388859527412574
3021648,3767.0922409725235
3021649,0.25192338309308415
3021650,759.7393050587358
3021651,10.714105426884485
3021652,1410.9003815189428
3021653,1100.0606822029265
3021654,348.8753839837204
3021655,207.606860794111
3021656,178.05395151507685
3021657,5354.485002507843
3021658,57.379542234062505
3021659,1.3084541734555188
3021660,33.70904699859072
3021661,40.15651599906806
3021662,0.26455602389934596
3021663,389.8967949838202
3021664,35.15160319112709
3021665,23.20923201526061
3021666,10.08935882094207
3021667,80.46994158015804
3021668,16.861241580793894
3021669,313.03464631313796
3021670,491.7179065950671
3021671,18.38136886526495
3021672,12.594853707740622
3021673,286.02106245864786
3021674,92.1571989526179
3021675,2878.45237397547
3021676,2.083458348678051
3021677,8.951241363634734
3021678,5.473417636272264
3021679,0.2894813999794691
3021680,6.787038156818379
3021681,2939.9312061408395
3021682,0.23345499934600042
3021683,504.79217013845346
3021684,8.703459976141335
3021685,792.2137553440758
3021686,879.4149492152236
3021687,191.92373372313833
3021688,150.9932264526463
3021689,109.88762691809669
3021690,3363.611117513428
3021691,37.89985418273118
3021692,1.2637362792871605
3021693,24.4081540270286
3021694,22.201517666349307
3021695,0.2775689154165175
3021696,227.53748337451353
3021697,22.346151947234603
3021698,36.055009209306846
3021699,5.280601806044385
3021700,63.4474149585897
3021701,11.48729639123244
3021702,235.44101214466193
3021703,274.5006893717741
3021704,10.748391149700483
3021705,9.883212360850576
3021706,237.405369734871
3021707,52.95628651109917
3021708,2594.0127250868286
3021709,2.375286622040421
3021710,17.222795302344398
3021711,7.990462536257392
3021712,0.20039041478841604
3021713,4.639360907535486
3021714,6324.347196671153
3021715,0.2000526660056307
3021716,840.0814545640309
3021717,18.215149754343305
3021718,1587.066474965489
3021719,1033.8455087499583
3021720,410.36883273373434
3021721,292.49547550844034
3021722,75.56457184570114
3021723,6526.151300861926
3021724,13.67115531211737
3021725,0.33237388593875294
3021726,20.25789277179112
3021727,26.431696748276806
3021728,0.21043577812965983
3021729,359.18910863043135
3021730,0.6172867743562471
3021731,9.620146128066892
3021732,1.8180523844565355
3021733,79.83734920571962
3021734,2.708830830316551
3021735,259.96558090222743
3021736,395.23384868931475
3021737,3.9708676976882886
3021738,2.4144263817875995
3021739,319.16214456675846
3021740,165.60510438633958
3021741,1579.7585922256417
3021742,3.150666202439519
3021743,0.9427721849638896
3021744,21.42838949274066
3021745,0.7943144352077929
3021746,26.50772835792437
3021747,15072.042304336574
3021748,0.5631678447226443
3021749,2215.7621681050205
3021750,19.917303829679287
3021751,3308.1517011805863
3021752,3475.8318151353737
3021753,785.679900981517
3021754,883.5346420450426
3021755,504.9335400920882
3021756,14844.204336222545
3021757,90.6842245261909
3021758,5.010187951382061
3021759,140.85322918253758
3021760,147.11131963016064
3021761,0.8877815786393658
3021762,1015.2517040580781
3021763,59.73663360954108
3021764,28.08291328164919
3021765,70.02523683049725
3021766,311.45845014314654
3021767,34.736596400145835
3021768,1086.3725588416626
3021769,943.8372291867038
3021770,61.0618484954602
3021771,54.70542936726663
3021772,1594.8449827254715
3021773,353.556785472911
3021774,13525.602324629086
3021775,1565.0790437324413
3021776,121.3647254793896
3021777,23.04485234928073
3021778,0.5877378088093053
3021779,27.172656949454364
3021780,14794.827833261628
3021781,0.39644938486931613
3021782,1765.596109821912
3021783,24.368582878449995
3021784,3699.5272815730873
3021785,3145.4457475459076
3021786,1082.0788662445382
3021787,570.1192125684644
3021788,432.32507135681465
3021789,15027.162425413508
3021790,142.44536582592212
3021791,1.8188735913392136
3021792,84.64527102167025
3021793,105.11832233962078
3021794,1.1436605958840356
3021795,1071.9259444973586
3021796,59.59662268788209
3021797,47.67435702323905
3021798,18.982683567186935
3021799,237.0190963930952
3021800,31.616840698178166
3021801,1455.1667495277204
3021802,1235.2241903676436
3021803,37.153295362926606
3021804,47.10534334077709
3021805,1856.5436110854464
3021806,345.0387825470353
3021807,9884.766019103152
3021808,1267.8861050876274
3021809,121.887243840888
3021810,19.788881628602855
3021811,0.46852933057523893
3021812,32.13430576846094
3021813,9693.103211669186
3021814,0.3917751245201363
3021815,1312.1052603237865
3021816,13.710407847375974
3021817,3235.4036869133706
3021818,2189.4533780553916
3021819,1183.3848866147773
3021820,237.9215706611712
3021821,359.3329497630363
3021822,13471.7132378255
3021823,69.22428693828506
3021824,3.5927073088522405
3021825,60.335787040408874
3021826,46.410282763575665
3021827,0.8990088403430557
3021828,957.7418078770684
3021829,65.36521198082355
3021830,36.25625808820063
3021831,17.088735702033837
3021832,144.33258809286096
3021833,13.786032002606275
3021834,1205.2952043717346
3021835,1165.1971020114281
3021836,38.89819218125651
3021837,68.90479505039787
3021838,1126.7254193227302
3021839,164.3650957284668
3021840,4017.6902847279102
3021841,992.4910398597071
3021842,72.83458380543169
3021843,20.80362336438798
3021844,0.4224707069362118
3021845,29.779058339372227
3021846,12509.240155908676
3021847,0.3522729929302957
3021848,1549.7355834147684
3021849,16.203944112132934
3021850,2997.5622246464927
3021851,2791.6289940782644
3021852,901.2007869533871
3021853,480.36452263627285
3021854,323.6868178644464
3021855,13473.323917270085
3021856,56.88229745242615
3021857,1.6977523957169087
3021858,78.13797966090752
3021859,83.29888130640516
3021860,1.2882206073633826
3021861,865.0143562646152
3021862,56.54832122178827
3021863,35.049764661534354
3021864,30.375495304246822
3021865,216.94256952782183
3021866,20.181992049446674
3021867,1069.697485327279
3021868,1102.1403211222223
3021869,35.575773493606405
3021870,47.16097138351295
3021871,1431.1907504789406
3021872,278.2177363915548
3021873,7422.761211942137
3021874,1403.742771280619
3021875,87.3414958261095
3021876,20.437506685722852
3021877,0.45856091061135257
3021878,34.31819971445715
3021879,8505.694891283214
3021880,0.3523597853996446
3021881,1263.5668043852932
3021882,17.393225087667297
3021883,3120.915072862172
3021884,1938.3569177260624
3021885,1026.5850731918956
3021886,205.13756494106684
3021887,296.1073326344167
3021888,12362.941646061365
3021889,66.78372461974499
3021890,0.7723667313586946
3021891,49.959554533844745
3021892,47.860475070382684
3021893,0.4965408518674732
3021894,921.7829880659402
3021895,60.252067956966236
3021896,20.366705837946093
3021897,16.470976541061102
3021898,132.94862477077172
3021899,10.106062298769768
3021900,1210.6176070561842
3021901,1222.340555416913
3021902,31.735804884685315
3021903,41.75669846560146
3021904,1278.359162983332
3021905,137.17795775360526
3021906,3132.357874422852
3021907,1148.6775842032903
3021908,37.81004828198991
3021909,15.179097261941699
3021910,0.33004281892243115
3021911,19.261390733655407
3021912,8890.903650263715
3021913,0.32241785978402376
3021914,1432.8706359900943
3021915,19.312621234640655
3021916,2225.414439710559
3021917,2656.0811136831644
3021918,577.0271372241438
3021919,576.8950595606129
3021920,374.1453136465228
3021921,9460.865763305706
3021922,77.93310768712143
3021923,1.64065228077276
3021924,58.8907985273878
3021925,57.43065317898699
3021926,0.6476990419937088
3021927,636.0649580418454
3021928,33.783143257034446
3021929,32.451782697218526
3021930,16.491858303898695
3021931,245.5562744843482
3021932,23.669990053113047
3021933,877.3158543162727
3021934,726.0927670647687
3021935,26.668687562313423
3021936,41.67361945273309
3021937,1173.5652469378863
3021938,241.39049761732875
3021939,7797.349932458956
3021940,479.20010995355693
3021941,80.18838520408855
3021942,7.143009466350153
3021943,0.375454775158008
3021944,7.1393979701660895
3021945,2191.364790026173
3021946,0.30917447814645915
3021947,390.2654626694385
3021948,18.551778115069606
3021949,962.260697474418
3021950,606.850488803566
3021951,248.5148641178006
3021952,99.37956709572084
3021953,82.34542111891948
3021954,3350.5475225898554
3021955,34.3250411763013
3021956,1.243577889936708
3021957,25.35562071847475
3021958,24.674016496341366
3021959,0.31194211108323766
3021960,244.9029454584326
3021961,15.565974582790368
3021962,9.027024779744979
3021963,10.937303028512005
3021964,60.70001148261698
3021965,8.795415165301176
3021966,236.48469200716826
3021967,305.7708682032335
3021968,3.5378479545801094
3021969,8.633366651627574
3021970,242.8725315279947
3021971,59.11747107352261
3021972,1708.744846489073
3021973,1.9089967043554912
3021974,9.856800167273054
3021975,13.998221298554373
3021976,0.35373288388271057
3021977,20.61695773428265
3021978,6429.769751904069
3021979,0.3507075563306486
3021980,723.4229285788313
3021981,35.51735010824992
3021982,2182.7553555459904
3021983,1492.2915266144175
3021984,624.1125180129185
3021985,144.2845020402936
3021986,163.70494362064727
3021987,9337.41439176077
3021988,86.57341338855984
3021989,1.6623695823606917
3021990,56.4299351194299
3021991,50.85725278977574
3021992,0.374506256887106
3021993,582.525803736644
3021994,36.36037002187953
3021995,12.028060811760145
3021996,4.2193461606595015
3021997,136.69195475468206
3021998,12.620547036063778
3021999,602.1813087325005
3022000,751.9289902612868
3022001,18.51775217591874
3022002,34.82488137892959
3022003,533.2842689208504
3022004,90.94047111267511
3022005,2755.861056472557
3022006,958.6915205198834
3022007,24.08826208600539
3022008,9.252834509447627
3022009,0.29841985471284427
3022010,8.499051753894612
3022011,6264.063313789412
3022012,0.29153187406274866
3022013,1143.7485072407578
3022014,8.650491291913667
3022015,1728.4119244101646
3022016,2040.1541876808844
3022017,338.94170453638947
3022018,437.90126350933434
3022019,272.21512959986364
3022020,6451.31529178291
3022021,49.23647213976434
3022022,1.476556142387625
3022023,34.64646255740868
3022024,47.8884412012513
3022025,0.32882110738914194
3022026,415.2507210602774
3022027,5.046948083146336
3022028,45.51304866590685
3022029,4.656132696657805
3022030,157.59122737417974
3022031,12.75054691017601
3022032,683.8666328190724
3022033,428.913939185263
3022034,25.901662482514862
3022035,14.784731440105626
3022036,960.3203278680342
3022037,141.2641506914106
3022038,6423.484724506142
3022039,5.152312083886772
3022040,50.760342585829946
3022041,14.695719640337966
3022042,0.3140156964351658
3022043,12.43097935054212
3022044,6080.926133915445
3022045,0.30765547224035117
3022046,1213.483628870574
3022047,13.227301601420596
3022048,2046.1112877008338
3022049,1641.1881538147372
3022050,502.5339186686001
3022051,306.11956751612905
3022052,336.63296509572166
3022053,7884.861470614875
3022054,59.572883157921936
3022055,3.214562110738855
3022056,54.33530214226759
3022057,60.028396919346456
3022058,0.38401564569363367
3022059,523.7020287436229
3022060,14.592881905450225
3022061,58.59159275207359
3022062,10.10810590501799
3022063,227.46569713575536
3022064,13.284205356254782
3022065,559.7186079981975
3022066,513.4633297519005
3022067,16.238514924351477
3022068,34.49430737453917
3022069,638.8008394443409
3022070,156.62807491792825
3022071,5382.746617003252
3022072,7.614942109684522
3022073,10.599209325511165
3022074,11.265449377559449
3022075,0.24133772824667163
3022076,5.555554132862865
3022077,3169.5969529476224
3022078,0.231370419462013
3022079,655.952551663537
3022080,8.709471720080058
3022081,1211.4039356600222
3022082,725.2230076630407
3022083,310.82702905298385
3022084,133.54183735062654
3022085,127.20058676095655
3022086,4022.829430962407
3022087,20.40157780578139
3022088,1.470431078270554
3022089,32.16960899707461
3022090,29.849310007278486
3022091,0.2193838109171336
3022092,281.3526314124818
3022093,7.962097142797354
3022094,13.662370542498337
3022095,6.936987933906494
3022096,95.13867602712
3022097,5.102489395850971
3022098,323.29388921199427
3022099,325.70660608872447
3022100,5.891972822185531
3022101,7.51440594883494
3022102,266.32382655306776
3022103,79.86511424695941
3022104,2480.3271718790766
3022105,2.5492615451443976
3022106,3.998862409871926
3022107,8.510810581703451
3022108,0.22121786384444703
3022109,1.5579346302552888
3022110,4221.736767722257
3022111,0.20542183169967781
3022112,390.5770546333568
3022113,4.477659980810855
3022114,1632.4220885830414
3022115,394.1506679234602
3022116,316.4800305340151
3022117,89.93857461730492
3022118,39.96579785642598
3022119,4501.509164164678
3022120,11.516224651602883
3022121,0.8634350784356896
3022122,21.889585674315605
3022123,12.058044306741843
3022124,0.18069971468835214
3022125,333.3560874162988
3022126,0.5335386457882917
3022127,3.549514281281274
3022128,4.122169817152203
3022129,22.50495101137552
3022130,1.163855527063378
3022131,67.98425084886718
3022132,277.75820104058687
3022133,0.24400887152025189
3022134,2.0010123358132104
3022135,74.30002281648571
3022136,105.86049398572594
3022137,796.3970320860024
3022138,1.8953119239843605
3022139,1.779511746745736
3022140,8.461363019475023
3022141,0.24033352137669173
3022142,9.836215282829741
3022143,4824.835098672879
3022144,0.3567517637879656
3022145,691.3458543375384
3022146,11.246384796979157
3022147,1543.934495226142
3022148,1358.4407031660282
3022149,475.17524324085247
3022150,257.59210656441775
3022151,205.33089028949453
3022152,6163.042577612436
3022153,43.668605183803365
3022154,1.0216326022926014
3022155,33.80319075366527
3022156,50.430793217478474
3022157,0.37098792089052207
3022158,425.7993135428142
3022159,37.65746705603804
3022160,23.053893779876613
3022161,17.75084655172535
3022162,107.91270457597265
3022163,9.144092266190038
3022164,537.3501048035121
3022165,485.3088068811042
3022166,11.977473102141523
3022167,21.004356163811014
3022168,702.478006621626
3022169,124.08372045818828
3022170,3510.8857899678305
3022171,13.611797436157461
3022172,52.40904608089539
3022173,4.354143061287979
3022174,0.17186634203139856
3022175,7.391970404342981
3022176,3877.1125731224465
3022177,0.1720229413076486
3022178,614.3496014007937
3022179,9.950923198713115
3022180,873.500618834404
3022181,1189.7258255379231
3022182,169.157100913988
3022183,252.5460306680879
3022184,188.33923443589234
3022185,3529.9618109284156
3022186,32.107131185101245
3022187,1.9398128779153603
3022188,23.24641851994419
3022189,29.060028060541363
3022190,0.49646083990282625
3022191,250.78132754540945
3022192,14.491279531133507
3022193,33.343116681955316
3022194,9.850061519548856
3022195,173.01836395391402
3022196,12.292799826564487
3022197,408.2493676505081
3022198,247.78516702127732
3022199,7.437369307323155
3022200,16.22880058243589
3022201,549.532926116232
3022202,115.48247281733087
3022203,4198.975628574273
3022204,1.3810743194686261
3022205,36.30203223123127
3022206,4.746427953816788
3022207,0.591269059258177
3022208,13.732779782876332
3022209,5625.990926512511
3022210,0.31858441530429715
3022211,911.9318398008543
3022212,13.443600902849722
3022213,1355.2504705953368
3022214,1690.1262437793432
3022215,345.2991366496106
3022216,404.7306794006053
3022217,173.33646997780752
3022218,5581.17660601775
3022219,44.31944568565914
3022220,3.2838116761734764
3022221,42.398427858928216
3022222,50.74079060605369
3022223,0.3485598334579057
3022224,403.9717498903659
3022225,35.721603271727034
3022226,38.954350882184215
3022227,24.39125977875415
3022228,124.52738946601065
3022229,21.4842296772302
3022230,446.3202497581514
3022231,452.43097086690767
3022232,27.030444444767504
3022233,23.743834612833528
3022234,696.8346462727361
3022235,179.86867692753714
3022236,5418.598277438021
3022237,2.538450339177367
3022238,40.3077610154919
3022239,14.994685671464199
3022240,0.417250690963894
3022241,10.257344631045987
3022242,4426.369069327093
3022243,0.24190945565883473
3022244,605.9127014170275
3022245,12.328237232341396
3022246,1846.512755991129
3022247,955.6274787081636
3022248,627.0618454434568
3022249,225.80256094362016
3022250,103.29832908208908
3022251,6993.62726819206
3022252,12.317727221439876
3022253,1.4360763586014682
3022254,44.767274697902636
3022255,54.0133243374724
3022256,0.32868792534055186
3022257,484.77910110437233
3022258,13.264989957563781
3022259,5.2986542350489945
3022260,11.473216199400282
3022261,55.52228548185009
3022262,4.047947661437048
3022263,383.47641694647876
3022264,558.7203564712249
3022265,8.43310371383786
3022266,10.089493511115176
3022267,480.88997605867524
3022268,124.30996897851023
3022269,1839.0646304245774
3022270,188.3037460945136
3022271,18.3948537723924
3022272,3.617679947880928
3022273,0.3199124057423409
3022274,4.151663617852046
3022275,2159.904904728291
3022276,0.34874023267735293
3022277,357.5600357087695
3022278,8.266691745469515
3022279,631.748832339408
3022280,713.1065768276418
3022281,166.45880915954828
3022282,154.25861580095696
3022283,117.06004654048934
3022284,2641.8105024358038
3022285,16.490249770493836
3022286,1.2098577954464684
3022287,19.215072500621936
3022288,23.820182392961893
3022289,0.3570189422672699
3022290,186.47675921100918
3022291,14.793439687268286
3022292,14.95245391257614
3022293,6.2290788669840795
3022294,68.22240139341847
3022295,5.9205000711493065
3022296,253.0545123447142
3022297,180.85658765858798
3022298,3.312946071786584
3022299,8.097974541438257
3022300,319.3393755492805
3022301,63.51295244417471
3022302,2313.73966355017
3022303,5.009253413420933
3022304,22.438775165535322
3022305,1.0615543749434988
3022306,0.13114952098562713
3022307,1.3410929523744455
3022308,1321.0764239335335
3022309,0.114442382165572
3022310,92.28371776185756
3022311,2.090935941006614
3022312,742.4141318221209
3022313,278.4617893621734
3022314,239.5533416449235
3022315,76.12920336432717
3022316,29.25929918278456
3022317,2755.392628526084
3022318,2.220438773691697
3022319,0.28267720351093584
3022320,6.928699218145682
3022321,6.530412377350086
3022322,0.08864603551973589
3022323,172.41069289768518
3022324,2.07296934406004
3022325,2.460907165034157
3022326,1.1010907168479052
3022327,6.10494888939559
3022328,0.18009430593587775
3022329,177.5897067158123
3022330,186.7595224614766
3022331,0.44812501957272377
3022332,2.6022490736290163
3022333,121.02077628041812
3022334,24.02642277032998
3022335,221.36628828285535
3022336,8.714809598193842
3022337,1.0087828264486998
3022338,5.284577993783626
3022339,0.2255648485454225
3022340,4.048666989325242
3022341,4154.096787826543
3022342,0.17148297614289815
3022343,629.3436265469923
3022344,8.607387564800979
3022345,1683.488927943316
3022346,612.3772097949646
3022347,479.9287750202228
3022348,324.4473847289791
3022349,60.270574932326575
3022350,6645.787204298888
3022351,18.06782933266019
3022352,0.5374903739081983
3022353,15.824752376900516
3022354,18.93115759670278
3022355,0.21968673586120746
3022356,483.286093694849
3022357,5.2455549395244345
3022358,1.5541522478988206
3022359,6.67429645504338
3022360,24.282375912604575
3022361,1.326575008866064
3022362,539.5674608147955
3022363,373.4631515576847
3022364,1.913593285224413
3022365,11.879552380674896
3022366,293.64990791711307
3022367,75.54350679396028
3022368,1244.2567875258565
3022369,39.55896800431806
3022370,6.43621226415319
3022371,4.312649516016973
3022372,0.15546497849875907
3022373,0.7717660728754824
3022374,1626.4595132255604
3022375,0.14567106762576548
3022376,214.44249697589947
3022377,6.893538427823807
3022378,834.1552934619489
3022379,392.03872627001766
3022380,198.20209150727285
3022381,69.17313743576497
3022382,31.0503090046731
3022383,2990.268090947896
3022384,4.779018188525486
3022385,0.2517869465792269
3022386,10.17288129731455
3022387,15.421498758653382
3022388,0.13842341219906532
3022389,179.19877590831797
3022390,4.799057309277432
3022391,4.751392416143791
3022392,11.024609874246211
3022393,16.216644862127726
3022394,0.9816702842836155
3022395,134.09986308956385
3022396,186.84186906213552
3022397,0.9299690815028339
3022398,5.555884432441838
3022399,140.4188280867571
3022400,26.72974023735687
3022401,309.423593640097
3022402,5.698614414107186
3022403,1.979652136258358
3022404,3.4038261767527214
3022405,0.1338805550846039
3022406,3.478155263763763
3022407,1629.2191691911514
3022408,0.11872062556244713
3022409,135.77453874013773
3022410,4.724369938681443
3022411,757.9006176596537
3022412,268.0924941065168
3022413,164.0073106458126
3022414,58.48895425758706
3022415,26.064527974565898
3022416,2773.795750217563
3022417,5.599857147160539
3022418,0.14575678125429548
3022419,9.60215999921059
3022420,10.233646334851162
3022421,0.09820029178830372
3022422,143.69545696316223
3022423,0.6167631169827554
3022424,2.975910340843452
3022425,1.658688056571181
3022426,19.11167915540769
3022427,0.6022920866513213
3022428,157.38466967367324
3022429,212.8754241292644
3022430,0.3483144749174117
3022431,3.8919011306859383
3022432,73.42490039565973
3022433,18.74398837875673
3022434,178.37097103108414
3022435,10.326851139112229
3022436,0.8545557693451015
3022437,2.5824678381613206
3022438,0.15575560150834755
3022439,1.5114373699993768
3022440,1539.5747184312931
3022441,0.14143785974253661
3022442,165.90443250858044
3022443,5.942304689279687
3022444,997.7453010740663
3022445,370.3344755788471
3022446,242.38718963472294
3022447,39.48839472335173
3022448,29.970902704472834
3022449,3056.220375345853
3022450,2.776643039546193
3022451,0.23046744493824584
3022452,7.1116691028837105
3022453,17.47655936556799
3022454,0.13455131926897732
3022455,201.1986611511149
3022456,0.5687331414267761
3022457,4.653474596885877
3022458,2.3674418311966305
3022459,8.610110526325306
3022460,1.2548778341736417
3022461,222.55348663129456
3022462,273.4618498243175
3022463,0.5980799871553403
3022464,4.013902401934749
3022465,62.064049687650986
3022466,84.85953294562006
3022467,361.6357109307797
3022468,8.226256550218746
3022469,3.2701511658646454
3022470,3.776512792349717
3022471,0.41553898374462
3022472,2.2978379302608536
3022473,1759.270698001009
3022474,0.1669058893811369
3022475,161.61666204456412
3022476,2.538127415522902
3022477,910.1516751491637
3022478,372.5116791191056
3022479,277.5234997282238
3022480,126.20850130018317
3022481,58.79644091725213
3022482,3101.139349147166
3022483,5.155894614101646
3022484,0.7141525606039426
3022485,10.471694138185008
3022486,14.996246790569646
3022487,0.15526376432811326
3022488,249.88852570151494
3022489,5.117528014757782
3022490,5.772711003347517
3022491,2.841852591156824
3022492,15.078581796826208
3022493,1.2285236273690603
3022494,137.86998797932537
3022495,213.9692134209494
3022496,0.5549345843069029
3022497,4.483262661151452
3022498,105.21876902852725
3022499,36.23670225839523
3022500,596.4371371373959
3022501,14.98526192347135
3022502,3.1493287532585312
3022503,3.213770008875914
3022504,0.11373736720386926
3022505,0.6791417295354041
3022506,1361.2456489662995
3022507,0.08660450325894613
3022508,141.94190457705517
3022509,2.6084231811910916
3022510,662.7762572417945
3022511,236.62552058960352
3022512,135.24868832028793
3022513,268.2934195741104
3022514,18.965872849932587
3022515,1984.6392680940376
3022516,3.013593806384259
3022517,0.17136832283463035
3022518,7.0837359592314435
3022519,10.344430065497978
3022520,0.07268569703341332
3022521,146.90012785794912
3022522,0.06043929836911518
3022523,2.331714520765328
3022524,1.6974283267526205
3022525,11.990576732283023
3022526,0.8183697131998714
3022527,44.772822249037894
3022528,130.3584499137687
3022529,0.6277972535818415
3022530,2.157996193128958
3022531,54.223132061902454
3022532,35.148362898851545
3022533,439.1001301229796
3022534,0.0036166613432380146
3022535,0.5671402172040589
3022536,6.502557569822662
3022537,0.35402592751696904
3022538,2.97786048984913
3022539,3118.8147272572282
3022540,0.16992618725223294
3022541,328.9889427173147
3022542,3.5369980222462343
3022543,1178.6532801192234
3022544,704.9148165728535
3022545,505.81974372053287
3022546,285.4616808629961
3022547,90.0226803047857
3022548,4699.078371432212
3022549,12.153250328768658
3022550,0.8777474998309929
3022551,19.377538232406653
3022552,22.632981819137076
3022553,0.15723605422640632
3022554,296.96210279247333
3022555,0.29983916074594114
3022556,6.504350500073844
3022557,7.696996967129593
3022558,18.712275404658765
3022559,3.394720669285947
3022560,255.79299178134698
3022561,313.6968836156321
3022562,1.526594611666799
3022563,7.2149437755637535
3022564,379.9605461985329
3022565,56.84557269711208
3022566,1244.4323800944999
3022567,46.49183414918915
3022568,8.653476875897708
3022569,2.2269581671321945
3022570,0.21652086000579154
3022571,3.0163024405451226
3022572,1902.4838985773624
3022573,0.15045180264353705
3022574,462.06109043057137
3022575,5.160129578176266
3022576,575.9951612903275
3022577,498.92716553598655
3022578,180.54738227420515
3022579,220.70577980795284
3022580,43.23085367504812
3022581,2753.902434402149
3022582,8.35635047708439
3022583,0.500289207981744
3022584,14.137366157078635
3022585,15.410978276848459
3022586,0.15105632745601005
3022587,171.6168531361809
3022588,5.348518460054453
3022589,1.9058820187727332
3022590,5.924815209268543
3022591,28.316621706972374
3022592,1.2713356015908688
3022593,76.22420690938576
3022594,164.894203813015
3022595,2.1488515375966273
3022596,5.5488220502898
3022597,140.52010595961247
3022598,39.920774656251055
3022599,1367.0760342840458
3022600,48.335919872665706
3022601,9.091438055815635
3022602,5.2659874422536825
3022603,0.40573199320465
3022604,2.7271494463794457
3022605,2626.853302863564
3022606,0.1682215663433535
3022607,193.38510324259786
3022608,4.445271877007419
3022609,994.1554552263123
3022610,378.83941654429015
3022611,309.7175394201633
3022612,79.54669217219264
3022613,39.79464263735465
3022614,3462.154238795639
3022615,10.46150633682097
3022616,0.8745825319098819
3022617,11.17697527483523
3022618,14.640299155701301
3022619,0.1736635843966328
3022620,190.55311774030227
3022621,6.224470270419306
3022622,4.97646600398895
3022623,3.368681764173512
3022624,17.91520528396615
3022625,1.9869038996940152
3022626,151.16831776582544
3022627,199.6413861338573
3022628,1.089716058204122
3022629,4.864785442283056
3022630,108.64260583170548
3022631,21.900479502891834
3022632,467.67785121031176
3022633,4.5961970482362
3022634,4.120963277210924
3022635,4.580756665805214
3022636,0.21180573863515564
3022637,6.8140170973749745
3022638,2721.1923836119095
3022639,0.23707073924756103
3022640,595.4591745094864
3022641,6.433485797725341
3022642,759.5725580495847
3022643,731.5172733774888
3022644,217.98587860840368
3022645,152.2384260908792
3022646,77.42497754799439
3022647,3541.486109384407
3022648,29.17718452409567
3022649,0.9726892058415508
3022650,15.598339334529275
3022651,23.35585334118255
3022652,0.2712953276774539
3022653,229.34886514499544
3022654,15.238523883334732
3022655,10.74593214398149
3022656,4.442252275963337
3022657,50.020420765487394
3022658,8.21990492453487
3022659,393.52325000470114
3022660,239.35665425618464
3022661,6.771026352065207
3022662,6.6268005283994915
3022663,407.09229182389913
3022664,99.93511919682466
3022665,2101.2442059321056
3022666,4.582652251578545
3022667,28.03302643744742
3022668,5.5523667975692765
3022669,0.16043631347679466
3022670,3.7646010203590143
3022671,3921.5840140675596
3022672,0.14278653862459706
3022673,479.5439929403002
3022674,5.193623898158398
3022675,1310.5529405475902
3022676,703.339912100728
3022677,577.4434240500111
3022678,127.0699464520942
3022679,63.86695643229748
3022680,5702.003514360886
3022681,10.475617234892473
3022682,0.4188753373568109
3022683,14.65711385753634
3022684,15.012983444952663
3022685,0.1695774012230857
3022686,332.49241558018866
3022687,0.8366335980383742
3022688,5.464399144340051
3022689,4.8808085425168
3022690,26.5305858741572
3022691,1.0665400160449126
3022692,285.6162703765917
3022693,356.6221028809582
3022694,2.7234607177305308
3022695,5.060487360448032
3022696,304.1634191533038
3022697,58.15138760385792
3022698,949.2535738203259
3022699,83.72168036663557
3022700,9.711415160826812
3022701,7.332430029467324
3022702,0.2539007268664868
3022703,3.1120196314277413
3022704,3114.577752202948
3022705,0.1663423028973402
3022706,437.35001424263766
3022707,3.98561975058062
3022708,1238.7277356084085
3022709,577.6868325183667
3022710,306.33883326882227
3022711,379.57148364047544
3022712,66.77377993666163
3022713,4009.101199567277
3022714,10.999279749000927
3022715,0.4212397165962379
3022716,26.08885132956488
3022717,27.89856011980309
3022718,0.17918426017169203
3022719,313.9017994960547
3022720,2.8493106910934483
3022721,1.8764336685761998
3022722,6.613252100537432
3022723,39.1667736050926
3022724,1.2770963843468306
3022725,101.91673635921285
3022726,299.9794221619107
3022727,1.6698803759290601
3022728,4.66338011851702
3022729,147.2470292469243
3022730,139.78819414109597
3022731,1162.0861229431353
3022732,1.4301314559728922
3022733,4.192406208158012
3022734,3.4344114717510728
3022735,0.16252721523738073
3022736,2.1924578483035604
3022737,1872.8659729371411
3022738,0.13545451133327258
3022739,136.77024759068087
3022740,5.053209453304798
3022741,734.7141268487186
3022742,319.2677235308349
3022743,149.31376459191253
3022744,61.152431931505035
3022745,42.10334652506982
3022746,2648.897094168824
3022747,4.426561423444464
3022748,0.4861734247043342
3022749,15.922892332446063
3022750,14.178846218884194
3022751,0.11709725081224859
3022752,180.85300071805784
3022753,0.2135028452233682
3022754,2.735967040512679
3022755,2.8875756446483383
3022756,29.356177559684156
3022757,1.7631112031759255
3022758,93.56955278697235
3022759,179.66694909415477
3022760,0.8705031022822264
3022761,4.236603363474172
3022762,128.3544232708857
3022763,23.98587485544071
3022764,484.3111961598162
3022765,10.676927278545676
3022766,1.2115213512240208
3022767,1.2601423325296979
3022768,0.15105026155002177
3022769,1.821589251563207
3022770,1396.5181124528976
3022771,0.14731573237861184
3022772,265.4342790400435
3022773,4.880786303621449
3022774,485.92876723698595
3022775,455.38506481298117
3022776,131.09318735803132
3022777,40.1298035856781
3022778,46.35441569241383
3022779,2115.9512259895055
3022780,15.512322942559909
3022781,0.3486682981155343
3022782,8.84719735192467
3022783,14.503532000624261
3022784,0.14420148281788092
3022785,122.76926092639896
3022786,9.26250870833427
3022787,1.2718459843880217
3022788,3.41345509653303
3022789,33.952592400533405
3022790,3.368533597010832
3022791,382.53955347943247
3022792,146.4569846043295
3022793,2.7448429416770654
3022794,3.9008914207232688
3022795,288.70316638355814
3022796,24.593261356358123
3022797,1122.1292252842966
3022798,0.617534737233708
3022799,5.3402369887522125
3022800,2.055618656282995
3022801,0.15519017731752485
3022802,4.718610664902658
3022803,3114.5417105814
3022804,0.1902694896616712
3022805,706.2501551277531
3022806,10.67996954244174
3022807,965.5275511047206
3022808,1209.5834757125162
3022809,264.0550095256429
3022810,221.05693341491622
3022811,133.33253242751493
3022812,3850.8682984909433
3022813,28.2652182980141
3022814,0.5411620864131919
3022815,15.073363048823706
3022816,27.137959853432424
3022817,0.2433420190546357
3022818,226.60523688881491
3022819,8.89483308394364
3022820,25.64283393876747
3022821,7.507539371313978
3022822,48.41514021059485
3022823,10.816915128825086
3022824,343.85919526251433
3022825,260.68521854843436
3022826,13.091497227971933
3022827,7.489890839051995
3022828,489.31272498411295
3022829,102.72652168526075
3022830,3245.7117561886535
3022831,3.020651011984609
3022832,19.645571313689338
3022833,2.6665371318309563
3022834,0.22120798077016257
3022835,3.209354507290329
3022836,2310.5225526028553
3022837,0.27876389125314893
3022838,455.20931172916397
3022839,5.334130222444386
3022840,474.5445338252842
3022841,663.7823087693414
3022842,166.47794218017
3022843,129.92958068531405
3022844,89.19142826670371
3022845,2195.577197587837
3022846,19.651936922241102
3022847,0.7298342697406293
3022848,15.22973262034204
3022849,17.499281415517626
3022850,0.25845917958733894
3022851,109.6202626221631
3022852,0.49530002935472184
3022853,14.56495862336566
3022854,4.131028029475527
3022855,120.784717844893
3022856,7.969804733099981
3022857,206.14814354403893
3022858,119.47375572937746
3022859,4.615938436066935
3022860,5.994366153100804
3022861,189.51354283504836
3022862,38.24084852271195
3022863,1754.2921460794603
3022864,1.334507812454328
3022865,3.944643138287456
3022866,2.386658676037213
3022867,0.10733490977238619
3022868,0.3444935734250451
3022869,758.1647049917207
3022870,0.1128948182770087
3022871,226.03087395387598
3022872,3.247793093992612
3022873,296.0360982734739
3022874,245.04501449402426
3022875,83.4413896037331
3022876,29.03307045335107
3022877,22.179541908939623
3022878,1344.5008079287854
3022879,3.5695025065826917
3022880,0.30065225251927824
3022881,6.4093093453233365
3022882,5.879717641153799
3022883,0.11610193237313336
3022884,65.650018687667
3022885,0.09350999814557588
3022886,5.375942950040862
3022887,0.6844856472303573
3022888,11.553525000877562
3022889,0.12006433853686065
3022890,227.64503214335804
3022891,102.58048020684589
3022892,1.193413766155071
3022893,1.0145479651029108
3022894,119.00229723799085
3022895,18.06680031939075
3022896,392.1071390001059
3022897,1.078847794231487
3022898,1.2922948139584685
3022899,5.1229496158178485
3022900,0.196413184310372
3022901,4.047512239779664
3022902,3358.563337502402
3022903,0.23166194168635312
3022904,679.1372777213813
3022905,11.306600387889885
3022906,936.8562187743155
3022907,1097.7202513764896
3022908,299.56432779114
3022909,244.56984964005912
3022910,109.28829113173512
3022911,4316.0214243024475
3022912,26.536197158710525
3022913,1.6402524416266704
3022914,14.53206708920104
3022915,28.744912442419086
3022916,0.24513084250646655
3022917,245.06491601905998
3022918,5.495604007751985
3022919,28.230860603669882
3022920,7.46991919083802
3022921,73.09379650105068
3022922,3.215666902425653
3022923,303.0645080122841
3022924,265.47511874581255
3022925,8.568643091862171
3022926,8.64355284956204
3022927,415.11164137723125
3022928,79.23656523658678
3022929,2828.74778415577
3022930,1.408469567063839
3022931,16.296139353565255
3022932,4.61732016450478
3022933,0.16172884215444136
3022934,2.2201825662277948
3022935,3283.0970546855847
3022936,0.16723466447934265
3022937,616.6256139471225
3022938,8.334221105684094
3022939,1063.897731866088
3022940,849.2982600691865
3022941,315.76730984472925
3022942,334.23575718282024
3022943,52.80537496137854
3022944,4743.962677734129
3022945,14.384150326577549
3022946,0.5315338705051521
3022947,22.233754713671296
3022948,18.429399127601407
3022949,0.45265352943118276
3022950,254.02222360493116
3022951,0.22720896882630362
3022952,3.647339530376038
3022953,4.007300909719392
3022954,22.205724836360663
3022955,0.8478951901599436
3022956,171.35018508230078
3022957,288.96146761590677
3022958,3.9116571835105685
3022959,3.5502048166869224
3022960,182.88660457087204
3022961,74.84001667944688
3022962,1432.397935004175
3022963,1.8571389230849553
3022964,3.4277737387686313
3022965,4.452992279179312
3022966,0.3054872469755603
3022967,2.410388107801533
3022968,3060.1616016723337
3022969,0.15831905388680304
3022970,676.8704137004294
3022971,7.193695931677888
3022972,938.4168135181526
3022973,704.0879344734165
3022974,261.0845882672182
3022975,384.7305074059055
3022976,53.776204776351925
3022977,3884.6530604554914
3022978,13.882979724557375
3022979,0.8118077632758067
3022980,21.505538822186388
3022981,15.379208960420932
3022982,0.15738654926087414
3022983,237.91199550267064
3022984,0.21291213501217954
3022985,3.726240405400848
3022986,3.6093548923663614
3022987,36.02829054556454
3022988,0.9573844510498731
3022989,118.5128058242904
3022990,237.12311091988428
3022991,3.2253945392277354
3022992,3.9530259389895543
3022993,175.74907091298033
3022994,59.04438864421028
3022995,1030.3761485426014
3022996,1.944956614312833
3022997,4.814410521798732
3022998,8.154901404426269
3022999,0.5625190818542262
3023000,14.536415859476625
3023001,7768.490621112658
3023002,0.501276840918893
3023003,1156.5697980675152
3023004,24.45152790708684
3023005,1881.7622633362203
3023006,2049.323874324401
3023007,351.96531497369136
3023008,458.10937147192783
3023009,297.1492277692343
3023010,7760.979846269631
3023011,74.00282185171724
3023012,2.2651661036402135
3023013,42.54532620947253
3023014,55.28858077253403
3023015,0.6634796411441065
3023016,500.75923258635805
3023017,36.880408351219764
3023018,40.72564838706776
3023019,23.37512320831828
3023020,146.08831663422987
3023021,23.081787420184227
3023022,679.5868482180584
3023023,537.38675831526
3023024,15.623912423898522
3023025,23.68078773495233
3023026,1116.221126136245
3023027,213.72699674506103
3023028,7555.063510573127
3023029,1.3143354208227518
3023030,82.39574751255002
3023031,2.098171437984348
3023032,0.16926162734108038
3023033,0.38033035338492
3023034,1489.7961936245247
3023035,0.12921399966026478
3023036,162.57629232932382
3023037,3.0726984789716263
3023038,505.863249207018
3023039,266.3460886604383
3023040,115.85529564683686
3023041,215.97333088951487
3023042,33.6595035193961
3023043,2059.2755942268423
3023044,4.272186073426446
3023045,0.2301983101253473
3023046,9.33583227237371
3023047,6.445728894866623
3023048,0.11224781872574631
3023049,130.81148275893878
3023050,0.35816330426930426
3023051,2.7487410286553247
3023052,1.9006463099017867
3023053,16.462193244420554
3023054,0.47526641176926643
3023055,55.68844247068929
3023056,91.93481159864045
3023057,1.1841784658654477
3023058,3.040247222523157
3023059,91.10848052905905
3023060,18.15692157024447
3023061,516.2794512427724
3023062,1.394956442575092
3023063,2.8031638294863694
3023064,6.065566960384459
3023065,0.17086891426833714
3023066,1.0844124247376536
3023067,3379.6728125720774
3023068,0.1664117426839721
3023069,553.38363553672
3023070,6.202359306810198
3023071,1080.968075167845
3023072,618.8851530650045
3023073,216.74433036495256
3023074,425.82061163883424
3023075,53.51416991571079
3023076,4377.2580664197085
3023077,10.550549630996738
3023078,0.3151008546606126
3023079,17.06507835977158
3023080,17.323729123656555
3023081,0.19702551026190618
3023082,256.9226182863005
3023083,0.44482726259121624
3023084,4.112355836256037
3023085,5.545221487643468
3023086,12.570593016283052
3023087,0.9820514022675043
3023088,314.5620736400075
3023089,251.33127045995678
3023090,2.7082738308934866
3023091,4.519136254846705
3023092,111.75538020946367
3023093,56.88156465173541
3023094,1049.7044750158134
3023095,1.9276771964598505
3023096,3.9156050837143925
3023097,0.974063228309281
3023098,0.09963865087250613
3023099,1.5562971171225894
3023100,1097.6003813080958
3023101,0.09402403154577986
3023102,118.86249852988159
3023103,1.9930032431875853
3023104,540.7227535287824
3023105,164.78846639156018
3023106,81.01625074348047
3023107,596.8063043744203
3023108,13.92708117843883
3023109,1726.767650344796
3023110,0.9249409429591307
3023111,0.1815109121237927
3023112,6.153403866615955
3023113,3.0851152431721776
3023114,0.07790721393343898
3023115,82.75620042873426
3023116,0.07818398513836876
3023117,2.582116089080764
3023118,0.5091361439189357
3023119,6.32700182618881
3023120,0.1103371773683101
3023121,67.02710478361205
3023122,77.71881183856411
3023123,0.4010398914507908
3023124,0.8419864711591115
3023125,46.93508890384622
3023126,8.910993244749589
3023127,173.41360543500846
3023128,0.6977395409664533
3023129,0.9884510683546397
3023130,5.201365378113814
3023131,0.1310884707331111
3023132,1.2292288392571582
3023133,2003.9062048034898
3023134,0.12409602479511839
3023135,220.34223578896732
3023136,4.23798425882367
3023137,914.5797186885708
3023138,367.29914672207656
3023139,157.98091807653222
3023140,543.6996792506663
3023141,39.74782545034031
3023142,2787.4162782062713
3023143,2.033947569179728
3023144,0.36177612551194394
3023145,19.508899012155634
3023146,13.883820630822807
3023147,0.10955121716991895
3023148,199.61713374823648
3023149,0.09676162186545298
3023150,2.7074448573287677
3023151,8.384359972033154
3023152,14.638605882974861
3023153,0.811234815488833
3023154,189.50025445903123
3023155,209.28696173724407
3023156,1.0811091841587148
3023157,2.4755847067849555
3023158,162.24399473038696
3023159,25.21838138836639
3023160,1076.400892304291
3023161,0.6812080128594163
3023162,0.4420832894385913
3023163,2.6004626149835386
3023164,0.2162139632346444
3023165,1.4811184341049781
3023166,2536.5944371180617
3023167,0.17718076585287426
3023168,664.3578152696966
3023169,6.427933751341255
3023170,964.3672786395917
3023171,605.6739199693806
3023172,215.00509806413214
3023173,152.5229059069934
3023174,53.05409505647449
3023175,4185.691545932474
3023176,5.922568332671873
3023177,1.9822425514185118
3023178,18.484601732746015
3023179,30.516556830580676
3023180,0.2192602988530179
3023181,193.4104257025653
3023182,1.093874087525303
3023183,3.772267320021676
3023184,2.7216260665820804
3023185,19.748370570102075
3023186,1.6780908636046288
3023187,163.78658942493942
3023188,263.6181119919917
3023189,2.6199168702430344
3023190,5.463937165665899
3023191,137.56514299093078
3023192,25.675084898439223
3023193,586.5219784260602
3023194,3.2641600725034885
3023195,1.9485493957321682
3023196,2.714656467262234
3023197,0.1014898396152167
3023198,1.2992668508449126
3023199,1435.4730653312392
3023200,0.09586576834708783
3023201,99.23933241124597
3023202,1.2696641182663821
3023203,455.8534636157485
3023204,168.45317638193868
3023205,85.41364599476132
3023206,218.96219769891104
3023207,27.20373352609166
3023208,1996.1615508779964
3023209,3.7432843481684888
3023210,0.32691287943082026
3023211,7.636947042501598
3023212,4.296752294110436
3023213,0.07968984760643444
3023214,89.15539039939769
3023215,0.08040217054125971
3023216,2.354156262375587
3023217,0.4830035297774046
3023218,10.739133843764533
3023219,0.40452371089656264
3023220,153.6299156886495
3023221,84.93030802736939
3023222,0.4968368670964387
3023223,0.6585042219787863
3023224,43.58223375184836
3023225,15.129793683541392
3023226,316.50877420056787
3023227,0.5681683299828939
3023228,0.5139937229614778
3023229,3.1383042071422285
3023230,0.12060489380014455
3023231,0.5135288381111421
3023232,2994.0212711167487
3023233,0.12484929638191827
3023234,469.1141521240676
3023235,5.606173451996004
3023236,754.3705630163569
3023237,486.80683961734354
3023238,169.05605205755802
3023239,163.6107678318414
3023240,57.01857607424886
3023241,3340.114496556864
3023242,4.605904181939102
3023243,0.25021706649080677
3023244,15.347329317072756
3023245,8.823026088019228
3023246,0.1189750501078236
3023247,191.3633345574186
3023248,0.10520103519927335
3023249,11.528337601694703
3023250,2.0065066449527063
3023251,25.43383986455742
3023252,0.7284733289912791
3023253,185.09028049714522
3023254,195.61058179414005
3023255,2.308920275236243
3023256,2.0907173311284484
3023257,103.99708059178133
3023258,34.0491827861753
3023259,1023.1275074954714
3023260,1.0019852231676316
3023261,0.5664923525292713
3023262,2.92205981399625
3023263,0.2042983756930956
3023264,7.531551147559701
3023265,2816.7867414575885
3023266,0.20961432670857533
3023267,553.4872466015091
3023268,4.992013050760015
3023269,875.4434751502337
3023270,899.1685406792951
3023271,169.06339884032266
3023272,123.60815447214287
3023273,98.39663274889283
3023274,3612.0974599611595
3023275,41.977193205350275
3023276,1.163254895415118
3023277,24.921848280203815
3023278,26.356067732494857
3023279,0.25025473662972886
3023280,235.0876148752617
3023281,18.01764244935158
3023282,16.486311560404154
3023283,3.018212503483763
3023284,76.63042324981582
3023285,8.559293792893982
3023286,205.13846140739372
3023287,278.388031306217
3023288,11.52807121809135
3023289,12.874237688791402
3023290,240.6726336541348
3023291,73.34319217379037
3023292,2456.221427841732
3023293,2.8862409350977383
3023294,9.506651327955415
3023295,4.447630011681918
3023296,0.13919951876258754
3023297,6.506592104465655
3023298,2267.5793046875033
3023299,0.14850897956558473
3023300,458.31732230317607
3023301,8.796755563922234
3023302,858.8863932843295
3023303,709.1154704934673
3023304,156.98417474087427
3023305,82.65794301921548
3023306,83.53751668589736
3023307,3498.13050611248
3023308,20.556104191248654
3023309,0.612969240109671
3023310,29.372456369544448
3023311,28.530827528083215
3023312,0.1423502469131116
3023313,296.26671605677154
3023314,17.53981217460174
3023315,9.667503679186277
3023316,6.145097706060305
3023317,54.30616721794166
3023318,9.672868370663817
3023319,179.97577756313166
3023320,366.4782329284978
3023321,6.770549399161569
3023322,7.6424800269967905
3023323,117.90916816909518
3023324,70.94236554535505
3023325,1862.73693562482
3023326,1.1695470339868113
3023327,13.14460034217761
3023328,6.983637960059212
3023329,0.23626418136394403
3023330,3.3275055120207813
3023331,3684.105085623836
3023332,0.23352479725222428
3023333,685.1238578825335
3023334,3.756164552799795
3023335,1634.9597001210623
3023336,655.0620110870648
3023337,211.99059457636062
3023338,1716.6325334681808
3023339,62.60567259620842
3023340,5444.2868648384565
3023341,33.06502453325326
3023342,1.4216810353881653
3023343,21.337741888238032
3023344,18.19905061532611
3023345,0.23604096413639555
3023346,345.37183628937913
3023347,3.2242676805853243
3023348,10.238870882183884
3023349,8.067139029357199
3023350,31.851256314785413
3023351,3.0676486346983762
3023352,164.96990405203505
3023353,329.17417879299825
3023354,6.246853173748996
3023355,7.638373082379649
3023356,218.7091259582245
3023357,52.64681382102747
3023358,1565.228688651788
3023359,18.9784444414601
3023360,11.509568789901243
3023361,2.870817994940741
3023362,0.21733101767593654
3023363,4.434826040120483
3023364,2266.952760245381
3023365,0.14075902925556824
3023366,340.79725545399424
3023367,4.612076805997251
3023368,689.0817246417798
3023369,670.0694973535867
3023370,162.86808573768727
3023371,119.3644406180701
3023372,59.74652492254796
3023373,2964.548701867135
3023374,19.57862192855211
3023375,0.6964091172129592
3023376,10.89139042319308
3023377,10.390034222893286
3023378,0.19138799242557475
3023379,175.4930551123102
3023380,12.348396875786152
3023381,13.596541281411652
3023382,1.7248009866418106
3023383,42.18577984338423
3023384,5.289321672223403
3023385,317.80691921796887
3023386,208.65924372955607
3023387,4.8696325975479136
3023388,6.243602451361725
3023389,334.1484274069869
3023390,40.59638555350416
3023391,1950.5319317913384
3023392,1.2513062276692828
3023393,20.943969981583994
3023394,2.5102088854767675
3023395,0.17410649025298855
3023396,2.7772564812061225
3023397,4826.8304732825145
3023398,0.1694571419376505
3023399,494.12503671259054
3023400,5.733538495784275
3023401,1710.2978127007448
3023402,680.1333723241221
3023403,278.35647864806265
3023404,258.7925196559646
3023405,57.26911838399095
3023406,6019.457783768763
3023407,7.7033787238058435
3023408,1.3614488331798777
3023409,23.154243293868728
3023410,20.803063158899278
3023411,0.16053652679599179
3023412,396.93270414395363
3023413,0.20935776437436016
3023414,0.7140582176089533
3023415,7.367413419943213
3023416,18.609174955674003
3023417,1.4761922378720573
3023418,137.13403489496477
3023419,330.6450710960573
3023420,2.5487119834545746
3023421,8.855815374672662
3023422,181.5840877284241
3023423,58.362559991044535
3023424,1157.1725275667718
3023425,0.9662267557850437
3023426,4.496999020170259
3023427,5.960801217374639
3023428,0.16138260734888288
3023429,7.3593143840614985
3023430,2334.5593143982787
3023431,0.16087310376574995
3023432,492.1695555645855
3023433,6.948306436174557
3023434,928.1159423655255
3023435,721.8816463573216
3023436,204.53150191729745
3023437,132.90103420337647
3023438,104.84053932829413
3023439,3552.5333027882584
3023440,31.566777019147665
3023441,0.8196706113956226
3023442,20.432955185989783
3023443,26.194667569354078
3023444,0.1525677923529595
3023445,228.4276594882896
3023446,12.766749126825113
3023447,9.948402767265192
3023448,5.559389721104078
3023449,42.80408717977233
3023450,9.545625456907727
3023451,203.8943840103767
3023452,283.5821812568785
3023453,11.196989337322272
3023454,9.301064786884655
3023455,196.7242600499632
3023456,58.672857415463824
3023457,2038.821274451357
3023458,1.29647068387691
3023459,5.813339355965642
3023460,3.0533917076604578
3023461,0.23262215433582337
3023462,4.336133949822076
3023463,2535.22630625339
3023464,0.18802497922462025
3023465,496.04403847914756
3023466,6.99130132578315
3023467,719.0803767596171
3023468,806.4000246456766
3023469,181.98677391448715
3023470,134.85362499738306
3023471,101.23345308571376
3023472,3180.7571193231106
3023473,28.295878633418372
3023474,0.9479475079474426
3023475,19.48839978833249
3023476,23.24437633974849
3023477,0.2079796263135323
3023478,203.2198984391695
3023479,9.549003339195874
3023480,30.44008072713406
3023481,6.676547413766436
3023482,45.53889779366332
3023483,9.284123336462116
3023484,220.6354706214382
3023485,221.2073260556509
3023486,7.644978232744375
3023487,7.830374525602795
3023488,208.7098716490556
3023489,51.329298862325096
3023490,2412.2243043431954
3023491,1.6975443586732002
3023492,11.81049256981432
3023493,5.188820645162901
3023494,0.14993088820245531
3023495,2.9517788271822583
3023496,5317.338687102622
3023497,0.15569898430916485
3023498,646.640635709366
3023499,11.10719838626383
3023500,1347.6979197956152
3023501,810.597161879182
3023502,336.30309706486094
3023503,408.19757485509217
3023504,66.67596505281759
3023505,5220.58697274718
3023506,9.705764760824291
3023507,0.257174269923358
3023508,14.995665288989462
3023509,20.00667349214134
3023510,0.14172085974949714
3023511,295.79411544928286
3023512,0.21155118784951463
3023513,4.371937497127289
3023514,1.325764017180128
3023515,52.23670400918267
3023516,2.2259496225866022
3023517,232.18209977384433
3023518,311.3424174110691
3023519,2.948562474293053
3023520,1.906845633787258
3023521,228.68370057653482
3023522,148.4488005666943
3023523,1335.7464030535737
3023524,2.143048938546723
3023525,0.48938335261506977
3023526,13.142006435624692
3023527,0.503088972037062
3023528,14.70337504804925
3023529,8980.720114164269
3023530,0.32946574784750715
3023531,1474.6059720827184
3023532,18.201952841462866
3023533,2228.986870909925
3023534,2248.27172732901
3023535,506.70859429887025
3023536,555.2768516149349
3023537,317.6259513143279
3023538,9444.188603264776
3023539,73.33305329460214
3023540,2.903609931263204
3023541,81.82365044599202
3023542,95.5962562579614
3023543,0.5486291510260917
3023544,585.5439414866554
3023545,33.20462171556073
3023546,18.99287267104852
3023547,46.39263247368328
3023548,212.8851620279619
3023549,22.26702049901686
3023550,746.7569566376226
3023551,548.4479244527013
3023552,30.536715797198603
3023553,31.89855541785994
3023554,1027.1108342572645
3023555,286.287642514663
3023556,8915.89579115865
3023557,911.2653367306735
3023558,83.20443321059659
3023559,12.781281887350126
3023560,0.3302690599119092
3023561,14.14355801396918
3023562,9544.63351317103
3023563,0.323605952227341
3023564,1225.1409370727467
3023565,19.32381578883154
3023566,2545.5131287420827
3023567,2161.6441137108827
3023568,709.4376729678477
3023569,376.42411592053145
3023570,271.25896048936943
3023571,11339.79413564063
3023572,101.96399604366377
3023573,1.0711129816435832
3023574,53.7030572967712
3023575,76.33826796142877
3023576,0.6258653323158812
3023577,660.3381285757188
3023578,26.410546217782116
3023579,24.54123034251694
3023580,16.968221214105316
3023581,151.3490533464699
3023582,18.90405812702168
3023583,1032.3839832112653
3023584,770.5688521823884
3023585,21.50792544155892
3023586,29.769017173500977
3023587,1286.851576499183
3023588,237.25120219491933
3023589,6765.930549819657
3023590,798.6392709638799
3023591,84.06552709916654
3023592,9.757528467244901
3023593,0.28915005633068935
3023594,16.024658576750486
3023595,5258.2615896160105
3023596,0.23401920546327912
3023597,828.139350815858
3023598,10.438319391289301
3023599,2020.1808323116752
3023600,1390.3279659749146
3023601,717.9588650156523
3023602,132.0388759164974
3023603,204.33462457708
3023604,8630.994088350384
3023605,41.109373928844335
3023606,1.8115507071909789
3023607,32.902772690344044
3023608,27.299228300457177
3023609,0.4989548172901912
3023610,561.15308581447
3023611,30.77177405420792
3023612,16.84473265743981
3023613,12.34144040879104
3023614,85.24912380464941
3023615,8.373038588606887
3023616,937.8016331088428
3023617,646.3056724553126
3023618,17.94784692999762
3023619,37.76742899389338
3023620,683.5928592399757
3023621,114.98839454663604
3023622,2511.0249737759186
3023623,549.8022709061822
3023624,38.13453152462946
3023625,12.006499775271145
3023626,0.29138221632541883
3023627,16.86584448991145
3023628,8308.340846752746
3023629,0.2415462823179777
3023630,1130.518287501375
3023631,15.112699932917112
3023632,2126.854579287958
3023633,1969.4818804878419
3023634,632.9305271764347
3023635,325.79812900595175
3023636,207.5667344270079
3023637,10292.826471977392
3023638,43.21864710959748
3023639,1.0328615816881304
3023640,52.548901048565696
3023641,64.1296421178134
3023642,0.6915201935396987
3023643,580.1575979220329
3023644,25.919387969369634
3023645,22.06981996689572
3023646,22.245474411165368
3023647,133.33892623164078
3023648,12.45529443805876
3023649,811.7402751579941
3023650,699.5685979913367
3023651,18.598899483866518
3023652,23.141647114806624
3023653,1094.0787545713963
3023654,221.0778805439189
3023655,5693.5867546311865
3023656,863.7572665869177
3023657,66.68514671666243
3023658,9.848578758989623
3023659,0.23597841097804653
3023660,15.91809609267608
3023661,4337.084421782056
3023662,0.1684581301039205
3023663,801.2582812024539
3023664,11.48557493831261
3023665,1961.6788065007745
3023666,1148.376234972253
3023667,590.8375067708547
3023668,104.65091786650453
3023669,146.88778550725493
3023670,7302.455049572538
3023671,32.97882665890959
3023672,0.3854190321110736
3023673,24.278000271879282
3023674,27.49619553821045
3023675,0.2502832032787666
3023676,518.7244631562073
3023677,25.021014829813364
3023678,8.051645799096004
3023679,15.02199066074861
3023680,82.67054098460447
3023681,5.234738634966614
3023682,784.1257033553117
3023683,675.0248040833566
3023684,14.410399008142663
3023685,23.99447904139518
3023686,770.9641892492809
3023687,81.54655094995923
3023688,1846.4122721111355
3023689,693.8170921492007
3023690,19.977973215263553
3023691,9.156589588072178
3023692,0.2863278435983811
3023693,11.989018131304144
3023694,6797.723882998179
3023695,0.28244288120987915
3023696,1157.5598735883784
3023697,19.69778012463444
3023698,1818.5778382341302
3023699,2130.8836697252214
3023700,431.1570542050415
3023701,442.4657380925724
3023702,266.74797419099434
3023703,7960.186910134888
3023704,72.29038921594429
3023705,1.0542168763621786
3023706,40.82766372394002
3023707,50.37304517031308
3023708,0.4877472673983143
3023709,472.5213084256063
3023710,17.14856258578387
3023711,22.063540390711786
3023712,12.176163203458593
3023713,167.32819057976118
3023714,17.3467422551996
3023715,794.0797328259135
3023716,565.7912252460281
3023717,16.663863407060433
3023718,28.790120578670912
3023719,981.8635530940318
3023720,209.70498599084405
3023721,6860.387394463339
3023722,423.5836840146947
3023723,75.1590636958247
3023724,4.988510147902172
3023725,0.2852772046596663
3023726,7.149599278265061
3023727,1892.9837980464638
3023728,0.2790155461352734
3023729,375.3733273411737
3023730,19.590619292193495
3023731,831.3073102683334
3023732,562.9447153579283
3023733,226.7411202654966
3023734,82.67093031308946
3023735,76.86404044454186
3023736,3044.482508813646
3023737,26.883510992252802
3023738,0.8629738022209587
3023739,23.107360436692456
3023740,20.263135677212492
3023741,0.304912161196157
3023742,202.7453485441156
3023743,10.136342259124303
3023744,6.88980136182384
3023745,9.294906755013233
3023746,37.05977331560584
3023747,7.119088713732618
3023748,240.28474390702743
3023749,233.5914118599174
3023750,2.432185379365999
3023751,6.497541349341162
3023752,204.6854587461223
3023753,63.04148669704982
3023754,1491.9318001088054
3023755,1.2459889693702415
3023756,8.927826420782882
3023757,8.553612772927211
3023758,0.26495995019813373
3023759,13.469245611568045
3023760,4292.497725076638
3023761,0.2543265974301961
3023762,608.4726027763056
3023763,24.269722191402163
3023764,1592.4934256439324
3023765,1117.6162360385192
3023766,445.4923164400086
3023767,110.66825685026892
3023768,134.07549172330567
3023769,6890.7806139233735
3023770,69.16704688848137
3023771,0.972474645643484
3023772,43.865108637294405
3023773,31.23727475525413
3023774,0.33170561677523375
3023775,386.9275073345889
3023776,19.200109056029312
3023777,7.188175384057576
3023778,2.923608866839093
3023779,96.32727058809412
3023780,8.925563406575225
3023781,529.4180245173604
3023782,543.9159377810049
3023783,11.873034640539217
3023784,22.414157843116154
3023785,411.40179436704994
3023786,79.03644331990053
3023787,2118.3064045140295
3023788,635.1790423001962
3023789,14.64588288548942
3023790,5.888097759581281
3023791,0.23654307373411093
3023792,4.305427605050276
3023793,4302.1477232824445
3023794,0.23787884089214728
3023795,857.6752456372278
3023796,7.021185676818787
3023797,1327.6519484918856
3023798,1491.727396370695
3023799,253.1015469084404
3023800,316.3486364067183
3023801,197.8143591423508
3023802,4965.757621374665
3023803,40.82899548671556
3023804,1.062988086952207
3023805,23.048363106288672
3023806,32.971211114654935
3023807,0.2407769563063557
3023808,271.4287743609054
3023809,1.453061492768191
3023810,32.28042211394345
3023811,3.365796360925999
3023812,77.61907012376506
3023813,8.527720187027489
3023814,572.2869575919672
3023815,298.6547300468596
3023816,16.38404767296292
3023817,10.356685234972955
3023818,754.8317032932437
3023819,115.73099950127695
3023820,4802.588929560475
3023821,2.823662357625291
3023822,40.550056037981804
3023823,7.5659047726842985
3023824,0.23238057943377236
3023825,8.29652387590775
3023826,4298.287994884166
3023827,0.2425877310593472
3023828,862.7291781853035
3023829,8.635564284228538
3023830,1473.2599756900463
3023831,1172.2916426690501
3023832,323.0855094259294
3023833,217.22205185291082
3023834,250.92991435419998
3023835,5900.828478053143
3023836,40.0128997473103
3023837,2.287399731863669
3023838,41.325186121112026
3023839,40.91099349447145
3023840,0.27465730965562013
3023841,315.45161477287536
3023842,6.629844580838533
3023843,38.04718446427196
3023844,6.411217611578408
3023845,182.26706616337793
3023846,7.694514835976775
3023847,431.4740873953413
3023848,318.63453199765326
3023849,11.637710098188773
3023850,20.035463012825353
3023851,442.2355023910271
3023852,127.41263796354849
3023853,4303.512873750998
3023854,4.6524698899880175
3023855,7.111255436597303
3023856,5.933281622510696
3023857,0.13562753861214932
3023858,3.144503028026382
3023859,1970.8965903780831
3023860,0.14250582861540964
3023861,431.01759476498466
3023862,4.983206169134709
3023863,833.4244845098859
3023864,475.23081086492937
3023865,196.99002465625648
3023866,81.34787170045674
3023867,86.20739363751085
3023868,2815.955979461047
3023869,11.540657206671996
3023870,0.7606751131634681
3023871,20.545811255778908
3023872,18.296754162281605
3023873,0.11220449141134504
3023874,184.87401402071058
3023875,3.1740598353371494
3023876,8.090210839304822
3023877,4.418116205262768
3023878,42.97181388576578
3023879,2.876169895872702
3023880,218.87527384141777
3023881,208.56833008709177
3023882,3.4918289784210113
3023883,4.324324533310547
3023884,153.4826280462394
3023885,51.47051203449767
3023886,1689.7724791767566
3023887,1.3921717866420735
3023888,2.5759687782923737
3023889,4.774662380807884
3023890,0.15405878020172048
3023891,0.7576122337210948
3023892,2864.680080951278
3023893,0.13988962222757798
3023894,242.46760530030056
3023895,2.783288792327063
3023896,1065.4935155639691
3023897,267.94382798987016
3023898,206.62036471919
3023899,70.03739829261895
3023900,23.85088691383727
3023901,3192.720456222039
3023902,6.80878485925742
3023903,0.5358468419370216
3023904,14.359683381317916
3023905,7.753356128263486
3023906,0.11104154556982719
3023907,207.85472656746924
3023908,0.10476339467171479
3023909,2.601063163215293
3023910,2.7251293434628923
3023911,14.116794695820488
3023912,0.6452773570989108
3023913,51.9304522540959
3023914,200.5521855117273
3023915,0.1612834727586104
3023916,1.2171417116725214
3023917,57.25745066642728
3023918,84.22246297041627
3023919,568.0782945179755
3023920,1.0538169082734026
3023921,1.243224458839494
3023922,4.983931876447833
3023923,0.15417682861376988
3023924,6.17558662465287
3023925,3101.807344152117
3023926,0.20159029676826137
3023927,525.6133648462969
3023928,7.705233369840278
3023929,1039.3594680789658
3023930,920.8166564846455
3023931,309.6179927152091
3023932,161.31404405274736
3023933,113.14447985350114
3023934,4464.884027913845
3023935,29.51891653863074
3023936,0.6217821935916339
3023937,23.17796617202991
3023938,37.567016621466486
3023939,0.26010472025010145
3023940,279.8027366574056
3023941,16.660244884808467
3023942,12.316826789139046
3023943,14.320416042971074
3023944,50.07653519368177
3023945,5.758083445412628
3023946,386.97695740676045
3023947,315.3761062623203
3023948,7.417381526593839
3023949,11.847186460477248
3023950,486.55152726083213
3023951,75.52961669812649
3023952,2382.6100546961934
3023953,5.393324965769285
3023954,33.702185145725736
3023955,3.983062991132051
3023956,0.19436682245271403
3023957,5.524933091155845
3023958,3863.291553070333
3023959,0.20533513795429165
3023960,679.7289705530468
3023961,12.69293754994091
3023962,1064.0452157857321
3023963,1328.2685052874783
3023964,212.6330609586489
3023965,298.14234544418815
3023966,190.51029400230706
3023967,4093.3880056112953
3023968,33.971160500395335
3023969,2.0305701712388244
3023970,25.26623430306456
3023971,27.611114732874537
3023972,0.6613214074261449
3023973,256.4272705627467
3023974,11.522637829142054
3023975,32.899987810907064
3023976,8.221962820047754
3023977,105.03125924848982
3023978,11.781905922115085
3023979,484.44194567021873
3023980,294.14880503142024
3023981,6.872464761526487
3023982,13.90438222371126
3023983,660.535791718594
3023984,129.10525088880354
3023985,4945.428439314082
3023986,1.0703773149608986
3023987,40.1876675785668
3023988,3.4374998310200096
3023989,0.43878739401628136
3023990,10.27357437960877
3023991,4140.967778286683
3023992,0.22263687969768595
3023993,770.1873088778893
3023994,13.66991869473552
3023995,1118.00185399413
3023996,1350.0554269173697
3023997,269.7090994873248
3023998,302.35990906946637
3023999,145.85674719537982
3024000,4580.84797885977
3024001,35.798713703691774
3024002,2.4533172708615036
3024003,29.762929061507894
3024004,41.64996363258328
3024005,0.35336901998219583
3024006,322.5032005827965
3024007,22.656208125063355
3024008,25.07484957248478
3024009,20.888894297277883
3024010,90.18722688252328
3024011,16.151919462443065
3024012,403.14489916263574
3024013,341.7953704410276
3024014,15.566471418379479
3024015,18.739091416121504
3024016,578.8234440067914
3024017,140.3833957303964
3024018,4173.434114780098
3024019,1.3928114290084626
3024020,34.14451994793196
3024021,8.943529951196002
3024022,0.21405735858442937
3024023,6.673027858199933
3024024,3301.2458904200194
3024025,0.16607345911257743
3024026,473.00780396923005
3024027,9.03138913395859
3024028,1480.6193242422933
3024029,755.7168631088936
3024030,498.3874466371309
3024031,266.7989080919992
3024032,74.23228534083113
3024033,6189.833465285856
3024034,8.192933878630372
3024035,0.9491459695050173
3024036,32.7998551689124
3024037,31.25738093231764
3024038,0.23784577984368513
3024039,371.7338798941313
3024040,6.80799324381363
3024041,3.704757478453681
3024042,8.829102649878603
3024043,35.56418119021809
3024044,2.9071055267769172
3024045,299.57712537631215
3024046,420.6741980964994
3024047,5.6150114785169585
3024048,6.030428003360127
3024049,330.85104316983205
3024050,85.27368200024867
3024051,1369.8457054480834
3024052,155.77461188645228
3024053,12.33156246112945
3024054,3.54380096672876
3024055,0.30177785747176933
3024056,3.96028056433743
3024057,2070.3738605911058
3024058,0.33171946575102423
3024059,346.34484970145394
3024060,9.64820492160524
3024061,665.7505220691492
3024062,626.0036163818223
3024063,131.68453498112078
3024064,135.35206256742012
3024065,111.28941008364488
3024066,2576.1543464148426
3024067,17.8684526144002
3024068,1.2883720357203272
3024069,19.592540785322957
3024070,24.255369566430563
3024071,0.38455582762667145
3024072,181.91084904625512
3024073,13.190212667942856
3024074,16.733660557951442
3024075,6.399552277688168
3024076,81.25286647535283
3024077,5.450612918121914
3024078,279.8997753760128
3024079,172.01157970974572
3024080,3.4113877983912637
3024081,9.055052675845536
3024082,277.80481007638815
3024083,61.82279641901343
3024084,2099.885286993549
3024085,4.1278896324707075
3024086,22.332995682733834
3024087,1.1312764459844082
3024088,0.11852818387657271
3024089,0.9970859963446345
3024090,1430.5049221960876
3024091,0.10381047191304317
3024092,97.88468699561844
3024093,2.371904427092315
3024094,706.5696211536982
3024095,286.86097333061264
3024096,204.0138639004804
3024097,42.79181104836814
3024098,28.785648920802988
3024099,2556.7787054567975
3024100,2.710601994093272
3024101,0.24353427248755483
3024102,6.184465404996206
3024103,6.877562183976614
3024104,0.08943555021835536
3024105,162.27504131043042
3024106,2.32071783741303
3024107,2.2617730411207675
3024108,1.0568700727665843
3024109,8.154083857099085
3024110,0.19054936849864454
3024111,176.29655506637965
3024112,171.2181797842037
3024113,0.5492442832293484
3024114,2.505963671753651
3024115,123.31386282697771
3024116,22.737515465724165
3024117,319.6181219825721
3024118,8.04918255296897
3024119,1.0861452510963467
3024120,5.728580082329324
3024121,0.18710393741294912
3024122,4.1170347723448355
3024123,4055.0290357287904
3024124,0.1591411849329237
3024125,712.0104583312244
3024126,9.161344535487402
3024127,1718.816827565397
3024128,611.7435939245515
3024129,478.98288981123864
3024130,299.80185139398213
3024131,69.64581082900844
3024132,7042.789323368169
3024133,18.28613091702545
3024134,0.5255386196960755
3024135,21.41032945371904
3024136,15.665163455088118
3024137,0.21808662732248454
3024138,451.166555909675
3024139,5.62529868568298
3024140,1.6553837279701347
3024141,7.140806353434592
3024142,26.460918050691895
3024143,1.3721954529558709
3024144,614.0395851358296
3024145,391.85924374038615
3024146,1.6479782065221955
3024147,11.881960992099982
3024148,430.1979772486816
3024149,92.88812618856988
3024150,2218.6621629168826
3024151,34.47483011578505
3024152,6.354145760410147
3024153,4.165801047771767
3024154,0.13169378011831137
3024155,0.6911069921683379
3024156,1529.3345239607404
3024157,0.12052884282344188
3024158,165.58785993951253
3024159,7.514092912339707
3024160,764.5104542330988
3024161,353.8186697869096
3024162,172.12164141084293
3024163,39.33787858298413
3024164,32.03499664760582
3024165,2724.853970451539
3024166,5.108374939042935
3024167,0.24944727729320776
3024168,9.980589291520099
3024169,15.983953421368994
3024170,0.12083265070161199
3024171,157.13498779038196
3024172,5.165561126314064
3024173,4.513127698034018
3024174,12.601270867372397
3024175,21.264158187275086
3024176,0.9542822593725976
3024177,161.9546600829396
3024178,186.80202571356747
3024179,0.9348113401817195
3024180,5.238659069542335
3024181,145.36923443737692
3024182,28.947725681488926
3024183,430.59137003735395
3024184,11.704118117337819
3024185,2.026973055570315
3024186,3.2630163439978213
3024187,0.1033695902730758
3024188,2.623700534840568
3024189,1322.8658778954023
3024190,0.08773689728311934
3024191,115.86112342763943
3024192,4.808925671570653
3024193,695.4255010239733
3024194,242.5520921512765
3024195,144.33974857227724
3024196,37.73285459349675
3024197,26.53180248997209
3024198,2462.8246520950497
3024199,5.283426572793527
3024200,0.12887848288585685
3024201,8.942130395845451
3024202,7.459333843353986
3024203,0.0817698378329629
3024204,130.10923268236152
3024205,0.5458802394602208
3024206,2.724574186542947
3024207,1.5081673652841978
3024208,18.918483073777693
3024209,0.556748297175265
3024210,159.1948428396452
3024211,172.9857997399945
3024212,0.3518911742114442
3024213,3.783266618340074
3024214,81.85332088753425
3024215,17.559942320322584
3024216,246.08400085457222
3024217,9.906666599076921
3024218,0.7288555124230727
3024219,2.5099071821391434
3024220,0.12654619776848838
3024221,2.464633900526581
3024222,1605.7977631119916
3024223,0.1126079569928686
3024224,173.6824882923311
3024225,5.6359715311919345
3024226,845.8360327419418
3024227,347.92222692389333
3024228,226.06123627454724
3024229,29.29299079874502
3024230,32.959853019020244
3024231,2985.1681891848966
3024232,2.73183252967587
3024233,0.22619807036003137
3024234,6.956268102701744
3024235,14.7158863003128
3024236,0.11658322332415948
3024237,173.04521197428159
3024238,0.4645989373099884
3024239,4.381442719008111
3024240,2.2344381006572602
3024241,12.273792688678132
3024242,1.1469761749805594
3024243,185.84582339660125
3024244,229.8029068511976
3024245,0.5241336961205416
3024246,3.774269028912902
3024247,64.64205292151628
3024248,79.82641304447269
3024249,494.3587556424386
3024250,2.6398546195047654
3024251,3.1803520509410244
3024252,2.7804622591480728
3024253,0.3686157379996936
3024254,2.1982032256339683
3024255,1703.8172009771192
3024256,0.14802145401466527
3024257,159.78596086190407
3024258,2.329143889643584
3024259,834.8706840842403
3024260,340.9185576334459
3024261,237.45176180483782
3024262,87.40067033038417
3024263,57.95293528975498
3024264,2898.6958108860995
3024265,4.506238833600017
3024266,0.7650253181711671
3024267,11.37389973907748
3024268,16.291855191003336
3024269,0.14690547420929584
3024270,211.74362174973442
3024271,5.048347120222885
3024272,4.935594863309802
3024273,2.993793897331139
3024274,16.235985725559935
3024275,1.196341889186784
3024276,128.48388643659808
3024277,192.11245232563232
3024278,0.5730482111557901
3024279,4.048981331574018
3024280,109.53706019475324
3024281,43.88568372657388
3024282,992.7928961587508
3024283,12.72648646428046
3024284,3.264961585783549
3024285,2.842436733189596
3024286,0.09758844094428532
3024287,0.6490154241615775
3024288,1266.3396905774432
3024289,0.08040520969237305
3024290,147.47594751110643
3024291,2.635736557591221
3024292,713.9463813304978
3024293,219.4843627755992
3024294,151.32313189388697
3024295,108.76812859335057
3024296,22.340117992676262
3024297,1962.5235045460179
3024298,2.6267573104970947
3024299,0.15842927220326203
3024300,7.239122655032816
3024301,9.136173125475706
3024302,0.0853557124273342
3024303,135.49680705795305
3024304,0.06101695393751371
3024305,2.3011587818867905
3024306,1.7267576802712516
3024307,15.95703141306974
3024308,0.6359714143394956
3024309,47.79551237429077
3024310,118.18876069746851
3024311,0.5219261994038391
3024312,1.967562760833424
3024313,54.88497656346528
3024314,30.92547837898777
3024315,789.6308365808576
3024316,0.0
3024317,0.5998442598797268
3024318,5.838412349807415
3024319,0.28263158824724666
3024320,2.7955068454195007
3024321,2936.8714168576757
3024322,0.1616954602477423
3024323,323.27984283786725
3024324,4.600782073899787
3024325,1088.9737038556511
3024326,674.492457089841
3024327,462.0123606974761
3024328,189.8185900604803
3024329,105.79500255234417
3024330,4491.802205062778
3024331,13.141059989566525
3024332,0.8030308951769095
3024333,18.74202669638691
3024334,22.213023089077815
3024335,0.16816076539368513
3024336,282.554497497577
3024337,0.3357505128037498
3024338,6.16023104991143
3024339,10.106970350835333
3024340,21.20582807541761
3024341,3.042970856197953
3024342,271.7408706540182
3024343,270.1262360812007
3024344,1.5884199793528948
3024345,7.262498176244055
3024346,345.4373237889019
3024347,52.978216781116586
3024348,2242.108451898216
3024349,50.691663150701764
3024350,10.290700405189114
3024351,2.363809463157779
3024352,0.20426909457481784
3024353,3.7882522539088574
3024354,2031.2214244379484
3024355,0.14316066510564424
3024356,509.97752179741013
3024357,5.6685631686476015
3024358,610.6825701116094
3024359,539.7318915228769
3024360,191.24377992776712
3024361,145.04185854402337
3024362,44.6763499755293
3024363,2985.325163022245
3024364,9.229419540367664
3024365,0.5059320815523698
3024366,13.106018626606303
3024367,16.689127763219446
3024368,0.15895556244409506
3024369,175.8613124221491
3024370,4.980934754485513
3024371,4.40455193854906
3024372,6.877878133170312
3024373,38.26996479093103
3024374,1.2879250853216022
3024375,89.64217339071989
3024376,152.13489895553045
3024377,2.2333060999513226
3024378,5.853244580345163
3024379,156.90827436101446
3024380,49.97816958711375
3024381,2627.783064307066
3024382,53.86561700610212
3024383,9.781470987947014
3024384,4.637941633837094
3024385,0.26294248438912615
3024386,2.939273491919193
3024387,2317.9989545987632
3024388,0.1273370126475891
3024389,183.50073304739053
3024390,5.294522551444499
3024391,892.7003226633592
3024392,312.61252410064964
3024393,300.51583350232653
3024394,51.50132940319225
3024395,33.46325174786092
3024396,3180.296393008479
3024397,8.195407953712657
3024398,0.8059639311203899
3024399,10.990696164963433
3024400,11.50258810259179
3024401,0.13465934112018757
3024402,175.6839009377017
3024403,5.407828592860948
3024404,4.286127326786224
3024405,3.004778989677161
3024406,23.317716465333444
3024407,1.9151691845419583
3024408,142.0633012312379
3024409,169.21084561358668
3024410,0.9655317071896307
3024411,3.891413323704152
3024412,101.33984298965417
3024413,23.013334046550685
3024414,580.8625688737965
3024415,11.496328827459797
3024416,4.015969415772993
3024417,4.053112319624451
3024418,0.1784614911482823
3024419,5.453125793364475
3024420,2362.239708224012
3024421,0.20730515225027293
3024422,551.401045452866
3024423,8.077715816723526
3024424,688.7847505264305
3024425,655.1351566502519
3024426,189.15036795927037
3024427,135.69233893586545
3024428,75.93806795504923
3024429,3225.3744341908573
3024430,23.759663837443917
3024431,0.8046600817632421
3024432,14.76384235528875
3024433,23.841272324055055
3024434,0.255205339608918
3024435,198.65705703190957
3024436,14.865790443595557
3024437,11.220783152835136
3024438,3.9406533480367685
3024439,58.203086049889365
3024440,7.458408130704567
3024441,355.1159562982369
3024442,211.1564036865122
3024443,6.042752474365235
3024444,6.467021630089403
3024445,357.2958293280528
3024446,85.24542473143092
3024447,1977.6550748044062
3024448,3.751048425898531
3024449,28.3025555316961
3024450,5.716473157360403
3024451,0.12461861046808412
3024452,3.4399283478702123
3024453,3746.638369619055
3024454,0.12888089226963095
3024455,458.7181586549942
3024456,4.880723416395214
3024457,1188.2335432461339
3024458,656.4301155562545
3024459,599.3367620472077
3024460,77.37140519861438
3024461,68.59017310820602
3024462,5390.405057468638
3024463,9.775240327356784
3024464,0.4010971552021858
3024465,14.861304472462718
3024466,15.291881058916422
3024467,0.1623308991084319
3024468,290.075418678114
3024469,0.7124468834680205
3024470,7.6136082692965275
3024471,4.592780407130708
3024472,33.23700168071269
3024473,1.0048719214334638
3024474,294.8435027969294
3024475,322.7056143312217
3024476,2.47107051217638
3024477,4.945663745136515
3024478,272.596328699314
3024479,57.78333147283283
3024480,1471.9953126107919
3024481,88.18062553116675
3024482,9.471657196190442
3024483,7.473620411153474
3024484,0.2104824079789884
3024485,2.9613496652897937
3024486,2898.053569810831
3024487,0.14142357683617757
3024488,432.91639868362034
3024489,3.9785821438502498
3024490,1108.3017678948013
3024491,563.3680517657075
3024492,302.0060884531212
3024493,243.47717303107606
3024494,70.00618046996028
3024495,3803.3151653033965
3024496,11.966119559138404
3024497,0.40529026943175706
3024498,26.07075310594507
3024499,26.54498927504367
3024500,0.16932039960168974
3024501,281.76356746124475
3024502,2.3145772559475124
3024503,3.92111073539768
3024504,6.855493062958117
3024505,48.03423999208782
3024506,1.1788855263752056
3024507,113.7000919623737
3024508,254.53979231859577
3024509,1.7104169390999115
3024510,4.680207321707717
3024511,156.26238069142852
3024512,133.21712655732827
3024513,2101.5826190755984
3024514,1.2819130387136732
3024515,4.252640769649555
3024516,3.2048901078552126
3024517,0.11368921058840037
3024518,2.2785796497647732
3024519,1716.4469717041259
3024520,0.1173277883780378
3024521,117.70086016690888
3024522,4.380653953651121
3024523,635.6945045112378
3024524,279.96821555118066
3024525,132.58480633294423
3024526,47.71727740087141
3024527,42.4797227215665
3024528,2297.286471566391
3024529,5.0089040148853865
3024530,0.5880410097720873
3024531,18.456545824043232
3024532,14.42319744886648
3024533,0.11576359069958678
3024534,162.80642142011754
3024535,0.21340813769340183
3024536,2.700797653969157
3024537,2.5133475859752292
3024538,33.12981585297465
3024539,1.6975723383374197
3024540,92.75270557426694
3024541,138.1859349603992
3024542,0.7394467428500289
3024543,4.08648755433204
3024544,130.0130400565528
3024545,24.75748464306697
3024546,632.6236634218499
3024547,20.7878071189797
3024548,1.0980509084999073
3024549,1.151296400497847
3024550,0.1252052269971917
3024551,2.747987044005446
3024552,1334.0407634934215
3024553,0.1264394939693523
3024554,236.27383765243587
3024555,6.119190298218102
3024556,456.3975936946309
3024557,416.73056900933415
3024558,109.28401060570583
3024559,40.96243679181742
3024560,51.51120186197056
3024561,1932.0156891648544
3024562,16.176942399946338
3024563,0.3518129294083173
3024564,8.626011513443151
3024565,13.135314645654796
3024566,0.16561737943263183
3024567,112.16998964002892
3024568,9.42511349768061
3024569,1.1490360097545567
3024570,5.402804234416072
3024571,40.334333699075295
3024572,2.889004178614341
3024573,549.2487517894998
3024574,139.39269463824235
3024575,2.4921161371427756
3024576,3.7334575530884324
3024577,305.70462008807857
3024578,25.908477278045062
3024579,1026.1296686834212
3024580,0.5161847073020353
3024581,6.122142396305774
3024582,2.126243173129093
3024583,0.14303195953808326
3024584,3.7197870445650008
3024585,3001.045115210996
3024586,0.17917177731118836
3024587,653.3643359613732
3024588,11.837650616162202
3024589,947.6481026414974
3024590,1126.2400608514442
3024591,251.7229384219149
3024592,196.73736774037465
3024593,133.80178177192803
3024594,3611.786452888135
3024595,27.762346207170467
3024596,0.5356542823932412
3024597,16.686052309625154
3024598,30.12265312098429
3024599,0.2661701093235038
3024600,222.93477623292668
3024601,8.245007070158946
3024602,25.908220124967958
3024603,7.086037363533801
3024604,63.30440367886824
3024605,9.5805965536151
3024606,343.48851256177824
3024607,256.38468471071695
3024608,12.711718697660963
3024609,7.486219488317696
3024610,456.8712460920415
3024611,96.5464344384275
3024612,3033.7572302144094
3024613,2.2793958981496463
3024614,19.42137203810081
3024615,2.4482680529704606
3024616,0.1175100209295487
3024617,2.702627760008055
3024618,1818.6850229173767
3024619,0.19759737679832384
3024620,376.6231486582742
3024621,4.727445874214013
3024622,418.9481457069894
3024623,528.5517873935539
3024624,142.43757595833534
3024625,103.13475018491377
3024626,71.86358380085218
3024627,1825.2614363525952
3024628,16.47908636982627
3024629,0.6696364190308943
3024630,12.842315864875369
3024631,13.939140589312737
3024632,0.1940175288597418
3024633,87.39514649088036
3024634,0.32089269560944966
3024635,13.740894627655853
3024636,3.502650652508065
3024637,132.0872552330887
3024638,6.395625676372226
3024639,170.83852000744898
3024640,109.02337174960796
3024641,3.765475175474075
3024642,5.206682221396465
3024643,164.53409469066506
3024644,33.32644728691175
3024645,1400.5472552850235
3024646,1.144765561810187
3024647,3.837471852959968
3024648,2.492170991978439
3024649,0.08833079227093628
3024650,0.30303119383029803
3024651,795.1012215860544
3024652,0.09768017099463538
3024653,221.69292546505628
3024654,3.285512657001232
3024655,281.909085682269
3024656,229.5103435020817
3024657,84.008862120182
3024658,29.45110944836004
3024659,24.352573879763767
3024660,1306.0483851079864
3024661,3.215489552292876
3024662,0.32058152705455917
3024663,8.138594876816608
3024664,6.475202721603003
3024665,0.11599296012776361
3024666,69.85814226590942
3024667,0.08613947543567166
3024668,3.372906574184103
3024669,0.626540158257137
3024670,11.243770839485835
3024671,0.11429014021932889
3024672,202.75003784215428
3024673,111.97981449650835
3024674,1.0746757350746703
3024675,0.9395873768008327
3024676,122.04400241733381
3024677,18.007922590017124
3024678,410.09048547117544
3024679,0.9765041742717955
3024680,1.3188765573715924
3024681,4.749303429020123
3024682,0.14515826254400005
3024683,3.38763370837891
3024684,2821.440718761643
3024685,0.1842144878586264
3024686,572.5610374660387
3024687,11.050240252708152
3024688,813.6955371849418
3024689,875.2735359340028
3024690,266.525904693338
3024691,209.52070151343577
3024692,93.1541288838805
3024693,3593.7705955195374
3024694,25.233603282393123
3024695,1.5561683748924253
3024696,14.649576355190453
3024697,24.908312078578334
3024698,0.1939161213111512
3024699,197.63767452755178
3024700,4.814223239086058
3024701,27.76244455822265
3024702,7.410505925752354
3024703,81.3032393510338
3024704,2.9752360755181844
3024705,249.5554533160252
3024706,225.16045508998738
3024707,8.104144590904774
3024708,7.7488704660919465
3024709,345.42882851390175
3024710,66.07454498215476
3024711,2325.4472788345875
3024712,1.2818457601140438
3024713,13.1003383467137
3024714,4.843440682233704
3024715,0.15784489626837686
3024716,3.1767552576351514
3024717,3475.948444256506
3024718,0.1626967710120249
3024719,646.5304148970088
3024720,9.633652731573704
3024721,1167.4133220087804
3024722,944.0532224883021
3024723,364.9196842597592
3024724,261.1459479619455
3024725,73.05178024550378
3024726,4839.9263269580415
3024727,15.819586373099435
3024728,0.5780538484108543
3024729,24.202881230235654
3024730,17.67230722393143
3024731,0.5202284687178435
3024732,289.3511717073362
3024733,0.21559969369126628
3024734,6.166866045272925
3024735,4.286168675383872
3024736,30.530745110393227
3024737,0.9090293659127775
3024738,217.60557156816398
3024739,326.4085205016171
3024740,3.697908228946241
3024741,4.06792662090031
3024742,220.06278148749357
3024743,85.67030533238386
3024744,3144.8273955692416
3024745,1.8409031214100096
3024746,4.110622559330306
3024747,4.621960469692044
3024748,0.24359522114707252
3024749,2.570212327119649
3024750,3282.725244819957
3024751,0.16414970882312427
3024752,772.1335693040971
3024753,9.55314365911575
3024754,1035.9193038650376
3024755,726.7199071962692
3024756,306.32427352712733
3024757,244.46578275716288
3024758,66.97442051871813
3024759,4181.604590861302
3024760,16.779309613938718
3024761,0.8576781545005746
3024762,21.91220894884997
3024763,18.811981284551063
3024764,0.17099194637835904
3024765,259.06646609557487
3024766,0.21969886927245924
3024767,8.006816412151446
3024768,3.8415858676324874
3024769,47.82508756406269
3024770,1.0860175718264133
3024771,127.18385241142309
3024772,236.2240238978652
3024773,3.325438269681156
3024774,4.091407545210424
3024775,199.88411366186307
3024776,68.15154608821439
3024777,2296.5395354755688
3024778,1.923534063815382
3024779,5.185708406466932
3024780,8.164239629401763
3024781,0.42839627140178393
3024782,13.061696575293828
3024783,6702.757578405345
3024784,0.38403051536453814
3024785,1047.133384174141
3024786,26.003964751063677
3024787,1730.0014351731713
3024788,1876.5204351015561
3024789,309.281578333225
3024790,400.8233350642178
3024791,263.160517477343
3024792,7152.476118860927
3024793,67.25287095584301
3024794,1.8709180031857602
3024795,40.57768154166559
3024796,49.510521739997294
3024797,0.6488044226422726
3024798,451.7771737028684
3024799,30.92822051660227
3024800,43.50127422699944
3024801,23.559765176305422
3024802,160.11626442567973
3024803,24.553004899060358
3024804,606.2188477534779
3024805,487.61289106449806
3024806,15.425578876541593
3024807,22.72563027890646
3024808,997.6812002434854
3024809,219.54272244935262
3024810,6523.218558147304
3024811,1.1694714529644286
3024812,73.36540635016823
3024813,2.5005519711008235
3024814,0.15165720279395134
3024815,0.3773310737127207
3024816,1809.7190134943075
3024817,0.12959719429655878
3024818,179.12176069037662
3024819,3.5115806368941773
3024820,737.7864849077423
3024821,295.2778310103141
3024822,124.51528178709319
3024823,110.58790039191366
3024824,43.243103960741045
3024825,2480.1318355400504
3024826,4.225779797851155
3024827,0.24093878619273273
3024828,10.813989103396073
3024829,7.477186140128183
3024830,0.12349758480209123
3024831,162.42289749877975
3024832,0.3943030143547812
3024833,2.786448027158706
3024834,2.087094047467356
3024835,18.3729765790897
3024836,0.4592220305528698
3024837,76.44750989694494
3024838,110.55978152526649
3024839,1.2283013736963342
3024840,3.3148320202287977
3024841,111.7686600760521
3024842,23.357470149055626
3024843,1168.372966514173
3024844,1.4593700101124052
3024845,2.518451303898259
3024846,5.962473844633596
3024847,0.16368992492115417
3024848,1.0586503872896633
3024849,3356.7469779920666
3024850,0.15683968253940855
3024851,574.8367495090333
3024852,7.096767855873878
3024853,1060.4015343163244
3024854,627.8541387284578
3024855,224.9100895826312
3024856,312.840747850974
3024857,77.72910848995122
3024858,4569.390859653216
3024859,10.079131291113665
3024860,0.34423146088414286
3024861,15.973288550098728
3024862,17.499236519620112
3024863,0.20162281385484462
3024864,263.65859943434197
3024865,0.432907861231834
3024866,4.615302820999453
3024867,8.548267405051853
3024868,16.607112370408533
3024869,0.9460709818137427
3024870,322.63189693727065
3024871,234.9384507556949
3024872,2.586941624406498
3024873,5.3680306159706985
3024874,123.13613322734835
3024875,56.33360492696641
3024876,2352.6527745475787
3024877,1.7607488706725904
3024878,3.198073071055184
3024879,0.9738235025414502
3024880,0.08922318901057658
3024881,0.5941591222694442
3024882,1132.1443117519602
3024883,0.08167666365735764
3024884,107.7195706416853
3024885,2.1440109072540343
3024886,570.2959480960053
3024887,145.19390542801565
3024888,76.46233949267638
3024889,162.88599878524093
3024890,13.692497108641536
3024891,1939.0880748509978
3024892,0.8050231194770749
3024893,0.18244396530496504
3024894,5.90130298523776
3024895,2.8757090830822545
3024896,0.08072614435722836
3024897,79.26632431822532
3024898,0.0689850033279733
3024899,2.505392912018198
3024900,0.4771852903209433
3024901,9.772204840800985
3024902,0.10305212612336673
3024903,72.20306256060844
3024904,76.5815939228772
3024905,0.3966188814433754
3024906,0.8095166270657034
3024907,50.02852746461778
3024908,8.858877661370965
3024909,377.6234859307095
3024910,0.5858152775501128
3024911,0.9028801876949295
3024912,5.19038763719876
3024913,0.12908813839549754
3024914,1.148106378253916
3024915,2089.0514260612686
3024916,0.12040631000507662
3024917,232.4558985315647
3024918,5.552373614517429
3024919,984.1451867143101
3024920,393.30330587980046
3024921,187.94652044987757
3024922,148.82705860867853
3024923,42.419020214464474
3024924,2956.930653845197
3024925,2.2219595407073225
3024926,0.34445922532911216
3024927,20.065871125121006
3024928,13.383963567428358
3024929,0.1336663172712968
3024930,203.76968033442108
3024931,0.09764101815488313
3024932,2.649065399510025
3024933,8.248714196086508
3024934,18.32927009161365
3024935,0.7796908896602931
3024936,208.46142059517143
3024937,213.54896663159343
3024938,1.096252054098199
3024939,2.344016283231384
3024940,198.32056810626977
3024941,26.615491766088358
3024942,2095.544666570714
3024943,0.6131620817786406
3024944,0.49788508395100717
3024945,2.559185127399436
3024946,0.16096073315171527
3024947,1.378023932147226
3024948,2260.783802946278
3024949,0.16235864604121047
3024950,592.5929145329112
3024951,6.279420653416974
3024952,848.2997684502036
3024953,520.457287557831
3024954,210.1632895427668
3024955,105.27247146457339
3024956,51.63853339361733
3024957,4002.9223744370097
3024958,5.806464137882815
3024959,2.0842212989817437
3024960,19.974268350029092
3024961,33.36619170266371
3024962,0.21171805902666402
3024963,196.05219517627168
3024964,0.8186756371996173
3024965,5.665226936119346
3024966,2.4661912351044597
3024967,18.98140930995346
3024968,1.4525952949507623
3024969,151.8905480768848
3024970,235.59307644750047
3024971,2.397411125722597
3024972,4.4286722052049505
3024973,121.54918554976223
3024974,24.161731597252196
3024975,993.7549471462511
3024976,3.1250330846598815
3024977,1.6623818465043052
3024978,2.5246839321993573
3024979,0.09071234616833763
3024980,0.3198636232266631
3024981,1297.194403324764
3024982,0.08349761425910894
3024983,107.9987328402838
3024984,1.3558034622309703
3024985,392.9744288809883
3024986,145.86241518931186
3024987,90.1378154832474
3024988,111.15135885546084
3024989,30.12793185995965
3024990,1860.009608432051
3024991,3.9288680883413414
3024992,0.33705170925313344
3024993,6.119509923060768
3024994,4.107887693411239
3024995,0.08694504435296395
3024996,84.43735290821611
3024997,0.07118426334572173
3024998,2.4513522932022336
3024999,0.4716695462188733
3025000,13.525805333957786
3025001,0.3629011667827345
3025002,180.88949937516006
3025003,77.80520578145547
3025004,0.5083987500782391
3025005,1.803831703683352
3025006,42.78929135356169
3025007,15.823934700248172
3025008,586.6162557062445
3025009,0.5745663923962664
3025010,0.48860618557631463
3025011,3.2314546274470244
3025012,0.13245226562732637
3025013,0.5541018468244202
3025014,3135.995387000361
3025015,0.13488670575018852
3025016,583.6714157354015
3025017,6.3270938282602325
3025018,854.1714694261126
3025019,594.8651262780843
3025020,201.52952344638845
3025021,147.22687808812242
3025022,62.53358074546585
3025023,3685.8493498585235
3025024,6.140249649161668
3025025,0.25931574257875784
3025026,17.268185724070058
3025027,8.916518197274147
3025028,0.14513631162437549
3025029,206.20539801249086
3025030,0.1319859371602715
3025031,20.196863998836513
3025032,2.448166039353018
3025033,37.54380045500231
3025034,0.759616603677406
3025035,223.13292788795763
3025036,208.1339216029257
3025037,2.393664374519814
3025038,2.284121138320652
3025039,135.27707121986464
3025040,42.567602576112364
3025041,2468.622737877166
3025042,1.2542081191081282
3025043,0.7256041045636391
3025044,3.076123529290405
3025045,0.1821289985651304
3025046,6.628351981556819
3025047,2550.91964867725
3025048,0.19354909412266463
3025049,507.1547146882474
3025050,5.899914888314951
3025051,863.5670774620077
3025052,778.9050008288201
3025053,158.6435480076104
3025054,119.69181722940671
3025055,113.87334165737462
3025056,3574.0440322460736
3025057,44.96786540565641
3025058,1.2344397308793305
3025059,24.51056237703366
3025060,27.874350707622927
3025061,0.2756892901752579
3025062,228.56078822457476
3025063,18.506319353903343
3025064,17.187441932429973
3025065,1.9325185632270219
3025066,87.6410241981886
3025067,9.183886572257698
3025068,228.5991263549503
3025069,285.21647170768387
3025070,10.03087150387854
3025071,11.842531436975968
3025072,246.59773963056853
3025073,73.60832588361153
3025074,2266.8264609897196
3025075,2.4052455646220268
3025076,9.301573581228409
3025077,4.287334653871351
3025078,0.12537850253293079
3025079,5.609315408655742
3025080,2059.7119878031476
3025081,0.12849335978704696
3025082,396.5767053766649
3025083,8.778045017447532
3025084,799.1331818599285
3025085,679.6646976515698
3025086,131.4415992122921
3025087,74.53548457057376
3025088,87.20207177982249
3025089,3171.0260994910914
3025090,19.682565765748894
3025091,0.6445970347511977
3025092,28.60514688889523
3025093,26.936041611651678
3025094,0.13602274215150095
3025095,265.9115429916667
3025096,18.213490931066996
3025097,11.44191408274462
3025098,6.863054514192616
3025099,63.02403122210616
3025100,9.290320523935877
3025101,127.94511432878102
3025102,308.4085399754273
3025103,6.306435359363665
3025104,8.517260080601297
3025105,105.56522130312122
3025106,64.95568273118906
3025107,1656.0139671702655
3025108,0.8593309873169181
3025109,10.128401250127451
3025110,6.238984427161119
3025111,0.20638146766143442
3025112,3.402716381688177
3025113,3433.799823634975
3025114,0.2232848502733155
3025115,643.25880049331
3025116,4.434958421042919
3025117,1409.2433402125512
3025118,643.5130065759458
3025119,201.80787840740547
3025120,403.8673344985508
3025121,67.06174638228534
3025122,5162.397906334295
3025123,30.71896200574524
3025124,1.3110161410129404
3025125,23.11770479619825
3025126,16.699506554449844
3025127,0.234786024340847
3025128,356.4282450991141
3025129,3.865296498707895
3025130,13.532626567939253
3025131,7.022819937815242
3025132,43.3112921787412
3025133,2.9343010566959253
3025134,165.58948103529406
3025135,310.5185421631432
3025136,6.21169878079737
3025137,8.307200541441729
3025138,209.47640669158065
3025139,52.01347473689065
3025140,2618.931111952672
3025141,9.219920552941376
3025142,11.239173130910764
3025143,2.7595749272034227
3025144,0.1658026590869041
3025145,4.5049576821322095
3025146,2010.7393002665394
3025147,0.1233511250769032
3025148,289.3647429320161
3025149,4.592231831853535
3025150,654.8823101745204
3025151,573.0704572621803
3025152,161.64726779209545
3025153,110.00225117456803
3025154,61.38302284535042
3025155,2901.3500766614825
3025156,17.699807495062164
3025157,0.6246613543061872
3025158,13.134635570924363
3025159,9.766699672496024
3025160,0.18857318024125294
3025161,172.34599406574873
3025162,11.310226372266014
3025163,13.430171535803087
3025164,1.614619648814086
3025165,49.74775445421503
3025166,5.3249084191874205
3025167,282.3317437416897
3025168,204.22811071415038
3025169,4.238729689196582
3025170,5.8489892327737305
3025171,302.17057425577906
3025172,41.72364894970323
3025173,1891.2130356082166
3025174,1.1038130723554633
3025175,19.754151377437257
3025176,2.4804603301977206
3025177,0.17827599568326402
3025178,2.6843036860476395
3025179,4651.186751373293
3025180,0.1495976291015435
3025181,470.2659873039561
3025182,6.0660916555166935
3025183,2048.8318407975353
3025184,614.3444030888489
3025185,277.6714584600191
3025186,183.4095922559294
3025187,67.70672401491943
3025188,5611.341074135591
3025189,7.812497890634855
3025190,1.3184879942633678
3025191,24.09976995840842
3025192,22.733434991061984
3025193,0.1560815154811815
3025194,392.0616266530116
3025195,0.16018175298083262
3025196,0.6173394141965242
3025197,7.1565677989786165
3025198,24.25849884806139
3025199,1.5321189801206023
3025200,137.26825466719092
3025201,298.70409628455224
3025202,2.5356788342198624
3025203,9.175898704935454
3025204,162.60249018321403
3025205,56.56159328689687
3025206,2069.6772433254605
3025207,0.8878005148117815
3025208,3.112314465386035
3025209,6.028052832168717
3025210,0.15651644214373994
3025211,6.347121665741604
3025212,2076.580022379106
3025213,0.1368398008058608
3025214,433.2593838199775
3025215,7.338257612576359
3025216,885.6302227625077
3025217,621.8050118810796
3025218,202.85895939760735
3025219,114.20295661743924
3025220,97.86724062683432
3025221,3347.293011184148
3025222,28.6263171865451
3025223,0.8569790907897346
3025224,20.49188897572908
3025225,28.117435311002264
3025226,0.14348928140072784
3025227,221.13139893886648
3025228,14.172090492855714
3025229,11.008201829779997
3025230,5.641015664615154
3025231,53.95259573025735
3025232,8.77343792445404
3025233,187.99452394515004
3025234,282.54562621373515
3025235,10.86678981508996
3025236,7.081985871979157
3025237,180.97263992307452
3025238,55.101640427231445
3025239,1827.8383410325112
3025240,1.040384911150503
3025241,6.130300282588756
3025242,2.8671060389048457
3025243,0.2288149908607841
3025244,5.441095658117823
3025245,2315.9979113247728
3025246,0.1647162395941575
3025247,438.36676043173145
3025248,6.543562402958969
3025249,686.0736712467749
3025250,741.4521649576749
3025251,164.42585317923542
3025252,109.64582482084755
3025253,93.52698484161822
3025254,2920.4374025715288
3025255,25.85467187404373
3025256,0.7744262476611371
3025257,19.054306121054996
3025258,20.149256743927623
3025259,0.19979007849570493
3025260,187.45288817675478
3025261,10.613200578257675
3025262,30.328130355183934
3025263,4.290806589653327
3025264,45.945943699334684
3025265,8.178714524960109
3025266,202.89162539991287
3025267,216.5057138899349
3025268,7.8559648168961145
3025269,7.050542464926964
3025270,204.47806928450342
3025271,51.883012540536406
3025272,2127.526990301878
3025273,1.6845541355137603
3025274,10.519324826258647
3025275,5.097291912464456
3025276,0.1366550852422663
3025277,3.769719309360865
3025278,4575.300364142773
3025279,0.12279357115520682
3025280,612.7254115171896
3025281,13.280414962082778
3025282,1169.1874842852994
3025283,718.3530240510597
3025284,295.9771386004507
3025285,215.34467377391778
3025286,67.09135450362264
3025287,4767.727382460367
3025288,8.663074646623981
3025289,0.23051620814038823
3025290,16.055707517612483
3025291,19.36607829765712
3025292,0.1231639507285118
3025293,257.75158525695593
3025294,0.16365324193514064
3025295,10.847539040281971
3025296,1.2214540228013684
3025297,48.82164305852073
3025298,1.839912937485223
3025299,218.8971658584533
3025300,284.7591885400669
3025301,2.5539469624393596
3025302,1.635344379569603
3025303,253.27173445400757
3025304,141.39793013918066
3025305,2189.248669059837
3025306,1.8863649449094455
3025307,0.4508326189590104
3025308,11.340010286413552
3025309,0.438885614567599
3025310,13.006238407425073
3025311,7908.345566914777
3025312,0.3014656536279857
3025313,1356.455655855919
3025314,18.814379421773015
3025315,2098.6060472147115
3025316,2089.3453901477505
3025317,464.8469829252269
3025318,471.167385204736
3025319,316.7021100043153
3025320,8625.79045992158
3025321,74.35141293863886
3025322,2.9762744812034785
3025323,95.44687983436891
3025324,95.26408871070389
3025325,0.5637939225049449
3025326,557.4793713049971
3025327,34.14733096334763
3025328,18.370130757034172
3025329,50.36390215421919
3025330,251.90900967864036
3025331,20.07893866491267
3025332,688.2841390521977
3025333,502.9466082838943
3025334,29.32990035650006
3025335,29.14064116751592
3025336,911.8986808350952
3025337,270.1069006158875
3025338,7386.168589735653
3025339,869.3192279308544
3025340,82.03713811072232
3025341,11.744589141323582
3025342,0.2653661828559527
3025343,13.22125962604858
3025344,7619.324054399124
3025345,0.26608128455096347
3025346,1059.8493867482125
3025347,20.206933679162105
3025348,2266.9499194083046
3025349,1920.0435555688814
3025350,612.1803572180497
3025351,311.6095076591004
3025352,235.70966167759275
3025353,9602.573942419172
3025354,93.45540575446262
3025355,0.9364855848982
3025356,55.84073003952548
3025357,76.41576672210513
3025358,0.5935746620439363
3025359,576.1406109950609
3025360,28.29878458031551
3025361,25.783760601557326
3025362,14.183648235630889
3025363,151.51260665593824
3025364,17.779823696532432
3025365,901.1789751179163
3025366,669.2766140658501
3025367,20.177160112468698
3025368,24.851876650625357
3025369,1111.3887618855879
3025370,203.8498260313166
3025371,5489.142190794476
3025372,681.5966262510433
3025373,75.96847605191047
3025374,9.403112961400407
3025375,0.2673210052050026
3025376,15.239971183566487
3025377,4796.748542785503
3025378,0.20785736826211496
3025379,767.0749073397425
3025380,9.410792897338139
3025381,1839.7056927432598
3025382,1254.8020733122885
3025383,640.80962031068
3025384,112.51206153627639
3025385,188.51839844958133
3025386,7960.384375924142
3025387,42.86495862036704
3025388,1.8738962649093365
3025389,36.92479687803028
3025390,26.3215861827836
3025391,0.46618109355063975
3025392,502.39464073943105
3025393,33.517056088664766
3025394,17.843563993889
3025395,11.55195447538223
3025396,86.33286455611872
3025397,8.670115067722222
3025398,822.8581730490966
3025399,622.4192690554145
3025400,18.39170003534215
3025401,40.325613686521045
3025402,588.6124368935016
3025403,105.7949545972543
3025404,2168.168815000508
3025405,520.0466257269197
3025406,36.91135468421931
3025407,10.625643953433796
3025408,0.23899121210194565
3025409,16.094850733262938
3025410,7056.154179186342
3025411,0.18768224964513439
3025412,988.7341320777131
3025413,15.074159689301563
3025414,2008.3613096939957
3025415,1837.4294477003382
3025416,546.4448005558534
3025417,282.69089445927744
3025418,193.83439616970844
3025419,8864.932527085635
3025420,41.615076745233274
3025421,0.8700324987654392
3025422,50.378529049982816
3025423,58.590204113161356
3025424,0.6447618461052325
3025425,541.4138161397011
3025426,28.221913517407273
3025427,20.180707789034305
3025428,20.46190753109114
3025429,168.90919531095645
3025430,11.451750984742485
3025431,722.4304804523388
3025432,663.9822506205933
3025433,17.277316461906643
3025434,24.178347979293164
3025435,912.1648547862279
3025436,200.3405089630816
3025437,4674.222529728617
3025438,768.606129984409
3025439,59.87655151324661
3025440,8.978103369012072
3025441,0.17806989701694603
3025442,15.594656853876769
3025443,3750.1068779247175
3025444,0.1163664366232106
3025445,662.0543516964366
3025446,10.582054684987382
3025447,1746.817850076348
3025448,989.5857822717212
3025449,472.17812619550864
3025450,85.38061926394475
3025451,127.42661446742598
3025452,6798.949430728032
3025453,32.30143225741275
3025454,0.34009402215643125
3025455,24.120680437916892
3025456,28.825303640762055
3025457,0.20338244857202303
3025458,453.67866298292034
3025459,25.198325298207973
3025460,6.9627935212524115
3025461,9.723189384440495
3025462,83.61718625353829
3025463,5.010781739073393
3025464,660.4703889885164
3025465,585.3339212842973
3025466,13.542324190471271
3025467,22.501593403749798
3025468,655.3564497368386
3025469,70.76326598926678
3025470,1516.7753826543099
3025471,623.2557388209453
3025472,17.777745267406953
3025473,8.984344586453801
3025474,0.22197767122486078
3025475,11.694296067450724
3025476,6034.810981575462
3025477,0.21033481658130315
3025478,1026.4026279352038
3025479,21.08726549341763
3025480,1659.2696229110663
3025481,1952.0381657731184
3025482,382.9782657472716
3025483,395.5867623599589
3025484,253.63349948143153
3025485,7105.331331487583
3025486,69.84007260382985
3025487,0.8541629193880842
3025488,37.24315374394052
3025489,47.343283876591265
3025490,0.44643524999725814
3025491,460.35178012953287
3025492,18.269103115051813
3025493,19.359757559649722
3025494,11.922636580248579
3025495,165.20943972783763
3025496,15.702789113590415
3025497,667.4738408152883
3025498,477.95171912239647
3025499,14.42134348863677
3025500,23.221130342230325
3025501,866.6823790331839
3025502,183.88499636494507
3025503,5932.639035961954
3025504,361.68220808356483
3025505,64.26625052107038
3025506,4.939700824047368
3025507,0.24312405457273906
3025508,6.3490779244956155
3025509,1677.689677387713
3025510,0.2569076789253308
3025511,327.20770517523107
3025512,19.157758676552913
3025513,728.9930405360458
3025514,493.0607759452436
3025515,201.6145695383574
3025516,72.23087817143404
3025517,68.85277504687845
3025518,2721.6924160426424
3025519,26.501622771381502
3025520,0.7432570381314371
3025521,22.25883041571952
3025522,19.062060943688294
3025523,0.2883846731033532
3025524,182.0599163065613
3025525,10.244801858886328
3025526,5.573575431126445
3025527,8.931995902799581
3025528,41.09811112411655
3025529,6.535865241711109
3025530,213.14854296306123
3025531,228.43284886998305
3025532,2.52018849468149
3025533,5.930019390285353
3025534,199.76790581956868
3025535,52.28102881734496
3025536,1342.7269925383396
3025537,1.1214967111161975
3025538,8.515623818108498
3025539,8.450360709946471
3025540,0.20774461810042888
3025541,12.676446371898432
3025542,4029.052698000303
3025543,0.1988698670162429
3025544,522.8962149069685
3025545,29.146631913071765
3025546,1476.437927105563
3025547,1047.6039200841656
3025548,421.6649543585966
3025549,95.31018644868495
3025550,117.18437849903214
3025551,6643.07536745578
3025552,72.78101648193027
3025553,0.8806223663999747
3025554,44.43916238320366
3025555,30.715039222298646
3025556,0.27326793780970904
3025557,371.4170319979372
3025558,23.160702841069224
3025559,6.271530443833811
3025560,2.895569199171274
3025561,105.02099486337987
3025562,8.169766887338747
3025563,488.63404939765405
3025564,454.6560766224117
3025565,10.25232710156363
3025566,21.61799632247312
3025567,365.0429548507049
3025568,74.907478031182
3025569,2024.5106433087876
3025570,559.4323456064157
3025571,16.695615582934064
3025572,5.946592604669908
3025573,0.23514905434025432
3025574,4.900443475395341
3025575,3966.0898413884074
3025576,0.217845826083431
3025577,760.7883909520716
3025578,7.710846385297663
3025579,1255.0098792005408
3025580,1402.6713756526817
3025581,229.76895567321026
3025582,305.1371591748552
3025583,203.8690709540953
3025584,4736.276927709759
3025585,39.38668464189598
3025586,0.9538490514178348
3025587,24.43314188773438
3025588,35.36851528658613
3025589,0.23838231782069766
3025590,272.9772386661336
3025591,1.6463342162476402
3025592,34.43356524178505
3025593,3.3820869177264155
3025594,93.98823609599158
3025595,7.505198583135743
3025596,525.8881432266751
3025597,263.10289847936815
3025598,14.831827089591933
3025599,10.374023611541203
3025600,651.5883215656664
3025601,102.015167800208
3025602,4545.778131369895
3025603,2.68204806890399
3025604,40.13994894380436
3025605,6.719501918176301
3025606,0.21479727153411476
3025607,7.227236401192028
3025608,3906.6824336642485
3025609,0.20639651670924217
3025610,761.1568301749733
3025611,9.429544362224316
3025612,1370.695309097936
3025613,1035.0872043664506
3025614,299.47567227570175
3025615,182.8919590601401
3025616,238.3377429647066
3025617,5387.3873989275435
3025618,35.52011751810315
3025619,1.9902476442192834
3025620,41.141594885021455
3025621,44.40886785141511
3025622,0.2505285363175034
3025623,308.46826060444204
3025624,5.4930614517586
3025625,37.920628787286766
3025626,5.842569014005312
3025627,172.29849869004758
3025628,7.974271721677635
3025629,401.77651086429245
3025630,295.94897520094844
3025631,10.656859559725579
3025632,19.664077445322565
3025633,388.1404800470342
3025634,108.36677799696193
3025635,3777.5819672146577
3025636,4.197976860625836
3025637,6.436878562663571
3025638,5.763064126045639
3025639,0.12801400832872525
3025640,2.524780142782616
3025641,1808.3240506511247
3025642,0.11753443762162424
3025643,397.2926624000543
3025644,5.169631221217849
3025645,756.2704808595375
3025646,440.648567308395
3025647,186.2024182261067
3025648,77.45854985459444
3025649,84.3616919864458
3025650,2603.270953511238
3025651,11.461043030750837
3025652,0.7307022484094728
3025653,17.659124211723814
3025654,18.678870557167667
3025655,0.10214372738413306
3025656,159.96367985367576
3025657,3.595989573868436
3025658,9.108155192533832
3025659,4.516230530584858
3025660,46.61326250723337
3025661,2.5382517909271125
3025662,206.8022930255946
3025663,184.08483104967831
3025664,3.073230918396379
3025665,4.402561987360439
3025666,152.43010994234743
3025667,48.44895635052688
3025668,1460.774017813238
3025669,1.2573328971290276
3025670,3.388945339493712
3025671,4.869903324415568
3025672,0.141326300170489
3025673,1.5603205945189935
3025674,2651.4714853831833
3025675,0.11011662990089617
3025676,231.5885923864761
3025677,2.9556138180292155
3025678,1047.582381730891
3025679,229.08758374245755
3025680,196.8308429561204
3025681,54.60685864060594
3025682,24.180417879750838
3025683,3010.4601276192543
3025684,7.238006459939131
3025685,0.43687878370674404
3025686,12.547210112529486
3025687,7.631736685091728
3025688,0.10022604831376633
3025689,193.3021275148893
3025690,0.08429074421218019
3025691,2.471692177315839
3025692,2.7296158492268496
3025693,17.433426049574038
3025694,0.5609094478454677
3025695,47.83168726542781
3025696,167.3406454557274
3025697,0.14667597702074078
3025698,1.2250892722595201
3025699,55.89610730790505
3025700,77.05484252077727
3025701,922.2422717235934
3025702,0.7871806332283222
3025703,1.1665063296333364
3025704,4.6900724160770215
3025705,0.13550838997390963
3025706,5.824485893021941
3025707,2777.3146736734216
3025708,0.1808295246280266
3025709,465.5704282313804
3025710,8.367873776514081
3025711,961.2897666717344
3025712,810.583334846747
3025713,300.22616856785305
3025714,136.54836969821497
3025715,115.07615958037053
3025716,4103.647777229497
3025717,26.95679255814028
3025718,0.6306758748555685
3025719,17.9041782028924
3025720,34.11515411353009
3025721,0.2339923069522188
3025722,248.7073130883953
3025723,16.691434269811133
3025724,11.944483722687039
3025725,12.915662932966828
3025726,59.62522523888249
3025727,5.350445036651073
3025728,376.8793877385041
3025729,299.2378977479941
3025730,7.516843160937363
3025731,10.552568069214077
3025732,419.4242037356984
3025733,80.35268974620284
3025734,2038.1440017045875
3025735,4.513518051008568
3025736,30.950270112869546
3025737,3.7487155228938787
3025738,0.15428921110417393
3025739,5.050325041848316
3025740,3564.7819481901365
3025741,0.17224956095708852
3025742,618.2423024917538
3025743,12.071398721582907
3025744,984.5849211110851
3025745,1204.0754458685512
3025746,178.59101699063572
3025747,252.21240085044738
3025748,189.3379633036052
3025749,3740.5929271120845
3025750,32.73191308995221
3025751,1.7278396434708847
3025752,22.311721008483513
3025753,31.149796274566043
3025754,0.5744721226696512
3025755,231.4114168332007
3025756,11.216722946553952
3025757,37.067652594052355
3025758,10.073622258004338
3025759,109.5163144780665
3025760,11.69823309285149
3025761,435.27393420761297
3025762,246.9409505322926
3025763,6.162932846987911
3025764,12.264084451457952
3025765,591.8144257076633
3025766,110.9585229477892
3025767,4335.321480642523
3025768,0.9971087876422334
3025769,39.088953780908795
3025770,3.3659226440223597
3025771,0.3500844471374237
3025772,8.423649183911289
3025773,3464.0839149974536
3025774,0.1911441712741953
3025775,676.8277104383799
3025776,14.690100440557515
3025777,1027.4090907414777
3025778,1170.0727289818085
3025779,246.68031735657974
3025780,258.0107573971262
3025781,132.27558841254395
3025782,4075.6837478897764
3025783,30.129881479417747
3025784,1.9734093726105681
3025785,29.170411002955035
3025786,36.629505512250745
3025787,0.3444080513850732
3025788,281.72583867400647
3025789,23.252043557587342
3025790,27.431526266857816
3025791,17.999810669063535
3025792,104.9616479047166
3025793,15.422071575519315
3025794,361.1432442474006
3025795,285.02806620293984
3025796,14.849259725932269
3025797,17.475643647242865
3025798,490.19473065631024
3025799,120.21090237153511
3025800,3708.9133615710816
3025801,1.475416208088926
3025802,27.630524109670763
3025803,9.898972218340477
3025804,0.1772577073408507
3025805,6.7987419297563925
3025806,3086.765090856142
3025807,0.14720249524860377
3025808,463.62931273272875
3025809,10.365502013448829
3025810,1350.0960520939477
3025811,720.1849195022694
3025812,478.7323856612675
3025813,191.62512886336395
3025814,89.12008075849418
3025815,5932.067271746277
3025816,8.033451081226488
3025817,0.8351751625742011
3025818,36.44046064839392
3025819,36.31549954278295
3025820,0.23516820524377366
3025821,363.4556382420194
3025822,7.061739412583106
3025823,5.342882401402806
3025824,8.942517265418253
3025825,37.35077707535237
3025826,2.7340707818898378
3025827,327.448997173701
3025828,436.3517558704298
3025829,5.102261529596153
3025830,5.681177350937084
3025831,367.4751595022118
3025832,84.16564001848468
3025833,2304.7017824171203
3025834,120.69421144828118
3025835,12.181004089633147
3025836,4.010830372631588
3025837,0.3672569916221605
3025838,3.265919984269058
3025839,2332.9150818607095
3025840,0.3552418356444557
3025841,402.89896606488975
3025842,9.96245985895119
3025843,756.6102873886392
3025844,837.4590731612294
3025845,149.82598349094448
3025846,149.63074630518787
3025847,141.2215014162419
3025848,2980.148366178413
3025849,19.367889188914205
3025850,1.370455333708518
3025851,22.111989051214753
3025852,23.61698018707428
3025853,0.4258689998622039
3025854,204.01127374341993
3025855,14.488362429612815
3025856,21.850795010487516
3025857,6.780850255606794
3025858,94.84141716424725
3025859,5.347649633552646
3025860,316.9489689855347
3025861,202.19478202875544
3025862,3.5997136005073584
3025863,9.343172128491934
3025864,337.9149260720534
3025865,66.09945534084218
3025866,3985.5324280473073
3025867,3.361873782794294
3025868,24.052596388909816
3025869,2.709645694263164
3025870,0.10190768113164429
3025871,1.5731309703160161
3025872,1391.8985143695772
3025873,0.07612983377619886
3025874,87.09762073002375
3025875,4.1992543520473715
3025876,690.6858394991591
3025877,333.9148655871104
3025878,214.6760312661909
3025879,42.35952594533719
3025880,35.663195904961995
3025881,2504.874631131292
3025882,4.338055222406782
3025883,0.24748755754269933
3025884,11.495818649776634
3025885,10.57272536033959
3025886,0.07650549599016608
3025887,161.398360348899
3025888,4.725808474548767
3025889,2.293815519270006
3025890,1.959579339623768
3025891,12.343373299179314
3025892,1.35311336884427
3025893,175.35460066800442
3025894,169.3320218124817
3025895,1.290663602413885
3025896,4.109138142679601
3025897,129.64540438095395
3025898,22.357127440602838
3025899,267.4433998641153
3025900,1.3674699572955644
3025901,1.7669456603799463
3025902,5.82162513297486
3025903,0.21953193545363753
3025904,4.066838394128127
3025905,4055.5095540447264
3025906,0.18080667094878597
3025907,607.778352686737
3025908,10.840817486945333
3025909,1679.3736022101061
3025910,692.6474015950952
3025911,462.24618352716254
3025912,202.14341027012986
3025913,74.21097842586522
3025914,6973.236985943573
3025915,19.820066492863614
3025916,0.49049818353031666
3025917,21.586957051984985
3025918,18.245268996556394
3025919,0.24853124453334502
3025920,467.6918976448719
3025921,6.625478738328787
3025922,1.6731427058737578
3025923,7.084038891530361
3025924,28.97509343291947
3025925,1.2894946802669693
3025926,610.3159316232623
3025927,394.3451182170374
3025928,1.8543025411192255
3025929,11.242374323456682
3025930,385.43852360086345
3025931,93.13180847824006
3025932,1271.962442705943
3025933,43.08108805666622
3025934,6.411457749739793
3025935,4.235609373759063
3025936,0.1626272239963815
3025937,0.7219658625754302
3025938,1448.37983539085
3025939,0.13429716977207415
3025940,172.98597527025407
3025941,6.934838665603742
3025942,772.5238981931711
3025943,453.1163491924998
3025944,173.5624117306329
3025945,51.35085984046775
3025946,31.557661417328244
3025947,2830.0072059308336
3025948,5.224800012500245
3025949,0.24873199503925705
3025950,10.12604152723341
3025951,14.903896234216298
3025952,0.14463093665306886
3025953,162.89772954135495
3025954,5.037297610360021
3025955,5.211999379255204
3025956,10.040627064554759
3025957,24.372472011456747
3025958,0.8598203264535819
3025959,128.44151758386187
3025960,181.75388635379636
3025961,0.9201631224720658
3025962,4.799821259017857
3025963,129.4796299495235
3025964,26.61014342674331
3025965,307.0610106052145
3025966,6.645638986155275
3025967,1.7275922626093638
3025968,3.138098170094921
3025969,0.11554451158165115
3025970,2.3967237249969013
3025971,1323.1210869162119
3025972,0.08966595104478237
3025973,98.5261065981731
3025974,4.5811833659315075
3025975,647.8592489144899
3025976,286.59960850266174
3025977,132.3707743649874
3025978,37.65452943877285
3025979,27.45436485525116
3025980,2635.2562732262572
3025981,6.791180770063003
3025982,0.17013636424254383
3025983,8.607730404219504
3025984,7.329074775287647
3025985,0.09646950837664652
3025986,122.90970277034151
3025987,0.5145378755143074
3025988,3.250882794094914
3025989,1.4102333764347033
3025990,26.498067811789305
3025991,0.5096139494858858
3025992,100.2115094524098
3025993,178.59868904859596
3025994,0.3245075814224131
3025995,3.471836061422483
3025996,61.05227718378576
3025997,16.19989128428169
3025998,173.53480570629074
3025999,3.3804808680927514
3026000,0.7927745102241666
3026001,2.5177109967111733
3026002,0.14071675699536398
3026003,2.20360601984585
3026004,1496.3833887793767
3026005,0.11442803645662186
3026006,150.059715409547
3026007,5.585063208358664
3026008,830.6306696332662
3026009,410.8848695056727
3026010,221.39819195166248
3026011,27.030255632019543
3026012,31.282815768200106
3026013,2879.0003494725115
3026014,2.6933116772431287
3026015,0.22605282870627172
3026016,8.00629011690581
3026017,15.631745888398642
3026018,0.12714119206886776
3026019,172.78409637696177
3026020,0.48594233332920717
3026021,4.8633116580413684
3026022,2.181119192395996
3026023,12.347845539086345
3026024,1.0309338041600937
3026025,161.25171138648338
3026026,237.4824532111989
3026027,0.5893759622234804
3026028,3.558054260140147
3026029,66.56410716296098
3026030,73.69519687677445
3026031,354.5370420177602
3026032,7.259113725794421
3026033,3.294103284801984
3026034,2.753579162910185
3026035,0.38767371207532614
3026036,2.0693662983801557
3026037,1642.091498062233
3026038,0.1485157751370033
3026039,141.65086547396461
3026040,2.785253631550685
3026041,837.3147571186223
3026042,394.3368068826327
3026043,224.52543826153183
3026044,97.56255575563631
3026045,57.998719330174524
3026046,2978.514240210174
3026047,5.140512783010193
3026048,0.743668317638661
3026049,10.796374131630504
3026050,16.841805853519965
3026051,0.15583453507079273
3026052,208.17899805143907
3026053,4.806839467451735
3026054,6.123593628508964
3026055,2.8993622358944746
3026056,20.210681515564787
3026057,1.1524301608836502
3026058,120.69971110246792
3026059,193.46704004680922
3026060,0.6075628826677856
3026061,3.829476908884656
3026062,101.42513096412341
3026063,41.15502466336106
3026064,577.8820423592855
3026065,10.71181607126003
3026066,3.184830321074262
3026067,5.432423067197957
3026068,0.11327300961173722
3026069,0.679402556309813
3026070,1408.584012842167
3026071,0.09044536604896224
3026072,139.01751514903714
3026073,4.680019114365568
3026074,712.6971322738881
3026075,250.49254728500074
3026076,135.71365780641216
3026077,119.00719452733955
3026078,31.35097699826066
3026079,2213.3733635716194
3026080,5.130113222038384
3026081,0.18445745712208447
3026082,12.760316734659758
3026083,14.31729944821806
3026084,0.10216179316359773
3026085,142.98970006001446
3026086,0.08811457379147111
3026087,2.489758205780836
3026088,1.6379547446256855
3026089,29.273179508883512
3026090,1.6641193474659572
3026091,49.11184737657997
3026092,146.97962327702442
3026093,0.5701048609555508
3026094,4.453882833197235
3026095,60.8500028347816
3026096,31.506710000258906
3026097,528.2257448910818
3026098,0.0
3026099,1.5852800927477486
3026100,5.657200934546808
3026101,0.28818590023115204
3026102,2.0477926725186
3026103,2524.0788706171734
3026104,0.1440129843165666
3026105,284.052859758768
3026106,4.359868548446998
3026107,1002.7425805754903
3026108,888.8714778948721
3026109,414.0865066039453
3026110,150.97106431873667
3026111,83.09405790437228
3026112,4044.603051293882
3026113,12.116706502897156
3026114,0.7064168059770695
3026115,18.843840631218388
3026116,21.50678741293724
3026117,0.14648547261133515
3026118,243.0927235844196
3026119,0.1744224591294765
3026120,6.831690559594483
3026121,7.544047397815681
3026122,24.799767547500007
3026123,2.7161818175041743
3026124,222.81858649754903
3026125,246.43339893881793
3026126,1.531372191329519
3026127,6.809375941548232
3026128,295.266883163502
3026129,49.6187844879986
3026130,1204.8305206757154
3026131,42.580822102308815
3026132,8.94380457272545
3026133,2.3364917437140353
3026134,0.20021001791165866
3026135,3.317661080229964
3026136,1726.63559121557
3026137,0.1416254714205489
3026138,423.0901807427059
3026139,5.7310477437226
3026140,494.906135965092
3026141,564.3378853086108
3026142,173.21404186768544
3026143,135.88462509756116
3026144,39.09411930951821
3026145,2481.900841143462
3026146,8.501579202095447
3026147,0.547329633811088
3026148,12.702975366218485
3026149,15.431069480972754
3026150,0.17015534818412972
3026151,158.66531354543602
3026152,4.945684798410958
3026153,2.29994604061856
3026154,5.612727964687084
3026155,39.9931072448389
3026156,1.0905698158562709
3026157,76.29049715623296
3026158,141.49651622446262
3026159,2.153353916265441
3026160,4.801668974649146
3026161,130.42270996610517
3026162,44.24099493281913
3026163,1283.5607937194945
3026164,33.632454697622414
3026165,8.294997300305193
3026166,4.83890988693337
3026167,0.281135343829421
3026168,2.9153414857809907
3026169,2224.870378379547
3026170,0.1312927674569289
3026171,152.26773874010433
3026172,4.778269091947503
3026173,764.7359277195179
3026174,357.49744604085663
3026175,237.00010288566511
3026176,44.23110746218414
3026177,33.107850908945146
3026178,3043.4913609449313
3026179,9.622654824966078
3026180,0.8088690421107824
3026181,9.99790063773725
3026182,12.16599603941982
3026183,0.14286245640316092
3026184,160.68926778895644
3026185,5.209701431772207
3026186,5.142121078552306
3026187,2.9925811257815353
3026188,24.229671381270006
3026189,1.6973198456525307
3026190,124.1963758138318
3026191,170.67558946114866
3026192,0.9456379472115721
3026193,4.004606201696435
3026194,93.1452446278984
3026195,18.55931526189013
3026196,382.7990328920568
3026197,11.22503449905689
3026198,3.2932128433575696
3026199,4.924456784316932
3026200,0.23293347398343936
3026201,5.861736325889811
3026202,2655.194064746518
3026203,0.2578662114130673
3026204,582.9824669929045
3026205,8.04785612994459
3026206,759.3450164436298
3026207,720.1672551015216
3026208,206.5315630712237
3026209,143.25900501095109
3026210,95.25973328857438
3026211,3504.104793758319
3026212,26.35171384300148
3026213,0.9172391907429197
3026214,16.500303149678075
3026215,27.480033555035604
3026216,0.315049000923599
3026217,218.69290365486376
3026218,15.486480559231014
3026219,17.06993949278092
3026220,4.7544556323586535
3026221,69.86118353166349
3026222,7.599450447626222
3026223,378.8417157297969
3026224,249.50460677538524
3026225,6.96452917109278
3026226,6.787986844712118
3026227,394.8706104057252
3026228,104.78030192395734
3026229,3341.6140475819334
3026230,3.2509587264060595
3026231,31.010852197745994
3026232,5.625888851714217
3026233,0.1445561092008578
3026234,3.9838888635371874
3026235,3405.0083465248285
3026236,0.13619909375188355
3026237,439.81255387723735
3026238,5.457508721823504
3026239,1118.5731673580656
3026240,795.1712048721988
3026241,513.8357690429283
3026242,71.656472173842
3026243,62.14612003017272
3026244,4885.871510020166
3026245,10.190415874272807
3026246,0.4237663433464573
3026247,14.088493972947104
3026248,13.8140398240385
3026249,0.18018653129524223
3026250,276.2359745865251
3026251,0.7601599346193063
3026252,4.55071751657121
3026253,4.634794072145035
3026254,40.99436937188841
3026255,1.0151635370089651
3026256,281.3544976005892
3026257,316.6890843727793
3026258,2.682064073781136
3026259,4.902656193595124
3026260,244.0997331728714
3026261,53.75347371509767
3026262,843.986455041056
3026263,106.1489399420121
3026264,9.560609450772677
3026265,7.189990572323549
3026266,0.24725885413113574
3026267,2.678217445602382
3026268,2578.964439722868
3026269,0.15023655700985142
3026270,392.41989768262226
3026271,4.457188731920033
3026272,1055.896983004971
3026273,659.0300008910374
3026274,258.5651255529816
3026275,215.77513004207566
3026276,71.80158219548886
3026277,3631.530750415387
3026278,11.35736936525816
3026279,0.4336326737299143
3026280,26.10112061830594
3026281,26.003894112949258
3026282,0.18796249060752512
3026283,254.94675076043396
3026284,2.0888189772600976
3026285,2.2309667732835567
3026286,5.960623079055894
3026287,67.95203241066052
3026288,1.065918141572287
3026289,111.52368819059724
3026290,243.22353991572632
3026291,1.5447398180557934
3026292,3.99532622574536
3026293,146.14569418046904
3026294,124.86088325661726
3026295,1173.8375217832142
3026296,0.9830163126784389
3026297,3.4758057411901766
3026298,3.4289668412706775
3026299,0.1443231373131068
3026300,1.2915921752746402
3026301,1601.3859684081438
3026302,0.1277396184810558
3026303,120.1866659848237
3026304,4.8855998262587
3026305,692.3166151382915
3026306,366.5611934129627
3026307,144.22204236546662
3026308,43.79560455800658
3026309,42.448435578711255
3026310,2481.209519177317
3026311,5.064191531195979
3026312,0.5149696196040824
3026313,16.094930310161754
3026314,14.49352723160889
3026315,0.1391883657071726
3026316,165.96361252772874
3026317,0.18991919012911457
3026318,3.4444437497575615
3026319,2.464034779506695
3026320,44.17235406993448
3026321,1.5994002594017205
3026322,102.94616193276589
3026323,163.34089482675708
3026324,0.708640097255538
3026325,4.244071810639821
3026326,131.26259887371182
3026327,22.390762036428754
3026328,410.14280445187353
3026329,21.46909626268157
3026330,0.9850690301880376
3026331,1.215664826219136
3026332,0.15999401797212018
3026333,1.8783135455710191
3026334,1338.2995204963213
3026335,0.15192528421036758
3026336,262.8750451064233
3026337,5.745529044017183
3026338,488.2914041820282
3026339,441.7626697591792
3026340,126.19813034924908
3026341,38.28418990904223
3026342,50.52878022252408
3026343,2194.5503706684285
3026344,17.780072807272212
3026345,0.36229088818733424
3026346,8.401623546284636
3026347,13.216232839374571
3026348,0.18350224180083718
3026349,120.999476781547
3026350,9.126962674279103
3026351,3.295106631149565
3026352,3.710849441831042
3026353,41.139036490669206
3026354,2.9075765512285154
3026355,599.5182055103654
3026356,153.640880107588
3026357,2.6937899321344174
3026358,4.0000682197631745
3026359,278.0535006447799
3026360,26.597036933536806
3026361,1557.0988845540462
3026362,0.24491471495097641
3026363,6.484301761074499
3026364,2.2452365879036953
3026365,0.18139037176156644
3026366,3.8949784744877642
3026367,3298.3321102847294
3026368,0.20788673963991774
3026369,752.161630712389
3026370,12.489497134466744
3026371,1086.2346235816437
3026372,1294.6317975835007
3026373,286.38426702073554
3026374,228.515793617698
3026375,161.60723328635132
3026376,4258.958695847538
3026377,28.757961829727126
3026378,0.5769307648840363
3026379,17.66158012184346
3026380,32.61344034617224
3026381,0.31496524699908024
3026382,270.6792404714881
3026383,9.06689047548455
3026384,45.371495961666795
3026385,7.8962258327522035
3026386,77.14254630198816
3026387,10.098115078754315
3026388,412.88821797184073
3026389,294.09980274161455
3026390,13.650918848452688
3026391,8.019041032784783
3026392,524.697401164079
3026393,112.42964290605804
3026394,5389.7424969998465
3026395,2.3326294215848877
3026396,20.722255104425468
3026397,2.3480743504941146
3026398,0.2296403348231716
3026399,4.654698307272728
3026400,2371.760529495499
3026401,0.2501499643036384
3026402,477.9314750567837
3026403,6.232953569504338
3026404,522.4814844472857
3026405,707.7181069707708
3026406,186.56437510015365
3026407,129.04688999371427
3026408,100.34761852864597
3026409,2474.0114795674285
3026410,21.90588008153667
3026411,0.8302009544671741
3026412,16.94627813302978
3026413,18.90491093473343
3026414,0.2590103508276827
3026415,119.41507482046352
3026416,0.47523986492148873
3026417,30.300826974579863
3026418,4.583849487754964
3026419,160.0491570519016
3026420,6.99862765841285
3026421,245.50682298808493
3026422,141.68115159783824
3026423,4.487298954982037
3026424,5.536257549435204
3026425,206.65463431751903
3026426,46.53198334511322
3026427,3227.6820493125097
3026428,1.4385938765865358
3026429,5.0752572516288925
3026430,2.550953026673877
3026431,0.11676490383066256
3026432,0.34239450175175284
3026433,857.6790177045407
3026434,0.10352666004059999
3026435,216.44308495338797
3026436,3.2422719519464076
3026437,297.99202477790936
3026438,243.88865985612776
3026439,81.63619036047281
3026440,27.45556395630853
3026441,24.619617023195563
3026442,1485.1232870017159
3026443,3.3433884951126256
3026444,0.33750393598117395
3026445,6.677336515044135
3026446,6.801152219186093
3026447,0.14811987064986562
3026448,71.59124885048912
3026449,0.10971044128970046
3026450,8.77127213356273
3026451,0.6650112768834139
3026452,17.478932050891583
3026453,0.14025188684243753
3026454,223.2790292346937
3026455,118.90615843272512
3026456,1.065493983686111
3026457,1.01403347251614
3026458,124.69081154343054
3026459,18.4204155651126
3026460,975.805434224847
3026461,1.002178606093651
3026462,1.4256697731828847
3026463,5.2953950918483255
3026464,0.2158841962273378
3026465,4.000418827770092
3026466,2989.611262590844
3026467,0.24098068026543054
3026468,623.5649458285052
3026469,11.137817583836375
3026470,880.2368903947289
3026471,961.658063186762
3026472,286.67955825672027
3026473,230.99936285104747
3026474,115.21565257735767
3026475,3978.9289367247115
3026476,29.384890286794867
3026477,1.6309089891611883
3026478,16.93796062381696
3026479,26.67403189271196
3026480,0.2584942511032685
3026481,215.1767779073271
3026482,4.920959907763394
3026483,36.886987797188816
3026484,7.538810137000228
3026485,126.25503031321374
3026486,3.006735250708721
3026487,267.5085705042135
3026488,243.59065424048183
3026489,8.840008332180613
3026490,8.507160165305473
3026491,380.15453196031217
3026492,76.38036994541505
3026493,4247.8592617078575
3026494,1.470373867981374
3026495,17.126503373860555
3026496,4.523501671528473
3026497,0.1503605464471315
3026498,2.6343211729219833
3026499,2787.2954762855366
3026500,0.13297341063612197
3026501,534.3210736245027
3026502,10.866386827950297
3026503,923.1872806705958
3026504,887.1795986700331
3026505,290.8560436894033
3026506,198.14532381358424
3026507,57.3654159190447
3026508,3911.0989864944518
3026509,12.258799929177695
3026510,0.46771675698282655
3026511,21.26599349650082
3026512,16.36407748516798
3026513,0.4369379675199385
3026514,227.63578072863902
3026515,0.1931483459376979
3026516,4.960823981273454
3026517,3.6709520490004315
3026518,34.51566198795404
3026519,0.7679098477809269
3026520,178.83721431255987
3026521,271.97443483583714
3026522,3.6179274556419787
3026523,3.3523769849772798
3026524,171.0688914487082
3026525,66.79479499160264
3026526,1414.6105853612419
3026527,1.7304193733259008
3026528,3.123815272905202
3026529,3.7424100223315975
3026530,0.20665874827618078
3026531,1.922119455298254
3026532,2697.0492691460972
3026533,0.11709574926681868
3026534,558.7211101237351
3026535,7.460363442333267
3026536,827.6073187554175
3026537,716.2055710456008
3026538,220.2791869597008
3026539,161.49377266169648
3026540,54.61736720827336
3026541,3454.4156957558735
3026542,12.875006285160161
3026543,0.6361461652541673
3026544,15.817492518221183
3026545,16.184336430830736
3026546,0.13891831650360412
3026547,194.093532815254
3026548,0.175782765762565
3026549,5.311554537876321
3026550,3.5160799245087198
3026551,53.08249400850785
3026552,0.8000664264411514
3026553,104.30226512156261
3026554,197.57082597670535
3026555,2.5688110108016597
3026556,3.5320161455630052
3026557,148.0916949865397
3026558,54.71875939614499
3026559,982.9001125890323
3026560,1.7462024133650966
3026561,3.8203251726485847
3026562,8.40892175820235
3026563,0.42236048880518434
3026564,13.732312427635952
3026565,7365.946789607549
3026566,0.4466076151121279
3026567,1155.461074567354
3026568,29.170888193386798
3026569,1888.016300096462
3026570,1967.5742495001855
3026571,324.20496197803686
3026572,443.3440224132767
3026573,289.8126803403743
3026574,8102.939579593901
3026575,80.40977954390927
3026576,2.050534080033938
3026577,45.91375614665271
3026578,54.51482592692756
3026579,0.6726282110309012
3026580,475.0749626769837
3026581,34.023641265140604
3026582,64.77680265440523
3026583,27.029833825016873
3026584,178.65659086309358
3026585,24.157530358348893
3026586,645.4148847810014
3026587,521.823286000296
3026588,15.427120616747292
3026589,23.43163149825457
3026590,1004.130745583889
3026591,220.14514849686168
3026592,10100.644814000018
3026593,1.2185555371208305
3026594,76.58664635195476
3026595,2.3738644656546057
3026596,0.15416853604047498
3026597,0.3788738213963135
3026598,1642.4364144946603
3026599,0.13235615368516207
3026600,162.32238280153757
3026601,3.8128187641748283
3026602,616.0830156803203
3026603,378.2321638466101
3026604,125.74909879864954
3026605,113.83241734121181
3026606,39.85643081947232
3026607,2395.0597575445267
3026608,4.2649137098156045
3026609,0.2559927778979843
3026610,10.065080958430642
3026611,7.185268200536294
3026612,0.14770616239136003
3026613,146.68497028862626
3026614,0.39083667022543
3026615,3.343739394730112
3026616,1.9750841732927824
3026617,24.46581165012333
3026618,0.4771936453587124
3026619,65.71788083622036
3026620,95.0141501738571
3026621,1.2180705233203333
3026622,3.114390077515039
3026623,101.97702128851755
3026624,19.127025759763377
3026625,557.8095173025836
3026626,1.3393714910556367
3026627,2.471648802815709
3026628,6.141136060844784
3026629,0.17451375176603265
3026630,0.9457589643286634
3026631,2844.004133566744
3026632,0.15347023381594266
3026633,461.645524976125
3026634,6.402334330084183
3026635,987.4456711494788
3026636,679.5960203072417
3026637,200.8065082076719
3026638,223.43755096033877
3026639,65.10948003293674
3026640,4194.18416075567
3026641,9.464186521254058
3026642,0.3198178923362237
3026643,15.360007061542058
3026644,17.49942859572327
3026645,0.20495664018833254
3026646,223.8380606271342
3026647,0.3916748480799213
3026648,4.832426786685622
3026649,5.590784095011003
3026650,15.806131499276598
3026651,0.8656189481856983
3026652,293.4704654010283
3026653,218.96187438229117
3026654,2.570268082749083
3026655,4.565608447767692
3026656,105.34758162530576
3026657,56.558001680547186
3026658,1084.2419203907166
3026659,1.7994750412852498
3026660,4.422025543821353
3026661,1.0110317713003771
3026662,0.11619960730113248
3026663,0.4765700323965159
3026664,921.4548407332744
3026665,0.09270248904886938
3026666,106.90232181616095
3026667,2.0193614174929815
3026668,509.8360999178021
3026669,184.9839269622894
3026670,73.6612581140072
3026671,144.59546747895712
3026672,13.997699454990999
3026673,1493.9766872984906
3026674,0.798158783991445
3026675,0.19367554713222346
3026676,7.033299858237567
3026677,2.9080306259525828
3026678,0.10519676378827449
3026679,75.16835817612596
3026680,0.08868777297190152
3026681,2.508245093959702
3026682,0.4685436593708008
3026683,13.084393571838497
3026684,0.12794673683241395
3026685,58.34150746327711
3026686,74.7906356440887
3026687,0.3480822929400693
3026688,0.6388052759214007
3026689,42.66198311998793
3026690,7.9814845163821255
3026691,173.51496772618506
3026692,0.16460943037128442
3026693,0.7746435699768334
3026694,4.83913067765869
3026695,0.1406735667224935
3026696,1.0463577449773778
3026697,1812.6239995578692
3026698,0.11522988743951587
3026699,182.39759285573172
3026700,5.347583109769956
3026701,813.9719213534935
3026702,468.8643087001283
3026703,160.44867294794594
3026704,129.61917867056556
3026705,43.483031068977574
3026706,2548.9671988284813
3026707,2.353315815127274
3026708,0.3577920466367864
3026709,18.42127418497653
3026710,11.34549236656156
3026711,0.12054684269829737
3026712,183.8007315761691
3026713,0.10570796083389415
3026714,2.7136759890184665
3026715,8.169498990973523
3026716,26.259315550574282
3026717,0.626389082945932
3026718,217.84407747737725
3026719,180.8068698205809
3026720,1.0582353770942095
3026721,2.358528695102593
3026722,182.35742506078793
3026723,22.159124050516127
3026724,1062.0110732455607
3026725,0.11951944587815577
3026726,0.41267656864079366
3026727,2.4931749882963
3026728,0.17766581037448548
3026729,1.3318037020599456
3026730,2184.172908738493
3026731,0.16497188299244328
3026732,577.0928851910672
3026733,6.516365768549684
3026734,785.3754396298012
3026735,657.611595778736
3026736,201.3410298592411
3026737,92.01477232052125
3026738,55.15419539251143
3026739,3817.6763446249306
3026740,5.735333438340229
3026741,1.8962532243753067
3026742,21.848551614096948
3026743,28.356674018039612
3026744,0.22159666508666637
3026745,176.83424483038456
3026746,0.8086850353526931
3026747,3.93988794851946
3026748,2.8123700026006704
3026749,24.005354338295263
3026750,1.5012079307461468
3026751,160.084002403599
3026752,229.92912794781245
3026753,2.2069222333163583
3026754,4.564594383616049
3026755,137.26689800151843
3026756,21.182887178056163
3026757,595.3700563212669
3026758,2.735749019463576
3026759,1.5877011981058722
3026760,2.5387103118834085
3026761,0.12662248170014415
3026762,0.33675826436707496
3026763,1269.7172689687156
3026764,0.10385397804492912
3026765,92.06445740935213
3026766,1.4080940437667107
3026767,429.45070484852613
3026768,204.45946876110446
3026769,77.14553176229312
3026770,116.87752541604313
3026771,34.061492351981805
3026772,1765.544107484153
3026773,3.887856651026941
3026774,0.38144802742204154
3026775,5.7147032919231115
3026776,4.1198087365492135
3026777,0.11232300433303793
3026778,75.89700147857606
3026779,0.1073875557885749
3026780,2.7565067386956743
3026781,0.44170704826029306
3026782,18.70491161127047
3026783,0.36061818217518454
3026784,142.9427555433145
3026785,80.29692022492144
3026786,0.4548771442437495
3026787,0.788981508076981
3026788,36.12857406928309
3026789,14.003720474037983
3026790,338.57391873658685
3026791,0.6032649795256699
3026792,0.4582268431946581
3026793,4.146468532868197
3026794,0.11624505043521415
3026795,1.2211328397677108
3026796,2987.2381298687983
3026797,0.09937355362473486
3026798,461.81887741333946
3026799,10.620043923365209
3026800,785.3629655612879
3026801,556.0574504978233
3026802,186.67389239594277
3026803,97.30070846072586
3026804,68.09611972855215
3026805,3367.431400881771
3026806,7.798989991720492
3026807,0.22907605893619676
3026808,23.195790556042386
3026809,13.260253820072187
3026810,0.11971874318304818
3026811,200.3289058940245
3026812,0.10654452920088935
3026813,22.720750945163132
3026814,5.061532990579011
3026815,46.604037029271325
3026816,2.450774601824913
3026817,210.64704829567427
3026818,217.71662315720513
3026819,3.6214799209469524
3026820,5.802644725724327
3026821,103.17168119024767
3026822,40.19863358157358
3026823,1415.7369464470612
3026824,0.77094100886798
3026825,0.4277816580041426
3026826,3.301654565564111
3026827,0.18921160390795197
3026828,8.121223867380582
3026829,2853.8422063566222
3026830,0.18616435450268023
3026831,565.6874664816482
3026832,6.781951093658065
3026833,960.4786226136501
3026834,894.7774564280695
3026835,174.4431352747629
3026836,129.86697130640763
3026837,124.28183387725342
3026838,4120.861912209257
3026839,49.4728541439205
3026840,1.495074509994772
3026841,25.36872984721742
3026842,29.10521168519246
3026843,0.24338911626990795
3026844,264.84803585770106
3026845,19.224851215921184
3026846,27.995952941020352
3026847,2.3413591838054626
3026848,108.25692506833308
3026849,8.915251731545705
3026850,237.16871585024086
3026851,289.75789600612256
3026852,12.399194678291444
3026853,13.92530909381112
3026854,267.52574029299603
3026855,83.83531101434394
3026856,3992.801413670433
3026857,2.1734218993116348
3026858,10.759266983061005
3026859,4.639197487142055
3026860,0.16517003274440029
3026861,6.388180914821705
3026862,2262.3649046739174
3026863,0.16449866719161957
3026864,448.65420822834125
3026865,9.181410182319864
3026866,887.5080638620763
3026867,720.1222973863364
3026868,137.936266085675
3026869,82.26916701430058
3026870,110.41437365599624
3026871,3552.2962412162383
3026872,23.32807747624474
3026873,0.6866089387174249
3026874,31.078677505353948
3026875,28.77827006402644
3026876,0.18182360021447358
3026877,292.8380798698938
3026878,17.25538030995851
3026879,19.080087643043257
3026880,6.808205462511973
3026881,81.57946173138178
3026882,9.742523881537801
3026883,147.72943064547167
3026884,405.4674814145285
3026885,6.407819917910052
3026886,8.354945909310402
3026887,125.02907509882371
3026888,67.81501766081358
3026889,3053.7553168866048
3026890,0.9018476507106693
3026891,13.110600888516077
3026892,6.795308883243241
3026893,0.2427804665873935
3026894,3.087758366150945
3026895,3033.1515173866383
3026896,0.21939172595784504
3026897,610.5964971471403
3026898,4.63849702050587
3026899,1210.8246633896158
3026900,662.0501201787588
3026901,181.66848118024296
3026902,285.8365734690866
3026903,61.88086178597762
3026904,4833.282880146568
3026905,29.08324797134977
3026906,1.3023842271820296
3026907,20.828993973409364
3026908,16.75229935287114
3026909,0.24865937306227223
3026910,284.9872032096367
3026911,3.00498270189347
3026912,10.195740000082523
3026913,6.980251270307814
3026914,43.57477304160277
3026915,2.686505817241244
3026916,150.66629551806219
3026917,281.1828151048669
3026918,5.805253515133332
3026919,7.435333443354733
3026920,191.1391739980932
3026921,50.82433234339435
3026922,1507.044453099727
3026923,11.234301731281604
3026924,10.098224846305357
3026925,2.848710387492471
3026926,0.2205813025113791
3026927,3.91247542783914
3026928,2104.4042873437184
3026929,0.15931509623542203
3026930,318.39215201893336
3026931,5.3250306588183784
3026932,676.9946877957469
3026933,615.3910770599226
3026934,166.83536851572143
3026935,110.7364931967002
3026936,70.71810342095324
3026937,2964.2144616780697
3026938,19.013460506099445
3026939,0.717542243764687
3026940,12.019832163281276
3026941,10.864202076561154
3026942,0.24356097341405297
3026943,167.78472436937906
3026944,13.36123953467673
3026945,21.571603628952708
3026946,1.7539144197530354
3026947,67.89566879241602
3026948,5.421972059300259
3026949,279.3184129150005
3026950,216.5466516260895
3026951,4.5178919908508455
3026952,6.518937689600155
3026953,300.5546747718733
3026954,43.70929824687406
3026955,3001.934242300649
3026956,1.3727202766844977
3026957,19.76829879497585
3026958,2.5354576355779117
3026959,0.19574657989447222
3026960,2.507496620364134
3026961,4182.878402634889
3026962,0.14760506710494384
3026963,431.45279809398073
3026964,7.802061449189897
3026965,1569.7208493341511
3026966,836.0111131109477
3026967,247.18900494558977
3026968,169.47589967920734
3026969,52.140600522179945
3026970,5450.055987138105
3026971,8.160228109116833
3026972,1.3170562559268233
3026973,22.4591839426015
3026974,21.592937188847134
3026975,0.15864334090975044
3026976,362.3195757422283
3026977,0.16417183333984023
3026978,0.6114002900950818
3026979,7.023382640497025
3026980,25.59221080865931
3026981,1.2761200474333272
3026982,134.09145147122877
3026983,288.37293908059814
3026984,2.4476271504779006
3026985,7.741340654552728
3026986,152.288396257653
3026987,56.712647269118975
3026988,1119.0713451560853
3026989,0.45392094690235946
3026990,3.348744451503278
3026991,6.537909895589993
3026992,0.21399008770605177
3026993,6.766773074851925
3026994,2466.8861775141277
3026995,0.17482505048040642
3026996,496.87220529358694
3026997,8.598058821142907
3026998,1004.8147522937087
3026999,726.2154920451676
3027000,219.49844577099913
3027001,124.39078873847903
3027002,120.30244438738299
3027003,3881.443791220794
3027004,30.341749174355286
3027005,0.9011223328087657
3027006,21.85971502631707
3027007,28.98519449953751
3027008,0.20419539306470796
3027009,250.7352498721819
3027010,14.225835158502774
3027011,18.325693727115915
3027012,6.312814709672312
3027013,70.24191073165353
3027014,9.973237538378601
3027015,221.0013666926857
3027016,352.2913800457527
3027017,12.09020951801575
3027018,8.017292618023708
3027019,200.2705701763385
3027020,67.38165641380901
3027021,3192.964129003672
3027022,1.1538153557121484
3027023,6.171403840323129
3027024,3.056394301743662
3027025,0.279188571088442
3027026,5.303363262044666
3027027,2365.0795140789983
3027028,0.19542636931768728
3027029,453.83852412834045
3027030,7.2624371676515365
3027031,697.3756818914034
3027032,759.0888961488777
3027033,159.51763123829275
3027034,119.44005201283395
3027035,108.9439632499096
3027036,3122.4726648937876
3027037,27.893736397863222
3027038,0.8800954634364557
3027039,19.796356648084277
3027040,20.339984923466996
3027041,0.2431354720993415
3027042,194.9006153366025
3027043,10.303198885786724
3027044,39.54916237389437
3027045,5.614883463416262
3027046,67.46872219725995
3027047,8.411965206619119
3027048,217.72677747951386
3027049,236.23720638039853
3027050,8.105196728733182
3027051,7.570425942482453
3027052,206.20576718897212
3027053,52.20369513758542
3027054,3422.6729847728498
3027055,1.6114214032864267
3027056,12.393885629337493
3027057,5.2916493408340175
3027058,0.157557001431814
3027059,3.396372432837609
3027060,4341.142842706996
3027061,0.12393813638595584
3027062,568.4121052104074
3027063,12.566898812705098
3027064,1138.0895240094426
3027065,798.669612901646
3027066,281.0037970551692
3027067,203.9081335078699
3027068,55.33883077905866
3027069,4698.265189387379
3027070,8.614668592028424
3027071,0.24841998047064343
3027072,13.95742344946692
3027073,20.477928202351013
3027074,0.1315355588828395
3027075,250.2896654528219
3027076,0.14396579619113645
3027077,6.768761739223236
3027078,1.270388401912603
3027079,54.75637030271896
3027080,2.1366447829458948
3027081,208.1202003269495
3027082,282.2443419835365
3027083,2.4655685111874783
3027084,1.5973543575746358
3027085,235.93480958744084
3027086,112.56347739836258
3027087,1231.320975904343
3027088,1.6885894614902472
3027089,0.4103312024614586
3027090,12.406051694454
3027091,0.513052396101966
3027092,14.951370417750917
3027093,9737.558306668234
3027094,0.36867564646320394
3027095,1497.8683778051177
3027096,22.225857297264312
3027097,2372.399320595429
3027098,2386.147763893299
3027099,502.4986266652286
3027100,540.825971941279
3027101,370.65382114645627
3027102,10614.317429493962
3027103,89.54797679146273
3027104,2.687525218461877
3027105,100.45696278069636
3027106,117.65639055167296
3027107,0.7260075548815007
3027108,620.0498929749452
3027109,37.56836091702417
3027110,24.919685912039796
3027111,58.440809604303965
3027112,287.1163281984428
3027113,22.60439227455013
3027114,784.7926231076774
3027115,578.7264800231724
3027116,32.80108650629929
3027117,32.98704222245435
3027118,1096.9753071407843
3027119,301.379845117373
3027120,13690.537868527312
3027121,896.9003281042917
3027122,84.80504733423224
3027123,12.002471301575758
3027124,0.3201423174875938
3027125,13.467240498001232
3027126,9519.338993640955
3027127,0.2560959222344204
3027128,1214.8473225025864
3027129,23.632274542546728
3027130,2492.607461384726
3027131,2113.772234822396
3027132,635.877997918993
3027133,335.9447220331638
3027134,285.88023485423724
3027135,10903.114580530113
3027136,117.1751398164514
3027137,0.9422761655289007
3027138,61.54102711833839
3027139,79.7869906642514
3027140,0.5240921191902752
3027141,621.7868339793877
3027142,26.790241426844446
3027143,38.024691761322394
3027144,20.595886593442525
3027145,212.10387518026877
3027146,16.6972026692199
3027147,1008.3311615399101
3027148,774.6110510926345
3027149,21.550928048894665
3027150,29.261770179702225
3027151,1148.9947485981559
3027152,250.16676348680926
3027153,9715.850285437411
3027154,818.9686714805891
3027155,82.60133440457803
3027156,9.635720261013624
3027157,0.28660482574891694
3027158,14.69618791979633
3027159,4759.91656350861
3027160,0.22305196200467514
3027161,789.7308939156546
3027162,10.190814747947675
3027163,1891.0378814157154
3027164,1256.2082996236306
3027165,633.8565776616973
3027166,111.1019789781953
3027167,204.14509789263656
3027168,8163.89784873514
3027169,36.258500921357424
3027170,1.8003440148712906
3027171,32.83007682667954
3027172,27.92986609417257
3027173,0.45537670749975473
3027174,506.269176113409
3027175,30.981831685544655
3027176,27.725640455035936
3027177,11.820693772370404
3027178,103.31148243775894
3027179,8.093940156872163
3027180,833.5130361603998
3027181,613.0515530497363
3027182,17.836926069417494
3027183,39.762250343219236
3027184,584.0239248550123
3027185,114.63956006735434
3027186,3466.4551277990668
3027187,521.818345121361
3027188,37.19706075213096
3027189,11.06071652783552
3027190,0.25114912604579737
3027191,17.23753593608779
3027192,8143.091418546696
3027193,0.2175476171827515
3027194,1082.360562809623
3027195,15.833538290906318
3027196,2113.157725450398
3027197,1949.5119528721846
3027198,577.7684881095297
3027199,292.82585333580727
3027200,225.75973423527722
3027201,10212.78754241303
3027202,42.41986591841734
3027203,0.8317735203024509
3027204,61.095795668035876
3027205,65.94191574647685
3027206,0.6376584739712549
3027207,555.1654683731647
3027208,27.243095829217967
3027209,28.815301230188176
3027210,24.179782568385097
3027211,193.05271874293234
3027212,11.436967418055781
3027213,737.8170417945029
3027214,682.7252353637332
3027215,18.81207108675302
3027216,26.802746396140204
3027217,939.5081799408774
3027218,198.50788128830092
3027219,7912.11195758386
3027220,849.2580492328395
3027221,60.98293248504998
3027222,9.189016158461424
3027223,0.19580858855430122
3027224,14.832643985821145
3027225,3779.939415255691
3027226,0.13591168987035832
3027227,664.9445444316679
3027228,11.193782335880519
3027229,1734.8571827715004
3027230,1000.7058963375346
3027231,506.8108237795776
3027232,91.39314425751807
3027233,138.02352596267752
3027234,6669.344561940125
3027235,30.94766007169513
3027236,0.3821272147086898
3027237,26.185185270285118
3027238,31.651847905205305
3027239,0.21700357305577583
3027240,476.637163420992
3027241,26.86484418457596
3027242,12.774646578595311
3027243,10.5055724898784
3027244,95.89414439329326
3027245,4.384177762756989
3027246,636.6467753717335
3027247,660.5986543892652
3027248,13.549176062931489
3027249,21.11759955218059
3027250,629.1339669011095
3027251,69.5734477037809
3027252,2464.249016529181
3027253,566.2393394586995
3027254,18.31828856565216
3027255,9.7366447157505
3027256,0.32388475127854627
3027257,12.227887391895408
3027258,6630.4451406992
3027259,0.292929348746893
3027260,1154.3272589950225
3027261,21.607811632160455
3027262,1860.9468429066917
3027263,2050.5141525877625
3027264,405.0983377205856
3027265,425.37171163260615
3027266,298.3055911143959
3027267,8270.114438079534
3027268,72.47153958907951
3027269,0.9101703968430988
3027270,43.58669217528
3027271,51.497049455598905
3027272,0.5089091006331476
3027273,461.33285912448065
3027274,19.06386659039058
3027275,34.94819234595385
3027276,13.597469750507399
3027277,201.58066014903233
3027278,16.231221534470986
3027279,691.2059310350544
3027280,518.4035609565751
3027281,15.104669633540906
3027282,27.64778011361518
3027283,864.265597107056
3027284,213.97048543935773
3027285,9931.44182591071
3027286,442.7882630440307
3027287,73.55494590606432
3027288,4.9075478361981295
3027289,0.2854017199931948
3027290,6.999055960473787
3027291,1819.4818357882077
3027292,0.2699890885931292
3027293,337.13065507177123
3027294,19.757088279091665
3027295,794.8682274587392
3027296,538.3538726984519
3027297,218.43980585572774
3027298,74.63034347412386
3027299,75.21492329553216
3027300,2984.6303072332958
3027301,25.27746941014513
3027302,0.8836755610166657
3027303,23.70363338363451
3027304,20.555745152767066
3027305,0.3066288287843123
3027306,188.87898119300857
3027307,8.8429900086803
3027308,10.169259988552769
3027309,9.337637518059694
3027310,52.19157231470419
3027311,6.5047621610189745
3027312,209.20228905652098
3027313,248.97126009295147
3027314,2.4944708682958785
3027315,6.561425662025466
3027316,204.6614783375124
3027317,54.69432024541782
3027318,2176.036803443977
3027319,1.17215746683244
3027320,9.187018373960658
3027321,8.637343505478274
3027322,0.27919778262177636
3027323,12.79669739896005
3027324,4060.8057168931614
3027325,0.24566958603820932
3027326,574.4563783844051
3027327,29.63365175642897
3027328,1509.2322400804687
3027329,1030.5990355052434
3027330,433.37109186710256
3027331,98.17476140467174
3027332,137.56135516686777
3027333,6629.857261375815
3027334,69.20186902843784
3027335,0.945022108997528
3027336,47.877090175121225
3027337,34.16019536192648
3027338,0.29227982643609535
3027339,378.97186159309547
3027340,16.684301365668137
3027341,11.542723058219554
3027342,2.947667296643795
3027343,120.81530117083722
3027344,8.11155475846614
3027345,521.9774166996422
3027346,487.3509586951692
3027347,10.596019460203669
3027348,21.51863338229005
3027349,373.60103120285197
3027350,79.0289840415198
3027351,2743.566686769145
3027352,613.1392445043864
3027353,16.916127723405673
3027354,6.534432641084053
3027355,0.3746596287568338
3027356,5.8801864523017
3027357,4546.686187962091
3027358,0.34478517411403675
3027359,909.2523542343279
3027360,8.405789255674458
3027361,1462.563045107921
3027362,1706.954907313684
3027363,269.49547452650995
3027364,348.1596301698365
3027365,239.96460509228396
3027366,5612.660508795125
3027367,43.77020361728381
3027368,1.1402427306742626
3027369,27.97989420994301
3027370,35.70690957345704
3027371,0.37707013698771225
3027372,319.4753558613781
3027373,1.600222605184619
3027374,53.187879766938664
3027375,3.3655963315784025
3027376,135.37829705054006
3027377,8.442907805359708
3027378,602.0073691336023
3027379,323.3955200120166
3027380,18.38037893130195
3027381,9.533336623656844
3027382,741.019109095096
3027383,129.1993758649578
3027384,8559.824199468549
3027385,2.9056153767751383
3027386,43.99320751597018
3027387,8.211636935598555
3027388,0.2643726708227923
3027389,7.028816968505678
3027390,4376.5979176412375
3027391,0.25150115042634025
3027392,869.9220710793654
3027393,10.430687256082772
3027394,1585.9385860400698
3027395,1212.9643845428102
3027396,338.9420321032472
3027397,217.2577999214894
3027398,277.65180481515733
3027399,6060.863501451365
3027400,40.80050723691218
3027401,2.310981377768109
3027402,41.25427301486738
3027403,43.18250977134843
3027404,0.27866939194045587
3027405,336.10846752344276
3027406,5.590161224275926
3027407,54.8313385903533
3027408,6.211908174642469
3027409,220.13529680707313
3027410,8.139263561560025
3027411,442.739683003261
3027412,352.55982384259056
3027413,11.360119080090842
3027414,23.90960751639198
3027415,452.1456760841382
3027416,131.8318725211753
3027417,6920.116971003252
3027418,4.225009034472984
3027419,7.244932996598617
3027420,6.3133881881475125
3027421,0.17250346444048106
3027422,3.475758365940015
3027423,2003.3934453981067
3027424,0.14193217110065373
3027425,451.525120128366
3027426,5.997580051977016
3027427,902.2381577318365
3027428,509.5948023121918
3027429,209.64524972692678
3027430,86.20055157824301
3027431,99.25625010265186
3027432,2925.2450530216242
3027433,11.511008596868948
3027434,0.8313608945187236
3027435,21.54353779373285
3027436,20.726925858886567
3027437,0.1608510009645544
3027438,188.455214959542
3027439,3.413744264934841
3027440,13.357414072650508
3027441,4.860045153958895
3027442,64.69416459401502
3027443,2.683253224176171
3027444,242.5510765383411
3027445,225.06731106066204
3027446,3.3766681863085233
3027447,4.564421697154787
3027448,167.84927237817996
3027449,70.58662416298851
3027450,2902.9664115158535
3027451,1.506469457653747
3027452,3.7240843144321296
3027453,4.683915574456364
3027454,0.1555362088345388
3027455,0.5925732953275253
3027456,2256.811663030382
3027457,0.1134350116477633
3027458,187.38630982418533
3027459,2.9675624553569393
3027460,865.1947177351994
3027461,239.44129681285304
3027462,167.7163765997362
3027463,44.74815614920337
3027464,22.914974428614205
3027465,2624.2001495027243
3027466,6.278872243253558
3027467,0.5452090234129862
3027468,10.745677587081465
3027469,6.645811416514746
3027470,0.11179421403287508
3027471,163.5606457852986
3027472,0.10749968093211121
3027473,2.435625651953873
3027474,2.2572415414199676
3027475,17.98619630641222
3027476,0.5169329143749689
3027477,44.53701121390341
3027478,149.82208542898803
3027479,0.16171468538380215
3027480,1.1653728655324402
3027481,43.46292315801623
3027482,68.17461044833092
3027483,516.1290082002533
3027484,0.3653009928515978
3027485,1.0874429606544576
3027486,5.276907263377528
3027487,0.16524433283800072
3027488,5.203509103156677
3027489,2984.4909497993335
3027490,0.1987249007752851
3027491,521.865713078037
3027492,9.758674663112627
3027493,1060.1207328337953
3027494,863.2215922356465
3027495,301.2831979439526
3027496,156.36614814854477
3027497,121.79322449653019
3027498,4410.490849393926
3027499,27.631796162161635
3027500,0.6839237937313
3027501,20.019664662435186
3027502,39.39518140840782
3027503,0.2746563550873646
3027504,256.5381905766292
3027505,16.239945025807252
3027506,18.76854495221501
3027507,14.112556981228508
3027508,70.32576063432717
3027509,5.71803878490286
3027510,392.19134802065093
3027511,315.56398079455045
3027512,7.7958858108069204
3027513,11.60819121767711
3027514,426.3876356423254
3027515,82.77362005824158
3027516,3544.630411120483
3027517,3.6760772141323206
3027518,32.98696588452065
3027519,3.935522514559563
3027520,0.1961101258300819
3027521,5.011754369224879
3027522,3836.95676109797
3027523,0.19808970665285366
3027524,638.3321450621365
3027525,12.815532896991797
3027526,1069.1714555083452
3027527,1324.5212373292534
3027528,202.4539868962751
3027529,270.3829667030569
3027530,205.58224102568778
3027531,4152.968840932988
3027532,39.67832506041401
3027533,1.7861870056179423
3027534,23.826230699207258
3027535,30.989283240293545
3027536,0.6061424448388321
3027537,261.39008373854466
3027538,11.593337571195667
3027539,44.78481649510575
3027540,10.055841536239884
3027541,141.10899003597856
3027542,11.359550625614599
3027543,459.2212861210082
3027544,275.98080677459376
3027545,6.601028386916904
3027546,12.641410093137807
3027547,614.0072558483099
3027548,129.72261128458095
3027549,6846.684138165471
3027550,1.0199540982317659
3027551,42.502426287451314
3027552,3.328855080380898
3027553,0.4086804770119195
3027554,10.361051278630192
3027555,4141.239349644284
3027556,0.21580226857791504
3027557,763.288514534552
3027558,15.685089002842489
3027559,1159.5921130302318
3027560,1313.210329020944
3027561,264.96508720985906
3027562,285.83037241578717
3027563,156.94703161138068
3027564,4745.047209042064
3027565,33.96522111691545
3027566,2.3058256241853
3027567,33.80780299345546
3027568,50.882051928975734
3027569,0.36355377551763374
3027570,324.331067363371
3027571,23.776209111729877
3027572,42.13000678084268
3027573,18.848262148119737
3027574,127.18772362005716
3027575,16.093816547289034
3027576,389.2833196748017
3027577,313.90465506402626
3027578,16.41528221120227
3027579,17.37369156382178
3027580,530.8341301241912
3027581,148.1201685437499
3027582,6369.2537146029545
3027583,1.709661909102602
3027584,35.113180852178466
3027585,9.284582078351239
3027586,0.20757999045177597
3027587,6.625207571358064
3027588,2914.764339732074
3027589,0.15681073764065567
3027590,415.9018587229492
3027591,9.914229937688953
3027592,1314.7217501693628
3027593,783.4805280957338
3027594,427.6068348652639
3027595,162.60098479745173
3027596,83.94609152187711
3027597,5656.999383550548
3027598,7.133890613430252
3027599,0.8355910850338775
3027600,31.12421647673864
3027601,32.2398390940948
3027602,0.24295919691236503
3027603,339.20282683827224
3027604,5.34466968205434
3027605,3.3941645603278614
3027606,9.625688406206484
3027607,45.68755070594655
3027608,2.296757616952735
3027609,277.4035980561076
3027610,380.7369693686456
3027611,5.122785495644938
3027612,5.652156001032584
3027613,314.31450984123217
3027614,82.87872075585436
3027615,1323.5356162306584
3027616,110.50950936313832
3027617,11.994548813153996
3027618,4.145397756511504
3027619,0.2680764366299575
3027620,4.011305774669954
3027621,2177.7707297528846
3027622,0.3406070401979569
3027623,352.85694187404584
3027624,11.289606315608282
3027625,666.257231151714
3027626,672.149404986523
3027627,136.37025107167563
3027628,130.9710082278039
3027629,132.74793070604085
3027630,2701.5449229851097
3027631,18.583126141980745
3027632,1.0872448349008073
3027633,20.86899312138136
3027634,26.805967967405863
3027635,0.39389945015920125
3027636,181.39605383605002
3027637,12.031129925418771
3027638,15.985234034117445
3027639,5.908045904242832
3027640,77.71018445842317
3027641,5.698006361691314
3027642,286.81644916982725
3027643,184.43040249104683
3027644,3.4199127125568203
3027645,8.285668224709491
3027646,282.55822100056395
3027647,70.61186943627389
3027648,2248.1011686104157
3027649,2.577609625836858
3027650,22.618701948216778
3027651,1.1446158783117455
3027652,0.0972546142353027
3027653,0.8473179267997444
3027654,1311.2945541285487
3027655,0.08356354745312511
3027656,78.05180001164261
3027657,2.7880120200602536
3027658,697.5627749989346
3027659,250.13914838247743
3027660,203.8785537492439
3027661,28.13273044088839
3027662,27.692144771707103
3027663,2530.816848965085
3027664,2.962707508322436
3027665,0.23035017613308914
3027666,7.720149737589592
3027667,7.478712235144079
3027668,0.07974474024198201
3027669,137.58416849168432
3027670,2.2780025304913187
3027671,2.2998932987888456
3027672,1.1046115355862025
3027673,8.029845060337472
3027674,0.2120857882017601
3027675,244.1340271418616
3027676,164.17675566427758
3027677,0.4381451467365309
3027678,2.169881880122982
3027679,117.97359025366052
3027680,21.87790420036381
3027681,202.38175420177873
3027682,4.8490552528685225
3027683,0.7986629719279196
3027684,5.982530588080807
3027685,0.2056309151501841
3027686,4.602203972505453
3027687,4164.307858397445
3027688,0.18101948011890104
3027689,696.4412810956846
3027690,11.877672557283029
3027691,1661.1719207802653
3027692,631.0832666277561
3027693,464.3257149679999
3027694,214.0781974834916
3027695,74.6587282277385
3027696,7253.433865426789
3027697,21.937467800138432
3027698,0.5211696982959415
3027699,20.25945422945514
3027700,17.322791683440528
3027701,0.2421276755261464
3027702,474.4384679677506
3027703,5.576829965100693
3027704,1.612046972980317
3027705,6.59644396847668
3027706,27.238538930719944
3027707,1.2016650023351918
3027708,843.8014834851607
3027709,398.68014531661294
3027710,1.9566351795498795
3027711,11.575099671767779
3027712,358.08963736560065
3027713,102.10907607759887
3027714,1303.513434850123
3027715,40.46668056439755
3027716,6.1990364635220985
3027717,4.301690889380258
3027718,0.15720216538269438
3027719,0.7462673127239822
3027720,1557.041068622577
3027721,0.141624044843595
3027722,169.65769305977804
3027723,8.910195695673972
3027724,772.1426954892557
3027725,365.72800903386974
3027726,188.8890592985811
3027727,59.587790800822845
3027728,31.87245174865225
3027729,2948.7959523324375
3027730,5.838754940722506
3027731,0.2779503283402416
3027732,10.65969580771811
3027733,14.421028532430972
3027734,0.14993036157165185
3027735,157.80552214325442
3027736,4.842100471952413
3027737,4.906657201318486
3027738,8.434535029855292
3027739,22.953236447241718
3027740,0.8735095954126287
3027741,212.33455860888512
3027742,186.53740194742886
3027743,0.945728742168376
3027744,5.659242524912812
3027745,148.20297109260207
3027746,29.216433271245318
3027747,328.5180709835385
3027748,2.4793198719613776
3027749,1.6257758368447657
3027750,3.084096336905336
3027751,0.11460496857368366
3027752,2.093982962586338
3027753,1372.513922913725
3027754,0.1010249081011207
3027755,91.03724301820715
3027756,6.445267269353123
3027757,694.937866071568
3027758,221.85271327024893
3027759,119.88865053291903
3027760,31.933229082996963
3027761,25.99019443036547
3027762,2634.4539518861557
3027763,7.348358833282319
3027764,0.17631792097040935
3027765,8.533138103406372
3027766,7.204861522008888
3027767,0.10367945442513404
3027768,126.8524673774089
3027769,0.6011388812720718
3027770,3.342278439362497
3027771,1.3822070953795407
3027772,20.72888255335877
3027773,0.5136319130750632
3027774,194.47464666716974
3027775,174.68932596295343
3027776,0.3443000928113549
3027777,3.7428000669059056
3027778,78.95692253691361
3027779,16.5210892824107
3027780,163.51020473791525
3027781,11.301075432863191
3027782,0.8062822143707454
3027783,2.5732732713977122
3027784,0.14198635478940516
3027785,2.2290297370213947
3027786,1591.2796361919768
3027787,0.1240254297922211
3027788,147.24883332745446
3027789,7.483905631351302
3027790,903.6037857725936
3027791,363.3362343549733
3027792,210.27329733294016
3027793,29.764192557337726
3027794,34.28917519263389
3027795,2960.0957119608097
3027796,3.231053124556458
3027797,0.26472630118085383
3027798,8.696929700928136
3027799,16.36792397739053
3027800,0.13810727973428644
3027801,195.37444262444686
3027802,0.5673268841352931
3027803,4.726736029523595
3027804,2.21487392538692
3027805,10.838849050235382
3027806,1.1329748916805447
3027807,307.2705338073394
3027808,231.38066141060267
3027809,0.5255335446019788
3027810,3.828394113003156
3027811,75.53203731981536
3027812,87.114525804904
3027813,344.4597188546629
3027814,9.028911927447805
3027815,3.4021541638550303
3027816,2.709509988486624
3027817,0.3985637236283163
3027818,2.6372178152336625
3027819,1704.9329375910581
3027820,0.1508732569724751
3027821,168.50586970546146
3027822,2.87859422035763
3027823,929.5376237381803
3027824,351.118060445654
3027825,248.51905710669465
3027826,91.91401144039493
3027827,63.8275254710178
3027828,3079.2122748505203
3027829,5.4350734008042805
3027830,0.7311138124867222
3027831,11.610286868662888
3027832,16.313882828298073
3027833,0.1521494826102489
3027834,205.83107302961463
3027835,4.631074900638291
3027836,5.715280898020829
3027837,3.654439002818074
3027838,16.747210639688735
3027839,1.0709279341320206
3027840,175.36173098364694
3027841,198.70960673771552
3027842,0.5968310316705321
3027843,4.076469325389872
3027844,112.52432031215304
3027845,42.71974279606543
3027846,578.3171546005947
3027847,15.868252220065559
3027848,3.137097716959236
3027849,2.929635936588635
3027850,0.08814193431124415
3027851,1.5737900495827384
3027852,1155.5172778288982
3027853,0.06796956332192709
3027854,109.79837206779268
3027855,3.4568049367493523
3027856,654.53692648529
3027857,197.50010291719272
3027858,123.99025069326686
3027859,98.30383410289443
3027860,24.683214532799884
3027861,1736.4983875734772
3027862,2.7174657831796436
3027863,0.15606227102398484
3027864,6.512933187909483
3027865,10.423820258518386
3027866,0.07530191816235483
3027867,123.85100434374564
3027868,0.060858301557503415
3027869,2.28365205171757
3027870,1.591810153584995
3027871,13.985745846810874
3027872,0.664927332844699
3027873,51.824732261054315
3027874,115.05880978278157
3027875,0.5613370439261199
3027876,1.7397333747352146
3027877,51.93759664016753
3027878,26.51191627638919
3027879,381.2460135282514
3027880,0.2333082957587901
3027881,0.5202746342889838
3027882,5.634475630077109
3027883,0.2568253521952033
3027884,2.740447473490246
3027885,2652.8406139798517
3027886,0.14439695477205136
3027887,271.23983077600286
3027888,5.386121064047586
3027889,953.7111949888974
3027890,596.6303782941275
3027891,395.80436368480827
3027892,159.9209365490346
3027893,79.96364116582177
3027894,4105.482631471364
3027895,12.732306030496515
3027896,0.7633018064892444
3027897,17.524202153724804
3027898,20.922378875127134
3027899,0.1463387126997632
3027900,240.9754193799534
3027901,0.21349612056621478
3027902,6.169713270002762
3027903,11.367445244277596
3027904,21.709653139153968
3027905,2.7550650746770877
3027906,318.44822097440573
3027907,238.15718449016583
3027908,1.3306922469424645
3027909,6.653091387563374
3027910,289.2752184765427
3027911,52.043719910838824
3027912,1099.9738150549433
3027913,34.69191487251538
3027914,8.729672739196399
3027915,2.441063934844938
3027916,0.19489562688244141
3027917,3.663426089323849
3027918,1772.5807384261357
3027919,0.14984815154708955
3027920,445.6367950368511
3027921,6.4525070993652776
3027922,539.8771044175433
3027923,468.56241476069283
3027924,173.64138426151356
3027925,123.12000612432729
3027926,40.64962238460865
3027927,2649.79969239728
3027928,8.316188938676367
3027929,0.578990768527964
3027930,12.151375499257647
3027931,14.5090408181545
3027932,0.1786753533386135
3027933,152.7310156405124
3027934,5.109781698045167
3027935,2.2854092734748392
3027936,5.806745431893775
3027937,33.75355229537939
3027938,1.1882295588255587
3027939,158.62892078282258
3027940,134.82860831582633
3027941,2.4270975381520614
3027942,5.552895565408941
3027943,129.98637732775163
3027944,43.2378795128456
3027945,1239.5551498304949
3027946,43.61119148750971
3027947,7.516966149307405
3027948,4.443600856862738
3027949,0.2670441449426962
3027950,2.11286708007762
3027951,2221.9324332627493
3027952,0.1332570291280836
3027953,146.43706094590127
3027954,5.427369653871384
3027955,772.5936408651431
3027956,288.08734897037147
3027957,225.74078048565013
3027958,45.862472164942155
3027959,34.61088727884462
3027960,3069.664967146303
3027961,9.640652328037483
3027962,0.8053093586600313
3027963,10.791423796408258
3027964,10.458138878151098
3027965,0.14497307559028844
3027966,152.06460360066345
3027967,5.33237298545229
3027968,5.002069174937448
3027969,2.7700450146760565
3027970,20.728122284152946
3027971,1.6202631095807594
3027972,155.58217813350723
3027973,165.45550335988054
3027974,0.9427950043437527
3027975,3.8505332547516353
3027976,152.008555562847
3027977,20.414875149449777
3027978,389.74429685987525
3027979,7.593969401526104
3027980,3.3012362423552117
3027981,4.241787205442096
3027982,0.17360810560883577
3027983,6.666016625116482
3027984,2461.0602060096667
3027985,0.21128593416460723
3027986,531.468447326383
3027987,8.756369607478916
3027988,666.5395220958424
3027989,633.3536315800181
3027990,176.62834819769023
3027991,126.10075945985821
3027992,74.60081608727721
3027993,3293.5705546616573
3027994,26.135925363137137
3027995,0.8356660801488501
3027996,14.43095768423658
3027997,22.983492214882027
3027998,0.2611204615047031
3027999,189.7587475530583
3028000,13.253083924889228
3028001,11.369023854653738
3028002,7.4644172477315545
3028003,54.19390546922076
3028004,7.143671109918992
3028005,386.41471106685003
3028006,217.27514969596803
3028007,6.450333816382558
3028008,6.1084571298250365
3028009,333.1890027007659
3028010,84.03340295163622
3028011,1961.3064012574725
3028012,2.458662754630247
3028013,23.91265212849806
3028014,5.824572746529783
3028015,0.13914618591061262
3028016,4.344570198474559
3028017,3844.2602908648123
3028018,0.14785717734851966
3028019,432.9036938592121
3028020,6.093767788439166
3028021,1248.8939095707804
3028022,662.5203578825132
3028023,542.497530373587
3028024,81.76768464553307
3028025,76.85353858942003
3028026,5438.571316289319
3028027,10.628652750948385
3028028,0.46483580158565285
3028029,14.638772883116483
3028030,13.135930852988896
3028031,0.19211054750339707
3028032,296.6770966643019
3028033,0.837565900631425
3028034,4.640946292300612
3028035,4.2038434979974415
3028036,34.64967483275095
3028037,1.075039158260803
3028038,609.3077186548999
3028039,348.36146481684864
3028040,2.741991302669446
3028041,4.876869638533136
3028042,266.9310070443926
3028043,57.57200539276558
3028044,845.1793680487059
3028045,99.17077925801448
3028046,9.513640111679054
3028047,7.429678194134038
3028048,0.20138228173948125
3028049,3.2143436620685883
3028050,2383.2320789770997
3028051,0.14847755997690573
3028052,362.2449064058198
3028053,5.554025088578888
3028054,1067.4307938834936
3028055,467.7001133210019
3028056,241.312775742585
3028057,186.22750917575112
3028058,71.10346020439256
3028059,3392.8550949039013
3028060,10.8990761320052
3028061,0.42143174684073004
3028062,24.48846736334618
3028063,23.639578419020925
3028064,0.18955071698289577
3028065,253.94704044816834
3028066,2.0274341187601976
3028067,1.9658217834243958
3028068,6.517570965940119
3028069,50.82965420640996
3028070,1.0088747519643593
3028071,115.32558641092956
3028072,241.9241855650334
3028073,1.719939697047268
3028074,4.179736158093605
3028075,135.0143368525149
3028076,130.9691301140343
3028077,990.7993174784665
3028078,1.2189120021072837
3028079,2.928275317410667
3028080,3.53664501945739
3028081,0.14401574342812778
3028082,1.3273398552519966
3028083,1736.6421958124308
3028084,0.1377611997872786
3028085,119.31140066934583
3028086,5.6756264254661115
3028087,724.5697793917508
3028088,293.29393901500174
3028089,137.3393138943286
3028090,44.41643129782314
3028091,44.982078668646956
3028092,2677.799587034307
3028093,5.291674820836789
3028094,0.5190469521362943
3028095,16.801033923907188
3028096,15.48935170535628
3028097,0.14729507532334726
3028098,158.2637218908451
3028099,0.20096367355137415
3028100,3.6005457806308345
3028101,2.5637747584989454
3028102,39.89881087580373
3028103,1.6960195006895502
3028104,122.58339676246493
3028105,154.31578046484967
3028106,0.7685014194474463
3028107,4.144623997485048
3028108,117.6262931824418
3028109,24.457155339099877
3028110,405.8220365872052
3028111,20.508045295140317
3028112,1.0589428783885977
3028113,1.3099748244247986
3028114,0.14523116866792202
3028115,1.9826899925164485
3028116,1369.0889090912106
3028117,0.14596797929843758
3028118,242.44324683601954
3028119,7.26760359905193
3028120,477.8633576436505
3028121,437.9089878303644
3028122,124.1016990293344
3028123,40.51090705002097
3028124,57.32110615003502
3028125,2135.4325462160846
3028126,18.559298583243933
3028127,0.3815006128722041
3028128,8.381390302464272
3028129,11.692275571184085
3028130,0.17087204706107395
3028131,109.30631248892509
3028132,7.618648059461121
3028133,1.6697976370099483
3028134,5.80725879454142
3028135,36.983097944577665
3028136,2.8513417260131733
3028137,627.4906072716523
3028138,147.2477644875058
3028139,2.713256594259058
3028140,3.9213091198499144
3028141,261.7463016884406
3028142,26.64332973676766
3028143,959.0167564640692
3028144,0.8192060223573819
3028145,4.62556260250327
3028146,2.041468434219755
3028147,0.15135136928490656
3028148,4.470713688978262
3028149,3053.772875134661
3028150,0.17793427454877858
3028151,683.5838085337947
3028152,13.651272874337067
3028153,980.7679010326763
3028154,1095.1679313891473
3028155,243.8679426278674
3028156,191.13075087279415
3028157,150.6293846871855
3028158,3717.7531330968236
3028159,32.34055648192327
3028160,0.5891090494512866
3028161,17.496821701234325
3028162,29.133665257800764
3028163,0.2748747238546276
3028164,219.26021142540833
3028165,8.487660147036769
3028166,29.0481192269926
3028167,7.810524060615855
3028168,57.17694226058242
3028169,9.57064475105893
3028170,336.5668259053467
3028171,256.70717293551127
3028172,12.598247358586743
3028173,8.069619025214818
3028174,449.16541954876
3028175,93.28134991839019
3028176,3083.978612737886
3028177,1.7400519401271526
3028178,18.355134759912143
3028179,2.3051934112136467
3028180,0.15830132344358583
3028181,2.791278601017845
3028182,2122.8495306079
3028183,0.1998182044276885
3028184,435.46708141391366
3028185,6.147346206078852
3028186,468.4560430864628
3028187,606.320036887161
3028188,154.04966640278386
3028189,120.0435734677177
3028190,95.28088734635247
3028191,2098.7708609240053
3028192,17.90472579981379
3028193,0.73585122883769
3028194,15.32940548344368
3028195,16.649572442781473
3028196,0.20553774769659064
3028197,103.59285333541105
3028198,0.34224995891526094
3028199,17.96989239508296
3028200,3.6955348975654254
3028201,134.52357807439094
3028202,7.0419476532133025
3028203,196.03924382471624
3028204,127.2531665208819
3028205,3.917552658350779
3028206,5.609958327230753
3028207,182.41934750261362
3028208,37.689004612577
3028209,1631.3165639943288
3028210,1.0466166741098097
3028211,3.252261705420026
3028212,2.010778167389838
3028213,0.1210603736924717
3028214,1.3415522761043757
3028215,631.0224608097872
3028216,0.12032198951449095
3028217,175.3735392882172
3028218,3.115212647081887
3028219,222.06047698928234
3028220,180.27898171099
3028221,51.72783612268679
3028222,18.71621659093146
3028223,20.073167305059997
3028224,1167.9066744217375
3028225,2.7539103194953842
3028226,0.2976386578802389
3028227,7.007490157638104
3028228,6.622562758475112
3028229,0.14954884486094538
3028230,54.20708658294558
3028231,0.1179491347211241
3028232,3.9929421101775375
3028233,0.6508744439827082
3028234,11.755306380428026
3028235,0.1505290554650868
3028236,164.775216897006
3028237,88.92271822121374
3028238,1.0464937515857038
3028239,0.9215032783859367
3028240,79.23644895319092
3028241,11.75710685561786
3028242,309.5590576930519
3028243,0.848922925793832
3028244,1.2292589996744656
3028245,4.086471279206387
3028246,0.14821699839554553
3028247,2.4692636857252466
3028248,2498.432451841766
3028249,0.19149182432099482
3028250,504.27034659910686
3028251,11.774852751213809
3028252,668.9644789664956
3028253,783.7936053975221
3028254,226.3893852121259
3028255,179.9304169839542
3028256,101.1248579603854
3028257,3267.3064936295245
3028258,23.766465636158344
3028259,1.4224521270009458
3028260,14.47544721364672
3028261,24.519394240258265
3028262,0.21654014397428445
3028263,175.14332472940941
3028264,4.098164926709273
3028265,26.884306389803196
3028266,6.849584017315164
3028267,89.37643112934454
3028268,2.6064830522800246
3028269,223.6475617977787
3028270,198.31810744409597
3028271,7.862102339546179
3028272,7.656066890969418
3028273,295.7821321569372
3028274,62.233367410749985
3028275,2165.1872363223915
3028276,1.023514543308408
3028277,12.348291242822366
3028278,4.258750807139109
3028279,0.14816839253699338
3028280,1.9562911620737105
3028281,2959.754271501406
3028282,0.14660307874704326
3028283,509.0777299813942
3028284,11.624665512769385
3028285,975.7703538084788
3028286,697.0020239913164
3028287,302.4493591932735
3028288,183.2341065505411
3028289,58.72782870607839
3028290,4051.566743329029
3028291,12.059290554633295
3028292,0.495623753147334
3028293,21.928917914701348
3028294,16.423464916081688
3028295,0.45790013144640734
3028296,229.4842222543923
3028297,0.1778172286795242
3028298,4.088397350656923
3028299,3.5865432348666837
3028300,32.89459212521664
3028301,0.7663011024776909
3028302,302.319578468302
3028303,253.8934537380093
3028304,3.531600279553375
3028305,3.84427061115395
3028306,182.3563058697054
3028307,63.80169337518556
3028308,1395.590166971408
3028309,1.4237714458029718
3028310,2.6197490850225353
3028311,4.462687018603414
3028312,0.1803358469192561
3028313,1.9580080892719673
3028314,2739.424176965579
3028315,0.13034815207365194
3028316,553.1780499683229
3028317,9.113707617598823
3028318,826.1155098056972
3028319,559.1268142507516
3028320,239.51037510922706
3028321,167.37079749610905
3028322,61.82797173850466
3028323,3553.0618878914956
3028324,12.708596121331842
3028325,0.6815451672745216
3028326,18.87988489723379
3028327,16.28745458797437
3028328,0.14775135253677626
3028329,205.2113658683649
3028330,0.16247642297684287
3028331,4.780330361816554
3028332,3.4039785569922274
3028333,48.4521333424406
3028334,0.8248435661864874
3028335,150.33125810508352
3028336,196.92322779827234
3028337,2.897585413411007
3028338,3.1097929003551292
3028339,157.9177542248295
3028340,49.576418379908276
3028341,952.427819322576
3028342,1.45516820049215
3028343,3.68469956574508
3028344,7.6969111052528305
3028345,0.3712069717420507
3028346,12.923164237937593
3028347,6897.547174640237
3028348,0.374710857193047
3028349,1030.9537257457305
3028350,41.42790093005078
3028351,1595.506452747253
3028352,1740.8096328054703
3028353,309.0794515130801
3028354,380.7360428290022
3028355,273.5085172848908
3028356,7465.998860552789
3028357,69.22778070846728
3028358,1.894741299241466
3028359,40.55116287522602
3028360,50.621629814494526
3028361,0.503535183245592
3028362,393.5277160186943
3028363,30.060523242528852
3028364,38.22313278835635
3028365,26.215114278721387
3028366,153.51258278642996
3028367,23.129948174471753
3028368,606.6726702892846
3028369,439.9537148896429
3028370,16.13161218004221
3028371,22.416578771430476
3028372,907.749283767987
3028373,203.57073076792202
3028374,6304.586161621503
3028375,1.1275503394018196
3028376,64.9646294642316
3028377,2.522135315889469
3028378,0.14882999749540987
3028379,0.37582345466776396
3028380,1580.0170291552906
3028381,0.13982787426481527
3028382,172.06850889728054
3028383,3.9320034279933376
3028384,659.9866071675007
3028385,257.72582553193075
3028386,115.3881091991934
3028387,105.90749606930511
3028388,43.382968547376564
3028389,2519.0103649751863
3028390,4.242887293276866
3028391,0.26601091826762296
3028392,11.170506691000837
3028393,8.816807913991505
3028394,0.15325208732829923
3028395,190.04195731577155
3028396,0.437024587600832
3028397,3.2279987409085913
3028398,1.941949342156265
3028399,18.674596011670637
3028400,0.49579554505408274
3028401,153.0173833447916
3028402,93.98630217754211
3028403,1.1356096883053706
3028404,3.217479279993351
3028405,108.27841817320645
3028406,21.325572326025622
3028407,532.108098194069
3028408,1.1562423866484193
3028409,2.226693313821885
3028410,6.490404480535008
3028411,0.17514144935721454
3028412,0.9330268440410459
3028413,3064.527748480825
3028414,0.16418476415045222
3028415,508.58008985826325
3028416,8.241673200884192
3028417,1103.2247441102145
3028418,558.3954149859467
3028419,208.17210048702484
3028420,250.2716485051649
3028421,71.86598364489225
3028422,4300.970500468308
3028423,9.861897701560137
3028424,0.33613437056119966
3028425,16.849016508765
3028426,17.49374347592373
3028427,0.21573191940858163
3028428,253.96382143376326
3028429,0.46160997832249806
3028430,4.653808489710419
3028431,6.9467663073841575
3028432,13.494942704767006
3028433,0.9552947956011765
3028434,620.7511831063416
3028435,241.15736067886283
3028436,2.836487042080936
3028437,4.922457017674795
3028438,126.7604616060368
3028439,55.6004576361863
3028440,1096.0976416205765
3028441,1.5295117989616895
3028442,3.3490675108474646
3028443,1.207667946370613
3028444,0.1360395213684958
3028445,0.5340307641321863
3028446,1026.64915968645
3028447,0.12546203005639556
3028448,130.51156162628902
3028449,2.759207762033794
3028450,619.9331019595296
3028451,135.38555333793016
3028452,79.53284953746746
3028453,179.57503796826526
3028454,14.03566863602281
3028455,1800.0206673134244
3028456,0.9659098274551581
3028457,0.22258080056817425
3028458,6.4583139848913795
3028459,2.985851498653945
3028460,0.1360844438263312
3028461,77.53535620234865
3028462,0.12298206801104374
3028463,2.4611081606807894
3028464,0.5568120130887021
3028465,11.280566217376661
3028466,0.15853945844666065
3028467,113.97607623098193
3028468,80.04993745837263
3028469,0.4298108140627509
3028470,0.7366997077066414
3028471,39.76309505155963
3028472,8.613740707069251
3028473,177.59508244573655
3028474,0.9139566767558897
3028475,0.9085618817570928
3028476,10.132266012073455
3028477,0.13373123102626722
3028478,2.112355151316671
3028479,1948.6065827049947
3028480,0.11648770642861332
3028481,198.16727641548118
3028482,12.50161956515588
3028483,920.8719730808705
3028484,380.44738812333406
3028485,175.5741281667694
3028486,130.81862098896656
3028487,55.10891238649542
3028488,2871.9327830386846
3028489,3.2198131258916027
3028490,0.3720503689093183
3028491,30.99136330133397
3028492,19.399571441652032
3028493,0.13688395486803437
3028494,212.92908811970133
3028495,0.11241168946466978
3028496,2.493498584840675
3028497,15.9521748790584
3028498,31.941860436630787
3028499,2.688210981522153
3028500,322.56743218784777
3028501,223.61398135919728
3028502,2.909442323300845
3028503,3.375548530929688
3028504,188.57804079279285
3028505,25.992580417619013
3028506,1368.4544093099653
3028507,0.7882206378117891
3028508,1.2752959250111366
3028509,2.6981942955707034
3028510,0.17065672960633868
3028511,1.3608121378523534
3028512,2453.9747742708196
3028513,0.17599288548254466
3028514,605.8888627856004
3028515,7.915979708512932
3028516,863.4620218080458
3028517,559.0235493354276
3028518,207.48367655434856
3028519,87.07317689855316
3028520,58.33857881200454
3028521,4153.231051601061
3028522,6.007244632861532
3028523,1.8809559344262479
3028524,20.414562122733926
3028525,31.655916199961723
3028526,0.22775052691369846
3028527,187.17652808794332
3028528,0.7199707211613383
3028529,3.9865367812448578
3028530,2.795826733810703
3028531,21.39340365801922
3028532,1.554405246464902
3028533,241.084457542721
3028534,243.84664883735107
3028535,2.259754691048637
3028536,5.247848357709863
3028537,132.50969907454882
3028538,23.14059768702877
3028539,563.0626304565935
3028540,2.613641860003059
3028541,1.4888861187873523
3028542,2.8994456216619677
3028543,0.13931984356686
3028544,1.1394663129063636
3028545,1448.4829248736442
3028546,0.1280826499635943
3028547,91.90020106307881
3028548,1.7829251689725925
3028549,463.61150750767274
3028550,162.33468975326426
3028551,79.89814285428069
3028552,100.54197623699072
3028553,33.388376883718486
3028554,2133.3569071753363
3028555,4.321895349550754
3028556,0.4206912421154202
3028557,7.812149701998494
3028558,4.28392980904314
3028559,0.1358143652270043
3028560,93.38613533357568
3028561,0.12717088518487332
3028562,2.5020913806482366
3028563,0.5309692852458446
3028564,16.84618912103346
3028565,0.44688504602630147
3028566,301.0230076347669
3028567,80.46616712216908
3028568,0.5163033744821418
3028569,0.8665304029215867
3028570,55.91498793623474
3028571,14.306682226835372
3028572,353.52987766996165
3028573,0.5415282542092786
3028574,0.4598377501274624
3028575,3.180607241623782
3028576,0.122872022386566
3028577,0.54369992902294
3028578,2850.676677089173
3028579,0.12725946336638294
3028580,433.55939348106943
3028581,7.690521123647521
3028582,740.7575235007404
3028583,471.1246477063185
3028584,175.80920882968593
3028585,143.11106007623735
3028586,62.898304607198945
3028587,3360.516574578012
3028588,5.460750943758854
3028589,0.2676401322393933
3028590,16.026407446230323
3028591,9.175710507514976
3028592,0.14284036475187228
3028593,168.64925296748132
3028594,0.13121424243283306
3028595,18.552696052368592
3028596,2.4599822050510065
3028597,31.390787657183488
3028598,0.8083305954339493
3028599,362.5949632470529
3028600,177.66125281227295
3028601,2.1187004829558216
3028602,2.248834476638076
3028603,114.11902498435028
3028604,36.29232366302558
3028605,1090.1376391390322
3028606,0.9285830756615826
3028607,0.5207989023509021
3028608,2.867744230803753
3028609,0.16057226781126274
3028610,7.647908127388952
3028611,2708.752110024629
3028612,0.17264412101348828
3028613,532.8590936341582
3028614,6.783743654114986
3028615,865.674993326614
3028616,800.8709458702792
3028617,181.72745592068603
3028618,120.74269502071293
3028619,109.80562844197661
3028620,3767.95166554414
3028621,47.362052401429075
3028622,1.2361207211448153
3028623,24.78402795328754
3028624,27.314958951771928
3028625,0.22493235051732613
3028626,224.26212073479968
3028627,16.653726735726718
3028628,19.42340962212032
3028629,1.7968769177864214
3028630,80.9509159471069
3028631,8.328870815211538
3028632,229.01247694150948
3028633,283.05345911802186
3028634,11.03363222566884
3028635,11.894269672618906
3028636,234.4593715090845
3028637,74.69408874586922
3028638,2514.9380076548027
3028639,2.2156826208054237
3028640,9.055497957646812
3028641,4.64444442605754
3028642,0.14616322830489198
3028643,6.371301040831674
3028644,2058.0619958147463
3028645,0.14645310748603982
3028646,391.7769122874093
3028647,10.104373204315701
3028648,758.9451821349629
3028649,642.3674284005851
3028650,125.2841892424367
3028651,74.37775968494915
3028652,94.49596985221162
3028653,3335.146222411711
3028654,22.96001016813749
3028655,0.5958312994228634
3028656,29.66467039687475
3028657,28.415026059038382
3028658,0.16348285569623172
3028659,253.6923757805083
3028660,16.301640342760734
3028661,12.432887049706283
3028662,6.905810825700709
3028663,60.780902232525484
3028664,9.553386732497334
3028665,138.64874502014726
3028666,315.75901521922196
3028667,6.278003061682327
3028668,8.721156476144396
3028669,111.21456601076221
3028670,74.27122606530737
3028671,1772.3581468448574
3028672,1.0932352321340004
3028673,11.815940049999403
3028674,6.565129929756095
3028675,0.2012486582679024
3028676,2.9979613709183597
3028677,3311.8485662787584
3028678,0.21470389748888502
3028679,640.2490016809429
3028680,5.00505593689967
3028681,1482.623824260234
3028682,606.663193756839
3028683,175.95828266596402
3028684,329.498980464364
3028685,61.995745908981206
3028686,5169.588027874703
3028687,28.671025082396113
3028688,1.2506831515757222
3028689,21.565312012665085
3028690,17.819025578962574
3028691,0.23441454246070392
3028692,295.2499930291245
3028693,3.1897982608197326
3028694,10.825807688918909
3028695,9.984064427025386
3028696,38.945190351422475
3028697,2.7541180417844
3028698,249.59293573148705
3028699,300.4131785252918
3028700,6.348969749936866
3028701,8.175817169508624
3028702,215.61619248399452
3028703,48.862587782861745
3028704,1454.8029103678134
3028705,9.465057765827277
3028706,9.916764973123126
3028707,2.7490356893458863
3028708,0.18285268748449404
3028709,4.399475038931804
3028710,1966.7314199451557
3028711,0.13257824055554904
3028712,276.5857655320895
3028713,5.858338413194955
3028714,587.7835942925988
3028715,547.3316045784428
3028716,154.88087670526554
3028717,93.2960575717981
3028718,58.97897981649476
3028719,2749.9609947621257
3028720,16.69953917573269
3028721,0.6708534122150728
3028722,10.50866548634726
3028723,9.558391827478976
3028724,0.20974522297827505
3028725,149.73272785341808
3028726,11.021955343448115
3028727,13.270560145117518
3028728,1.6127685625786645
3028729,51.325539699013625
3028730,5.1212661370014985
3028731,247.16898278099043
3028732,189.39181389641445
3028733,4.465740268447363
3028734,5.693243544552801
3028735,256.4823198152846
3028736,34.53080969213789
3028737,1633.0973531203488
3028738,0.9775862993573594
3028739,16.37266281336948
3028740,2.580119310562908
3028741,0.1833305869517719
3028742,2.609266198842219
3028743,4309.5650506634165
3028744,0.14764217858149625
3028745,390.4001939689883
3028746,7.513752991284061
3028747,1544.9148626012422
3028748,545.8208485858927
3028749,229.60279544404497
3028750,148.33090331733231
3028751,56.33745623840343
3028752,5402.246301820256
3028753,7.883111950785944
3028754,1.0867798358494758
3028755,22.249567735287496
3028756,20.188141552878395
3028757,0.16141457649043808
3028758,363.3275574728827
3028759,0.16317140028281574
3028760,0.6209179991289544
3028761,6.383572385670378
3028762,22.21898918815496
3028763,1.2112684982973965
3028764,173.39414285848198
3028765,281.07318621585506
3028766,2.6048811503414178
3028767,8.303016856597216
3028768,164.06637383970045
3028769,51.366892355768925
3028770,991.7762490374276
3028771,1.1296157400240698
3028772,3.0413858231989566
3028773,5.651604010026257
3028774,0.17763157048863415
3028775,6.095095195398624
3028776,2017.2403697485427
3028777,0.15366250199004855
3028778,433.86782436261944
3028779,9.382291208937351
3028780,863.6862043766813
3028781,626.1631828100557
3028782,202.71070254964687
3028783,109.8949903480143
3028784,125.05724459539962
3028785,3433.4014259641517
3028786,26.810165686064504
3028787,0.7804745693130003
3028788,20.5358118538077
3028789,25.637720459335547
3028790,0.17171661424463222
3028791,196.59658990562227
3028792,11.584324632540765
3028793,11.3037713889496
3028794,5.9238949177631275
3028795,50.70110165028061
3028796,9.42843592335056
3028797,192.02905913724388
3028798,270.19648108876265
3028799,10.700099758845662
3028800,7.527668627113066
3028801,165.65455557713463
3028802,57.0321511988344
3028803,1763.382377875803
3028804,0.9249049145914375
3028805,4.320019876804952
3028806,3.131595378514946
3028807,0.2591964254248804
3028808,4.0676298954430425
3028809,2292.348535488077
3028810,0.19007553977102518
3028811,416.2091748706311
3028812,7.669152231925463
3028813,654.8284132932606
3028814,740.291292567234
3028815,167.11258368293923
3028816,117.27441338804319
3028817,100.57663432350549
3028818,3054.4301635403303
3028819,25.365056449129234
3028820,0.7813187389793564
3028821,18.71953170290921
3028822,19.590426751460722
3028823,0.23498182056369915
3028824,174.01876339465082
3028825,9.828565090054308
3028826,32.80679293446868
3028827,6.636932538957316
3028828,52.96399651206629
3028829,8.223242145270975
3028830,227.5246690893142
3028831,213.07147385708373
3028832,8.073698860586438
3028833,7.568950134756531
3028834,204.2531028539774
3028835,51.66221967859183
3028836,2163.469273335045
3028837,1.283110885540507
3028838,11.682427628238193
3028839,5.3870601619619585
3028840,0.15493353539385324
3028841,2.6794061813091394
3028842,4314.574304937225
3028843,0.12570752083817882
3028844,533.3898350297088
3028845,13.927410297883
3028846,1155.0271294034917
3028847,629.1729472603784
3028848,260.3850231780567
3028849,180.9518445096331
3028850,66.85023092652531
3028851,4706.577984519857
3028852,8.657402435930482
3028853,0.2382674457520866
3028854,14.343808722072767
3028855,18.273221800472193
3028856,0.1321527873807341
3028857,232.1557209380977
3028858,0.14484908602030833
3028859,6.535379672013146
3028860,1.235208151755792
3028861,53.08535615469224
3028862,2.019042697960596
3028863,303.4621638202274
3028864,285.48765228664644
3028865,2.450512767718598
3028866,1.7406541793662276
3028867,219.90434009991282
3028868,124.89689075820463
3028869,1151.048361279127
3028870,1.4401826235324247
3028871,0.3520518974701409
3028872,11.627240039569484
3028873,0.36574790251418066
3028874,14.464665604759523
3028875,8061.387597094095
3028876,0.2715832498447889
3028877,1371.2390320023032
3028878,23.49683419550432
3028879,2066.386796754208
3028880,2055.0086687890966
3028881,434.9443229546553
3028882,434.5013489695697
3028883,353.2953457153822
3028884,8733.412362158477
3028885,79.39710155932785
3028886,2.832606642512005
3028887,88.0351834636124
3028888,99.68349609623054
3028889,0.5154245470147205
3028890,505.47433497874374
3028891,32.40111110020609
3028892,20.66169995272079
3028893,49.879764494891255
3028894,253.76220469201033
3028895,19.864466743533075
3028896,695.975619868138
3028897,481.7217886418799
3028898,30.992798823767274
3028899,32.114240879905516
3028900,908.1607420788728
3028901,295.4854864206172
3028902,7654.911961267245
3028903,880.6581879541928
3028904,66.70545910307604
3028905,11.13392613220014
3028906,0.2830030669501353
3028907,12.745540048707076
3028908,8051.460536950851
3028909,0.2611894819329365
3028910,1067.4034247144643
3028911,26.032755461970876
3028912,2216.4367643081237
3028913,1889.3617249960037
3028914,598.156647175964
3028915,300.06919627787903
3028916,263.93783038233653
3028917,9841.76661013297
3028918,101.02458125811063
3028919,0.9373891113705392
3028920,55.35161313868108
3028921,72.0258859276765
3028922,0.579656805307947
3028923,519.8667493884323
3028924,27.004610850731115
3028925,28.010839260178695
3028926,21.243844541210755
3028927,195.39276240481743
3028928,16.03951741527279
3028929,950.9997775567509
3028930,629.1491934549917
3028931,20.266937665792593
3028932,24.98924812778474
3028933,1013.7745655376388
3028934,218.3532299970614
3028935,5781.496666659804
3028936,716.324757685318
3028937,65.17491927274664
3028938,9.259655897292689
3028939,0.19705002122906193
3028940,13.699820239650904
3028941,4646.463977205711
3028942,0.1998273798218306
3028943,734.8083450392562
3028944,11.7729167544469
3028945,1762.4518679800206
3028946,1180.629092446949
3028947,610.2863042646667
3028948,103.43635280911515
3028949,195.7140444036984
3028950,7627.002290144578
3028951,35.41132834938336
3028952,1.758257541603748
3028953,32.216342524341314
3028954,27.756192427493144
3028955,0.4549046996597961
3028956,449.91558221936435
3028957,29.581807959110037
3028958,17.5112860403431
3028959,13.976878413491939
3028960,104.27980106827147
3028961,7.888763030807311
3028962,756.3097152686612
3028963,567.4436332429137
3028964,17.149945117947727
3028965,33.41853758940227
3028966,558.3101572096866
3028967,107.15517483734865
3028968,2176.308270904805
3028969,523.0871173825986
3028970,35.55374667121391
3028971,11.232497725179742
3028972,0.23442406224091245
3028973,16.00407429707643
3028974,6786.5187985137545
3028975,0.22150320031547632
3028976,996.0831961414893
3028977,17.411533397467366
3028978,1864.9092861703132
3028979,1746.6023415297323
3028980,522.5766416661626
3028981,257.4318875556507
3028982,196.44135928163274
3028983,9102.2639464965
3028984,43.73359196011712
3028985,0.8663203310432479
3028986,56.28102911775477
3028987,64.35985016752679
3028988,0.6807555984239133
3028989,492.09413799472816
3028990,29.278204968306355
3028991,24.087657871084293
3028992,20.312330298760504
3028993,156.65318372807005
3028994,11.405795359438095
3028995,716.0674603412282
3028996,655.8662057872397
3028997,16.628218248083705
3028998,25.324397281522273
3028999,865.9602352099747
3029000,187.8920284543935
3029001,4861.2260499359245
3029002,794.4591573673764
3029003,55.20278907044658
3029004,8.961692613057158
3029005,0.18563781214111705
3029006,15.339547501301205
3029007,3886.0867892631645
3029008,0.14019449319031507
3029009,678.7073150265045
3029010,12.458859484517282
3029011,1644.8622989726625
3029012,952.1635253059485
3029013,494.95486515686184
3029014,80.77771721630839
3029015,149.14481840576667
3029016,6812.398076453453
3029017,34.54463987304954
3029018,0.3645257288967174
3029019,28.192151645567588
3029020,30.172938777757928
3029021,0.21095238302526598
3029022,398.03600140155027
3029023,28.683538078936852
3029024,8.574811272685395
3029025,8.716687095316008
3029026,82.65104233274924
3029027,4.403105706742056
3029028,636.3879583082371
3029029,567.7638968065678
3029030,12.882773660133946
3029031,19.05316238051066
3029032,603.4894484495946
3029033,73.47136029704102
3029034,1512.4854812308308
3029035,601.1346697835398
3029036,17.27746095125336
3029037,9.330567440659594
3029038,0.2606020313835286
3029039,11.438595964827975
3029040,5675.189754336077
3029041,0.2491117430377932
3029042,989.5562884503921
3029043,23.028651038680746
3029044,1597.9618955976612
3029045,1847.089210798415
3029046,367.0142709797207
3029047,361.00000216202034
3029048,271.95597297331227
3029049,6923.70970412398
3029050,63.84869134214895
3029051,0.9336730703280711
3029052,45.32300436606329
3029053,48.673239896483125
3029054,0.5160456472987438
3029055,378.9047213098663
3029056,17.823469389697063
3029057,23.8984455058464
3029058,11.715212438515318
3029059,171.10354403173056
3029060,14.023182008802705
3029061,679.1637805032093
3029062,458.5217664082148
3029063,15.600512732149236
3029064,25.540560151103186
3029065,772.7868192291534
3029066,182.4152418385744
3029067,6036.995588669403
3029068,381.16100043000455
3029069,63.20104451193608
3029070,4.707880465646926
3029071,0.23312325550618648
3029072,5.578715239180369
3029073,1633.0405259509785
3029074,0.26443160348545297
3029075,316.95599014891036
3029076,20.873379625611996
3029077,727.1532979341121
3029078,483.66522698080104
3029079,202.63489074457266
3029080,63.29722399834668
3029081,76.32000241982298
3029082,2791.741346270244
3029083,24.692416167617843
3029084,0.7942586926420222
3029085,21.51001631905025
3029086,19.421536103224106
3029087,0.2907494779741571
3029088,156.80402434793092
3029089,8.518761363595754
3029090,6.3963519713154815
3029091,8.410299031514203
3029092,46.56364669576652
3029093,6.493776414107996
3029094,220.062193090119
3029095,212.57730967675965
3029096,2.419101844727814
3029097,6.300706744186353
3029098,191.23010060423462
3029099,55.730878965888614
3029100,1329.4860499872502
3029101,0.9285825599682669
3029102,8.120629107274548
3029103,8.148265832287308
3029104,0.24152164887954972
3029105,10.586109830670281
3029106,3902.504856930086
3029107,0.22591852665944825
3029108,535.0901673612549
3029109,30.706564999398875
3029110,1438.2159266040596
3029111,990.6850504959355
3029112,413.38928508308067
3029113,89.34114372973
3029114,166.16393842585853
3029115,6338.972585452865
3029116,68.59165055146823
3029117,0.8898621334969434
3029118,46.843055700456915
3029119,35.450662248475204
3029120,0.27442981308934455
3029121,313.54207505520276
3029122,18.026082150326406
3029123,8.578010335058186
3029124,2.6252195062166974
3029125,100.18410423108662
3029126,7.5941406758450904
3029127,486.4080619560845
3029128,454.5319619510215
3029129,10.821622421051531
3029130,20.156870107118053
3029131,337.98711552787444
3029132,77.90072825980494
3029133,1946.2150998245838
3029134,552.1543934644064
3029135,15.357914472996947
3029136,6.309068894797851
3029137,0.22854975450005802
3029138,4.174124288083199
3029139,3805.8784626671318
3029140,0.2162440309478475
3029141,727.3737529330698
3029142,8.611622639590271
3029143,1118.470032283766
3029144,1373.4244082519133
3029145,217.92290578671154
3029146,261.09081742431346
3029147,204.21679380769268
3029148,4624.011869812916
3029149,37.53977970849111
3029150,0.9717452559239487
3029151,23.808812661653203
3029152,32.00538167782339
3029153,0.2553395716270061
3029154,225.3935602057743
3029155,1.6215921401587694
3029156,40.82566935468555
3029157,3.117890700414503
3029158,96.70912454269981
3029159,7.903337647007599
3029160,485.0586548186226
3029161,239.77205515621714
3029162,14.99651446281902
3029163,8.8053622732312
3029164,606.0047012632875
3029165,108.89798409373816
3029166,4651.013970910449
3029167,2.3037575073508707
3029168,35.67637284299937
3029169,8.166595677824226
3029170,0.22898812570687932
3029171,6.328913160215855
3029172,3976.5267333318716
3029173,0.24254070896907956
3029174,779.6632463889687
3029175,10.745737923970225
3029176,1451.0576345104027
3029177,1083.8662410792763
3029178,318.79318762037184
3029179,184.53731048818452
3029180,294.0843145925321
3029181,5410.128433870972
3029182,38.97423438472448
3029183,2.172646131733663
3029184,38.0394202636202
3029185,36.554578341820296
3029186,0.23756697670146976
3029187,297.44578358966794
3029188,5.960857961222645
3029189,45.6847767435526
3029190,6.53040344952218
3029191,177.63878468191052
3029192,7.828379001318202
3029193,412.3417111061138
3029194,316.71231200314764
3029195,11.442552664563859
3029196,22.56867706874159
3029197,393.3639423861834
3029198,113.16716949424729
3029199,4262.831814681502
3029200,3.5231379128133193
3029201,7.254187705596084
3029202,6.059320122735745
3029203,0.1506498103637998
3029204,2.372236088447852
3029205,1758.8781618851501
3029206,0.12905299437770815
3029207,405.509094973589
3029208,7.141116388338688
3029209,725.1541230503295
3029210,401.04851033422807
3029211,190.31385115475047
3029212,69.02583665745685
3029213,89.55915826103796
3029214,2613.8013198223484
3029215,10.853080383274667
3029216,0.79298637167736
3029217,19.749437275312598
3029218,18.95729225132066
3029219,0.14527758441977215
3029220,145.20838987944552
3029221,3.135272347968902
3029222,8.005184563722867
3029223,4.5898113129647164
3029224,51.912121190705236
3029225,2.6439712376008577
3029226,205.71515739643144
3029227,200.01622879414035
3029228,3.1715735488714367
3029229,4.119443834689834
3029230,135.91891054576084
3029231,48.1581521653837
3029232,1524.589589401058
3029233,1.0260741103435358
3029234,2.533427902394839
3029235,4.621732300428068
3029236,0.14789916982617976
3029237,0.6153427037778846
3029238,2224.890571873505
3029239,0.10792252134980372
3029240,174.74742403419182
3029241,3.4044586674061525
3029242,833.128038527387
3029243,190.61595942014216
3029244,162.63810089467376
3029245,53.22530274705143
3029246,27.375696479532678
3029247,2576.6421823550136
3029248,6.216126900673542
3029249,0.442620598257708
3029250,11.104409971496429
3029251,8.303503094081364
3029252,0.10397685746441587
3029253,161.88625302922776
3029254,0.10957863495638194
3029255,2.2109092719787085
3029256,2.389677972314569
3029257,12.673024823455709
3029258,0.5378814244706893
3029259,55.99339342619728
3029260,152.14169067735
3029261,0.1629427249419391
3029262,1.1973463216736422
3029263,50.513351123101565
3029264,63.582207858350685
3029265,467.85838646978067
3029266,0.9656746088031786
3029267,1.0381390085174276
3029268,4.673834206680484
3029269,0.14929304954885184
3029270,5.475721598857657
3029271,2697.791990990683
3029272,0.19871724021082648
3029273,452.29390713901074
3029274,9.937109818024648
3029275,908.4490607416336
3029276,757.814310252534
3029277,254.7222548381462
3029278,126.61375541469303
3029279,104.62658918625772
3029280,4001.0652506793163
3029281,25.969025411496492
3029282,0.6134868198034934
3029283,18.5041947429492
3029284,35.96873676411413
3029285,0.23760982344030543
3029286,222.23187482825512
3029287,14.651671695057482
3029288,12.867232252455032
3029289,12.493287780006726
3029290,62.51679945457671
3029291,5.428473818600571
3029292,346.5688846695835
3029293,275.3545953444061
3029294,7.22683241487368
3029295,11.388115104161615
3029296,387.78718441773367
3029297,73.56026664010167
3029298,2024.9960248416605
3029299,2.460053840315245
3029300,25.94036798594463
3029301,3.426959104629004
3029302,0.14388604569605165
3029303,5.480048498599201
3029304,3305.6379678375874
3029305,0.15687733881353783
3029306,573.3236938516135
3029307,13.528986941527593
3029308,891.8819499118192
3029309,1087.0182506011136
3029310,160.22784665040052
3029311,221.2682806096158
3029312,167.46592155120436
3029313,3545.591561159319
3029314,29.39799587556968
3029315,1.4846380719146197
3029316,23.24498477533528
3029317,27.686808307939128
3029318,0.49493062091086876
3029319,191.69811036807292
3029320,9.815799675780466
3029321,30.909954304935905
3029322,8.402343861481942
3029323,102.73864630607959
3029324,10.07522189136942
3029325,385.7886693860025
3029326,212.33540887391456
3029327,6.061535823859345
3029328,11.57613033137197
3029329,523.2906147348424
3029330,112.35422544105903
3029331,4190.966083477634
3029332,1.030704655747257
3029333,30.180036615308452
3029334,3.0476571116026427
3029335,0.35044843098267575
3029336,9.1541793901742
3029337,3775.565599200024
3029338,0.21004852692418394
3029339,698.5412519716316
3029340,18.119624654896583
3029341,977.6456235425402
3029342,1173.2972840337745
3029343,236.30536280757642
3029344,239.85873405025214
3029345,123.65489764524524
3029346,4308.38259794687
3029347,31.20709671676081
3029348,1.9451061643261294
3029349,27.529119804688438
3029350,39.02476045505383
3029351,0.30003396290538775
3029352,250.6971766414956
3029353,21.644303036802498
3029354,26.894738133731206
3029355,20.751017987010282
3029356,108.71174107575098
3029357,14.746956465128925
3029358,370.37635438542253
3029359,278.10129640109426
3029360,14.894227349692557
3029361,15.791559552878164
3029362,452.4420029818319
3029363,130.56721712443732
3029364,3714.817578437382
3029365,1.728207255047543
3029366,28.15629438752971
3029367,9.649126985755004
3029368,0.17786995430852448
3029369,6.9420644008812085
3029370,3046.4889776184327
3029371,0.1623023002710301
3029372,425.54959448982896
3029373,11.436449130458945
3029374,1381.6548315691534
3029375,672.7350628826625
3029376,468.5387948936569
3029377,158.0442039264295
3029378,88.8555086310387
3029379,6085.781753245352
3029380,8.93248813203269
3029381,0.9499269030437973
3029382,32.66619195251314
3029383,34.062082024865255
3029384,0.24700940589807793
3029385,358.1956280330202
3029386,6.005836481568191
3029387,3.8691662407276013
3029388,9.32464081102506
3029389,35.13484158550089
3029390,2.5651814291792023
3029391,481.33659187233354
3029392,407.5432861854118
3029393,5.745980667901357
3029394,6.158373522281905
3029395,329.1559324245639
3029396,85.53720591633578
3029397,1290.4087002958713
3029398,170.37280776879967
3029399,11.49990723739601
